bin_index,start,end,length,gene,locus_tag,original_contig,strand,coverage_max,coverage_min,coverage_mean,coverage_sd,coverage_median,coverage_q1,coverage_q3,entropy_max,entropy_min,entropy_mean,entropy_sd,entropy_median,entropy_q1,entropy_q3,total_snp_count,mge_id
1,1,516,516,non-cds,non-cds,contig_1,.,2836,2834,2835.7480620155,0.559556103567652,2836,2836,2836,0.693147180559945,0,0.00984774696729913,0.0646783766356316,0,0,0,7888,non-mge
2,517,1878,1362,chromosomal replication initiator protein DnaA,PANCAC_00001,contig_1,+,2836,2835,2835.9684287812,0.17491981492816,2836,2836,2836,0.689877031364027,0,0.00583464676259828,0.0524870023992959,0,0,0,10659,non-mge
3,1879,2155,277,non-cds,non-cds,contig_1,.,2836,2811,2827.65342960289,6.75468952554533,2831,2824,2831,0.567898000008455,0,0.0144995470492923,0.0740890760163521,0,0,0,3923,non-mge
4,2156,3289,1134,DNA polymerase III subunit beta,PANCAC_00002,contig_1,+,2836,2826,2835.80952380952,0.69727571177566,2836,2836,2836,0.68201460767006,0,0.00655062022120296,0.0548816576590543,0,0,0,8625,non-mge
5,3290,3678,389,non-cds,non-cds,contig_1,.,2836,2826,2833.50385604113,2.23101625862134,2835,2833,2835,0.613991815574095,0,0.0136855435408079,0.0719354169676343,0,0,0,6785,non-mge
6,3679,3915,237,S4 domain-containing protein YaaA,PANCAC_00003,contig_1,+,2836,2836,2836,0,2836,2836,2836,0.0943101389140084,0,0.000582151307367305,0.00627664086774108,0,0,0,70,non-mge
7,3912,5024,1113,DNA replication/repair protein RecF,PANCAC_00004,contig_1,+,2836,2835,2835.91105121294,0.284797779578027,2836,2836,2836,0.530324534488786,0,0.00441063089231109,0.0385174363503906,0,0,0,4432,non-mge
8,5025,5033,9,non-cds,non-cds,contig_1,.,2835,2835,2835,0,2835,2835,2835,0,0,0,0,0,0,0,0,non-mge
9,5034,6968,1935,DNA topoisomerase (ATP-hydrolyzing) subunit B,PANCAC_00005,contig_1,+,2836,2833,2835.74366925065,0.643502224460356,2836,2836,2836,0.687548482476905,0,0.00561092420558709,0.0467432207364719,0,0,0,11316,non-mge
10,6969,7004,36,non-cds,non-cds,contig_1,.,2836,2836,2836,0,2836,2836,2836,0.0151470613380297,0,0.000420751703834157,0.00252451022300494,0,0,0,6,non-mge
11,7005,9668,2664,DNA gyrase subunit A GyrA,PANCAC_00006,contig_1,+,2836,2666,2835.67304804805,6.58803934638632,2836,2836,2836,0.693031755746422,0,0.00705025542415292,0.0516192702277149,0,0,0,20812,non-mge
12,9669,9754,86,non-cds,non-cds,contig_1,.,2834,2597,2746.66279069767,104.247286376319,2829,2642,2833,0.862395670927519,0,0.0137963118787248,0.098430380298388,0,0,0,1183,non-mge
13,9755,10567,813,ADP-dependent (S)-NAD(P)H-hydrate dehydratase,PANCAC_00007,contig_1,-,2836,2833,2835.84624846248,0.52496898549087,2836,2836,2836,0.690718987639877,0,0.00978160824071489,0.0682851864263806,0,0,0,10478,non-mge
14,10568,10892,325,non-cds,non-cds,contig_1,.,2834,2824,2831.04615384615,2.67724043266252,2832,2830,2833,0.547902948577904,0,0.00944080218255335,0.0593712914371834,0,0,0,2974,non-mge
15,10893,12407,1515,histidine ammonia-lyase,PANCAC_00008,contig_1,+,2836,2833,2835.89570957096,0.391050909573106,2836,2836,2836,0.692872389529536,0,0.0077676726644364,0.055899539062683,0,0,0,14565,non-mge
16,12408,12785,378,non-cds,non-cds,contig_1,.,2836,2831,2835.01058201058,1.44387269543767,2836,2834,2836,0.617007115483595,0,0.00663479742506475,0.0497530125566028,0,0,0,2493,non-mge
17,12786,14072,1287,serine--tRNA ligase,PANCAC_00009,contig_1,+,2836,2835,2835.99689199689,0.0556844027708857,2836,2836,2836,0.68857787189062,0,0.0048324213490525,0.0427555402395989,0,0,0,7584,non-mge
18,14073,14721,649,non-cds,non-cds,contig_1,.,2836,2835,2835.69953775039,0.458812647226303,2836,2835,2836,0.673296172825008,0,0.00957331161996553,0.0588015877325011,0,0,0,7976,non-mge
19,14722,15417,696,Branched-chain amino acid ABC transporter permease,PANCAC_00010,contig_1,+,2836,2833,2835.8132183908,0.673996339682862,2836,2836,2836,0.692466051517692,0,0.0110925754647142,0.0679994044842469,0,0,0,10007,non-mge
20,15414,15743,330,AzlD domain-containing protein,PANCAC_00011,contig_1,+,2836,2836,2836,0,2836,2836,2836,0.600960649699667,0,0.0122593419750121,0.0720369327230402,0,0,0,4246,non-mge
21,15744,16105,362,non-cds,non-cds,contig_1,.,2836,2834,2835.61049723757,0.618460492577153,2836,2835,2836,0.285931992092996,0,0.00178588542454071,0.0158309786741227,0,0,0,385,non-mge
22,16106,17074,969,Alpha/beta fold hydrolase,PANCAC_00012,contig_1,+,2836,2833,2835.88957688338,0.492909148043938,2836,2836,2836,0.708124913434274,0,0.00981453837945308,0.060628126414733,0,0,0,10700,non-mge
23,17075,17379,305,non-cds,non-cds,contig_1,.,2835,2833,2834.38032786885,0.567432952256298,2834,2834,2835,0.678785349201758,0,0.0139714765876513,0.0792348855791607,0,0,0,5461,non-mge
24,17380,18303,924,DUF2232 domain-containing protein,PANCAC_00013,contig_1,+,2836,2835,2835.73268398268,0.44279833057874,2836,2835,2836,0.692999010078929,0,0.00881330641724209,0.0634296521875362,0,0,0,10153,non-mge
25,18304,18317,14,non-cds,non-cds,contig_1,.,2836,2836,2836,0,2836,2836,2836,0.00315683274376661,0,0.000225488053126187,0.000843699039608871,0,0,0,1,non-mge
26,18318,20285,1968,cyclic-di-AMP phosphodiesterase GdpP,PANCAC_00014,contig_1,+,2836,2835,2835.95731707317,0.20219265044361,2836,2836,2836,0.693147180559945,0,0.00806118226940773,0.0607669142959127,0,0,0,20721,non-mge
27,20282,20734,453,50S ribosomal protein L9,PANCAC_00015,contig_1,+,2836,2836,2836,0,2836,2836,2836,0.695590023390724,0,0.00781301552033452,0.0573147045721548,0,0,0,4886,non-mge
28,20735,20765,31,non-cds,non-cds,contig_1,.,2836,2835,2835.54838709677,0.505879411020674,2836,2835,2836,0.00582454957683332,0,0.000187888696026881,0.00104611998591707,0,0,0,2,non-mge
29,20766,22166,1401,replicative DNA helicase,PANCAC_00016,contig_1,+,2836,2836,2836,0,2836,2836,2836,0.689756189880478,0,0.0100278550691797,0.0725932949224116,0,0,0,25679,non-mge
30,22167,22443,277,non-cds,non-cds,contig_1,.,2836,2836,2836,0,2836,2836,2836,0.658978107868176,0,0.0133236044784582,0.0777858164480599,0,0,0,4137,non-mge
31,22444,23727,1284,adenylosuccinate synthase,PANCAC_00017,contig_1,+,2836,2832,2835.78271028037,0.625750472721285,2836,2836,2836,0.690227448291566,0,0.00832043888409676,0.0561545119825986,0,0,0,12600,non-mge
32,23728,24930,1203,non-cds,non-cds,contig_1,.,2836,2172,2726.7497921862,180.104521528699,2828,2780,2833,0.686658484938544,0,0.00834248344633013,0.0616335054406653,0,0,0,12917,non-mge
33,24931,25632,702,response regulator YycF,PANCAC_00020,contig_1,+,2836,2835,2835.85897435897,0.348296161584786,2836,2836,2836,0.675466793884627,0,0.00772237531454084,0.0591775998164916,0,0,0,6699,non-mge
34,25633,25644,12,non-cds,non-cds,contig_1,.,2836,2836,2836,0,2836,2836,2836,0,0,0,0,0,0,0,0,non-mge
35,25645,27471,1827,cell wall metabolism sensor histidine kinase WalK,PANCAC_00021,contig_1,+,2836,2835,2835.89874110564,0.301753822527848,2836,2836,2836,0.884468275005925,0,0.00805987157093109,0.0594488511248055,0,0,0,19126,non-mge
36,27464,28798,1335,Regulatory protein YycH domain-containing protein,PANCAC_00022,contig_1,+,2836,2835,2835.9265917603,0.260903160487653,2836,2836,2836,0.855732974355731,0,0.0104557445735645,0.0740108297698547,0,0,0,19522,non-mge
37,28799,29587,789,Regulatory protein YycH-like domain-containing protein,PANCAC_00023,contig_1,+,2836,2835,2835.9721166033,0.164743167565498,2836,2836,2836,0.725528027671963,0,0.0105482738705741,0.0725100750690131,0,0,0,11038,non-mge
38,29588,29976,389,non-cds,non-cds,contig_1,.,2836,2829,2834.21336760925,2.10625632149431,2835,2832,2836,0.528502145201357,0,0.00674815454828727,0.0487298350011061,0,0,0,2448,non-mge
39,29977,30777,801,Metallo-beta-lactamase domain-containing protein,PANCAC_00024,contig_1,+,2836,2831,2835.37453183521,1.25680171936458,2836,2835,2836,0.692861782831981,0,0.00859585339816472,0.0624189992856812,0,0,0,12581,non-mge
40,30778,31004,227,non-cds,non-cds,contig_1,.,2836,2832,2834.67841409692,0.824203098828791,2835,2835,2835,0.471479615404255,0,0.0076129140439155,0.0471544469084433,0,0,0,1454,non-mge
41,31005,33323,2319,LPXTG-anchored adenosine synthase AdsA,PANCAC_00025,contig_1,+,2836,2833,2835.71151358344,0.669823675600048,2836,2836,2836,0.864028692772134,0,0.0122762882454672,0.0753218994326319,0,0,0,38504,non-mge
42,33324,33690,367,non-cds,non-cds,contig_1,.,2836,2832,2835.41416893733,1.11747950376173,2836,2835,2836,0.688884632186936,0,0.0122348045122052,0.0742707065916649,0,0,0,5793,non-mge
43,33691,34170,480,23S rRNA (pseudouridine(1915)-N(3))-methyltransferase RlmH,PANCAC_00026,contig_1,+,2836,1164,2825.575,109.90306318997,2836,2835,2836,0.661922547463376,0,0.0123540472139731,0.0701772776962609,0,0,0,7874,1
44,34171,34711,541,non-cds,non-cds,contig_1,.,1141,850,871.746765249538,35.447830912044,869,863,870,0.035759436416266,0,0.00021106604359253,0.0023604381776634,0,0,0,15,1
45,34712,36457,1746,TIGR04141 family sporadically distributed protein,PANCAC_00027,contig_1,+,879,858,873.154639175258,3.6519216139336,874,871,876,0.688010101682002,0,0.00140986919275917,0.0243169566317642,0,0,0,952,1
46,36458,36550,93,non-cds,non-cds,contig_1,.,2822,874,2344.54838709677,533.614082911111,2415,2135,2769,0.00406069310846958,0,7.83365116826179e-05,0.000534836271366454,0,0,0,2,1
47,36551,37003,453,putative tRNA-dihydrouridine synthase,PANCAC_00028,contig_1,-,2824,2589,2647.39735099338,95.6848218146985,2596,2594,2599,0.016343200939227,0,8.23533471315794e-05,0.000914909964775468,0,0,0,13,non-mge
48,37004,37217,214,non-cds,non-cds,contig_1,.,1084,1066,1079.44392523364,3.98402155022957,1079,1076,1084,0.68270990542402,0,0.00543093959009673,0.0519148059789777,0,0,0,600,2
49,37218,37973,756,putative membrane transporter protein,PANCAC_00029,contig_1,-,1090,1078,1085.92195767196,3.42495622878116,1086,1084,1089,0.637147032472911,0,0.00384796016067869,0.0384448887095432,0,0,0,1113,2
50,37973,38233,261,persulfide-sensing transcriptional repressor CstR,PANCAC_00030,contig_1,-,1090,1087,1088.83524904215,0.607376796029325,1089,1089,1089,0.622184712386445,0,0.00474196945451069,0.0435848811176999,0,0,0,504,2
51,38234,38369,136,non-cds,non-cds,contig_1,.,1090,1086,1087.66911764706,0.750852819417371,1088,1087,1088,0.366185997576887,0,0.00991941261751818,0.0450529349047116,0,0,0,374,2
52,38370,39437,1068,persulfide response sulfurtransferase CstA,PANCAC_00031,contig_1,+,1094,1085,1088.55711610487,2.09464795690302,1089,1087,1089,0.693147180559945,0,0.0044785203992903,0.0445666905773027,0,0,0,2280,2
53,39438,39467,30,non-cds,non-cds,contig_1,.,1093,1093,1093,0,1093,1093,1093,0.0914093641399353,0,0.00304697880466451,0.0166889902355488,0,0,0,20,2
54,39468,40802,1335,persulfide dioxygenase-sulfurtransferase CstB,PANCAC_00032,contig_1,+,1093,1085,1089.81573033708,2.55004919006578,1090,1088,1092,0.668431136824294,0,0.00259071135350293,0.0246830132057004,0,0,0,2149,2
55,40803,40820,18,non-cds,non-cds,contig_1,.,1089,1089,1089,0,1089,1089,1089,0,0,0,0,0,0,0,0,2
56,40821,42014,1194,type II sulfide:quinone oxidoreductase Sqr,PANCAC_00033,contig_1,+,1089,1082,1086.06197654941,1.50701453905001,1086,1085,1087,0.692405263917969,0,0.00490986806324762,0.0434980229182295,0,0,0,2251,2
57,42015,42680,666,non-cds,non-cds,contig_1,.,2738,1068,1117.83183183183,234.778120066378,1085,1084,1086,0.4652021634856,0,0.00621292653502095,0.0444864701605426,0,0,0,1373,2
58,42681,43667,987,putative tRNA-dihydrouridine synthase,PANCAC_00034,contig_1,-,2833,2818,2828.93211752786,4.72836718773355,2832,2825,2833,0.693147180559945,0,0.00923591508891228,0.0680034393360807,0,0,0,12775,non-mge
59,43668,44227,560,non-cds,non-cds,contig_1,.,2833,2825,2831.01964285714,1.93950730911115,2832,2830,2832,0.676537221931396,0,0.0081179234461846,0.0617620165373852,0,0,0,5338,non-mge
60,44228,44524,297,TfoX N-terminal domain-containing protein,PANCAC_00035,contig_1,+,2832,1633,2815.76430976431,138.429188426394,2832,2832,2832,0.209250272540272,0,0.00465611299483292,0.0252881893343445,0,0,0,870,3
61,44525,44595,71,non-cds,non-cds,contig_1,.,1619,1429,1476.61971830986,81.126773138832,1430,1430,1522,0.1381991409917,0,0.0027576609207337,0.0174343433323604,0,0,0,64,3
62,44596,45816,1221,Major facilitator superfamily (MFS) profile domain-containing protein,PANCAC_00036,contig_1,-,1619,1603,1614.29565929566,3.05472852946762,1615,1613,1616,0.693147180559945,0,0.00562546272825373,0.0530866879310947,0,0,0,5870,3
63,45809,46360,552,Flavodoxin family protein,PANCAC_00037,contig_1,-,1618,1613,1615.72282608696,1.52331689352023,1616,1615,1617,0.690254539032975,0,0.0100914144743519,0.0724642062481394,0,0,0,4744,3
64,46361,46472,112,non-cds,non-cds,contig_1,.,1617,1612,1614.97321428571,1.00860997407029,1615,1615,1616,0.0799239279972446,0,0.00112418124017637,0.00845613479286899,0,0,0,1603,3
65,46473,47333,861,HTH lysR-type domain-containing protein,PANCAC_00038,contig_1,+,1616,1608,1612.79210220674,1.70559486144925,1613,1612,1614,0.69313085394048,0,0.00841993514864794,0.070646974464857,0,0,0,8623,3
66,47334,47688,355,non-cds,non-cds,contig_1,.,1609,619,756.70985915493,341.19353950463,620,620,621,0.348009567052142,0,0.00749569760426965,0.0449638768336905,0,0,0,579,3
67,47689,48222,534,DUF4865 domain-containing protein,PANCAC_00039,contig_1,-,624,620,622.597378277154,1.21624119508855,623,622,624,0.573989031979819,0,0.00532965569187892,0.0410133273353941,0,0,0,494,3
68,48223,48321,99,non-cds,non-cds,contig_1,.,622,621,621.070707070707,0.257639411538814,621,621,621,0.0891197957013952,0,0.0018003999131595,0.0126021432526189,0,0,0,22,3
69,48322,49056,735,HTH lysR-type domain-containing protein,PANCAC_00040,contig_1,+,624,619,621.993197278912,1.58886022692402,621,621,624,0.458872898485209,0,0.0039816100519463,0.0352254092298753,0,0,0,551,3
70,49057,49489,433,non-cds,non-cds,contig_1,.,2659,576,1643.14087759815,1017.03122608393,2484,620,2650,0.6945356368242,0,0.00557817983026081,0.0535344675761507,0,0,0,2881,3
71,49490,50092,603,DUF5079 domain-containing protein,PANCAC_00041,contig_1,+,2654,2649,2652.91708126036,1.16271967739566,2653,2652,2654,0.69086110124082,0,0.0135541360825335,0.0814243166188034,0,0,0,9901,non-mge
72,50093,50358,266,non-cds,non-cds,contig_1,.,2654,1451,1817.95864661654,456.441174143236,1580.5,1577.25,1586,0.67423536429119,0,0.00659426345559496,0.0561910614046481,0,0,0,1302,4
73,50359,53511,3153,RecBCD enzyme subunit RecD,PANCAC_00042,contig_1,+,1760,1524,1591.70599429115,32.4305116989707,1587,1586,1590,0.861485508159237,0,0.00645821023589309,0.0518355595867884,0,0,0,12017,4
74,53512,53567,56,non-cds,non-cds,contig_1,.,2832,1750,2477.82142857143,488.792021477172,2823.5,1835.25,2827,0.0133562086653533,0,0.00039933603035785,0.00197067399400308,0,0,0,8,4
75,53568,54050,483,DUF3278 domain-containing protein,PANCAC_00043,contig_1,+,2833,2830,2831.92960662526,0.777812958533245,2832,2832,2832,0.691396665514378,0,0.0160536784370222,0.0822219880797563,0,0,0,8858,non-mge
76,54051,54254,204,non-cds,non-cds,contig_1,.,2830,2390,2681.89215686275,141.331034167908,2750,2562.25,2810,0.554105409036824,0,0.0110287510562745,0.0604133447720404,0,0,0,1918,non-mge
77,54255,55241,987,1-phosphatidylinositol phosphodiesterase,PANCAC_00044,contig_1,+,2834,2804,2829.77608915907,9.27260768336767,2834,2831,2834,0.693147180559945,0,0.0118762651066562,0.0707682361255617,0,0,0,14136,non-mge
78,55242,55461,220,non-cds,non-cds,contig_1,.,2830,2663,2765.87727272727,61.1268494080581,2794,2705,2823,0.531277433699761,0,0.00865972181737773,0.0562568582743311,0,0,0,1769,non-mge
79,55462,56232,771,Uncharacterized lipoprotein SAS0072,PANCAC_00045,contig_1,+,2785,1526,2073.18806744488,467.036553715852,1776,1772,2776,0.167950276670734,0,0.000400219905943704,0.00675498511690853,0,0,0,114,5
80,56233,56250,18,non-cds,non-cds,contig_1,.,1526,1526,1526,0,1526,1526,1526,0.010014363533008,0,0.00111270705922311,0.0032384532250922,0,0,0,4,5
81,56251,57054,804,Uncharacterized lipoprotein MW0072,PANCAC_00046,contig_1,+,1587,1526,1550.4539800995,18.8076485217758,1541,1537,1573,0.513966153430555,0,0.00136971558638148,0.0203143983439896,0,0,0,513,5
82,57055,57117,63,non-cds,non-cds,contig_1,.,1837,1514,1611.73015873016,148.804939038435,1515,1514,1835,0.168873917609785,0,0.00275422570901891,0.0212747192787424,0,0,0,62,5
83,57118,57888,771,Uncharacterized lipoprotein SAUSA300_0102,PANCAC_00047,contig_1,+,1840,1717,1822.70428015564,29.761532215904,1831,1826,1834,0.0450030649034184,0,0.000153676482653541,0.00208171441295027,0,0,0,33,5
84,57889,57954,66,non-cds,non-cds,contig_1,.,1823,1443,1572.43939393939,140.612301550467,1462,1462,1695,0.0716539414798152,0,0.00180720169243463,0.010514844953782,0,0,0,35,5
85,57955,58722,768,Uncharacterized lipoprotein SACOL0083,PANCAC_00048,contig_1,+,2828,1793,2490.40104166667,387.113243050995,2778,2452,2787,0.413169623899269,0,0.00242019928505465,0.0262473549076884,0,0,0,1373,5;6
86,58723,58815,93,non-cds,non-cds,contig_1,.,2835,2828,2834.70967741935,1.25612105794066,2835,2835,2835,0.596952804263813,0,0.00794803261150741,0.0630169693460144,0,0,0,887,non-mge
87,58816,61053,2238,transcriptional regulator AryK,PANCAC_00049,contig_1,+,2835,2831,2834.81411974978,0.61521238883311,2835,2835,2835,1.02233965116621,0,0.012385769868702,0.0775329537146718,0,0,0,39172,non-mge
88,61054,61203,150,non-cds,non-cds,contig_1,.,2835,2819,2830.30666666667,6.52403575293643,2834,2821,2834.75,0.431676413878238,0,0.00712839853329814,0.0463504720366195,0,0,0,898,non-mge
89,61204,62382,1179,Peptidase M20 dimerisation domain-containing protein,PANCAC_00050,contig_1,+,2835,2835,2835,0,2835,2835,2835,0.732745384176172,0,0.00981857183203958,0.0660289102409942,0,0,0,14856,non-mge
90,62383,62383,1,non-cds,non-cds,contig_1,.,2835,2835,2835,NA,2835,2835,2835,0,0,0,NA,0,0,0,0,non-mge
91,62384,63772,1389,Quinolone resistance protein NorB,PANCAC_00051,contig_1,+,2835,2828,2830.62634989201,2.75527730393505,2829,2829,2834,0.713637780181908,0,0.0120245387741023,0.0776526419846143,0,0,0,29112,non-mge
92,63773,64264,492,non-cds,non-cds,contig_1,.,2830,2197,2795.94918699187,138.73890649162,2829,2827,2829,0.674623055118002,0,0.00893977212234502,0.059635363645513,0,0,0,4692,non-mge
93,64265,65932,1668,PhoU domain-containing protein,PANCAC_00052,contig_1,-,2830,2828,2829.68405275779,0.514047306274209,2830,2829,2830,0.691614677471113,0,0.00868474848718603,0.0610060060509934,0,0,0,22496,non-mge
94,65933,66251,319,non-cds,non-cds,contig_1,.,2829,2817,2827.32601880878,3.44502834005702,2829,2828,2829,0.302946475983656,0,0.00477014597611698,0.0315385459642023,0,0,0,1092,non-mge
95,66252,68027,1776,oleate hydratase,PANCAC_00053,contig_1,-,2835,2810,2833.25112612613,5.20097486786813,2835,2835,2835,0.715570458211487,0,0.00925942371112824,0.0674042228360208,0,0,0,25256,non-mge
96,68028,68200,173,non-cds,non-cds,contig_1,.,2835,2830,2834.08670520231,1.13018680789,2834,2834,2835,0.366360031955573,0,0.00999584973830201,0.0483502547023769,0,0,0,1314,non-mge
97,68201,69073,873,EamA domain-containing protein,PANCAC_00054,contig_1,-,2830,1552,1559.58648339061,60.9335225872419,1557,1556,1558,0.568783565912428,0,0.0053675741261096,0.0393065067697487,0,0,0,2149,7
98,69074,69185,112,non-cds,non-cds,contig_1,.,1560,1558,1559.23214285714,0.50192678941306,1559,1559,1560,0.386844334325989,0,0.00726489991192675,0.0494094567296078,0,0,0,397,7
99,69186,70583,1398,HTH-type transcriptional regulator NorG,PANCAC_00055,contig_1,+,1560,1549,1555.47067238913,1.85522874775085,1556,1555,1556,0.690320908676233,0,0.00826742845629786,0.0626329469882792,0,0,0,7457,7
100,70584,70772,189,non-cds,non-cds,contig_1,.,2835,1552,2786.31746031746,242.719816498726,2834,2833,2835,0.393454383458113,0,0.00805198093650028,0.0465714070198078,0,0,0,1229,7
101,70773,71246,474,DUF1648 domain-containing protein,PANCAC_00056,contig_1,+,2835,2831,2833.87974683544,0.994855232512771,2834,2834,2834,0.667075651423197,0,0.00902153871365078,0.061123045955454,0,0,0,5224,non-mge
102,71247,71507,261,non-cds,non-cds,contig_1,.,2835,2829,2833.52107279693,1.59703342725102,2834,2833,2835,0.692288782239902,0,0.00839263475789133,0.067179903031727,0,0,0,3090,non-mge
103,71508,73100,1593,L-lactate permease,PANCAC_00057,contig_1,+,2835,2831,2834.68298807282,0.865629645924213,2835,2835,2835,0.684284408534968,0,0.00621094078316527,0.0495098078640792,0,0,0,12955,non-mge
104,73101,73428,328,non-cds,non-cds,contig_1,.,2835,2834,2834.71341463415,0.452856970925106,2835,2834,2835,0.522716341474178,0,0.00523287547676631,0.0453021158239147,0,0,0,1694,non-mge
105,73429,74979,1551,staphylococcal protein A,PANCAC_00058,contig_1,-,2835,136,2508.94068343005,773.423732521612,2809,2788,2834,0.693147180559945,0,0.00739717329016096,0.0589378525874827,0,0,0,15566,8
106,74980,75399,420,non-cds,non-cds,contig_1,.,2835,2830,2833.88095238095,1.57701843921736,2835,2833,2835,0.68923538262999,0,0.016259604068753,0.0781139031072939,0,0,0,7334,non-mge
107,75400,76152,753,HTH-type transcriptional regulator SarS,PANCAC_00059,contig_1,-,2835,2821,2832.67463479416,4.17618716790736,2834,2834,2835,0.676244012718762,0,0.00595547606550003,0.0505609604747012,0,0,0,5121,non-mge
108,76153,76520,368,non-cds,non-cds,contig_1,.,2835,2689,2793.38858695652,47.6619977280187,2815,2755,2830,0.681749584977622,0,0.0140719846357336,0.0736151421434485,0,0,0,5182,non-mge
109,76521,77519,999,staphyloferrin B ABC transporter permease subunit SirC,PANCAC_00060,contig_1,-,2836,2834,2835.68968968969,0.548091792521895,2836,2835,2836,0.678683935243787,0,0.00725914395721088,0.0555644131703977,0,0,0,8196,non-mge
110,77516,78511,996,staphyloferrin B ABC transporter permease subunit SirB,PANCAC_00061,contig_1,-,2836,2835,2835.90963855422,0.286842926007459,2836,2836,2836,0.688221577876082,0,0.00706124041054008,0.0559985672572425,0,0,0,8261,non-mge
111,78512,78526,15,non-cds,non-cds,contig_1,.,2836,2836,2836,0,2836,2836,2836,0,0,0,0,0,0,0,0,non-mge
112,78527,79519,993,staphyloferrin B ABC transporter substrate-binding protein SirA,PANCAC_00062,contig_1,-,2836,2834,2835.87109768379,0.410915215144157,2836,2836,2836,0.686165552718022,0,0.00426481177481194,0.0383014041650403,0,0,0,4159,non-mge
113,79520,79749,230,non-cds,non-cds,contig_1,.,2836,2834,2835.01739130435,0.781696829690712,2835,2834,2836,0.656262061500458,0,0.0072486936187199,0.0494273516275167,0,0,0,1615,non-mge
114,79750,80730,981,2%2C3-diaminopropionate biosynthesis protein SbnA,PANCAC_00063,contig_1,+,2836,2836,2836,0,2836,2836,2836,0.620129926633852,0,0.00602936659223023,0.0512403080814936,0,0,0,6304,non-mge
115,80727,81737,1011,N-[(2S)-2-amino-2-carboxyethyl]-L-glutamate dehydrogenase SbnB,PANCAC_00064,contig_1,+,2836,2836,2836,0,2836,2836,2836,0.692584133269144,0,0.0103713871514885,0.0708159309352583,0,0,0,18323,non-mge
116,81738,81757,20,non-cds,non-cds,contig_1,.,2836,2836,2836,0,2836,2836,2836,0.530667280718606,0,0.026824591514772,0.118599395135665,0,0,0,634,non-mge
117,81758,83512,1755,staphyloferrin B biosynthesis protein SbnC,PANCAC_00065,contig_1,+,2836,2836,2836,0,2836,2836,2836,0.906291363225585,0,0.0120326703262117,0.0771172386338063,0,0,0,28766,non-mge
118,83513,83588,76,non-cds,non-cds,contig_1,.,2836,2836,2836,0,2836,2836,2836,0.22687833249022,0,0.00594572057506558,0.034581421539638,0,0,0,323,non-mge
119,83589,84761,1173,staphyloferrin B export MFS transporter,PANCAC_00066,contig_1,+,2836,2830,2835.68968456948,1.2485640842313,2836,2836,2836,0.691944872551174,0,0.0087220406180276,0.058655380211589,0,0,0,10940,non-mge
120,84751,86487,1737,L-2%2C3-diaminopropanoate--citrate ligase SbnE,PANCAC_00067,contig_1,+,2836,2835,2835.93955094991,0.238385566723735,2836,2836,2836,0.690505579579365,0,0.00967669497124894,0.0609940932493765,0,0,0,18817,non-mge
121,86468,88246,1779,3-(L-alanin-3-ylcarbamoyl)-2-[(2-aminoethylcarbamoyl)methyl]-2-hydroxypropanoate synthase SbnF,PANCAC_00068,contig_1,+,2836,2835,2835.97189432265,0.165321237098236,2836,2836,2836,0.692466051517692,0,0.0101787610547264,0.0652819827380169,0,0,0,22965,non-mge
122,88218,88997,780,staphyloferrin B biosynthesis citrate synthase SbnG,PANCAC_00069,contig_1,+,2836,2836,2836,0,2836,2836,2836,0.68969501268573,0,0.00883316339134243,0.0670281416718917,0,0,0,8945,non-mge
123,88997,90199,1203,staphyloferrin B biosynthesis decarboxylase SbnH,PANCAC_00070,contig_1,+,2836,2836,2836,0,2836,2836,2836,0.871822146979287,0,0.00776441413930353,0.0561249905742564,0,0,0,15370,non-mge
124,90200,90202,3,non-cds,non-cds,contig_1,.,2836,2836,2836,0,2836,2836,2836,0,0,0,0,0,0,0,0,non-mge
125,90203,90967,765,L-serine kinase SbnI,PANCAC_00071,contig_1,+,2836,2835,2835.92156862745,0.269025090907958,2836,2836,2836,0.648005983044387,0,0.00634422864107657,0.051921005380704,0,0,0,6490,non-mge
126,90968,91162,195,non-cds,non-cds,contig_1,.,2836,1764,2706.2358974359,206.53133294548,2826,2570,2831,0.555734543710126,0,0.0105246309230937,0.059244266066356,0,0,0,1779,9
127,91163,91570,408,MFS transporter,PANCAC_00072,contig_1,+,1800,998,1480.52205882353,327.997474826494,1671,1001,1671,0.690262379510401,0,0.00770950924201165,0.0586204143397406,0,0,0,1764,9
128,91571,91619,49,non-cds,non-cds,contig_1,.,2658,1618,2396.38775510204,378.704415096531,2566,2444,2636,0,0,0,0,0,0,0,0,9
129,91620,92246,627,MFS transporter,PANCAC_00073,contig_1,+,2836,2657,2720.97288676236,81.4234439149413,2665,2664,2836,0.675869831501409,0,0.0106985791908648,0.0717203450146846,0,0,0,7895,non-mge
130,92247,92457,211,non-cds,non-cds,contig_1,.,2836,2836,2836,0,2836,2836,2836,0.661561343438554,0,0.0132399297872123,0.0823098294140275,0,0,0,4356,non-mge
131,92458,93234,777,(S)-acetoin forming diacetyl reductase,PANCAC_00074,contig_1,+,2836,2836,2836,0,2836,2836,2836,0.60690556265558,0,0.0103576997717959,0.0650602553290945,0,0,0,8271,non-mge
132,93235,93578,344,non-cds,non-cds,contig_1,.,2836,2810,2831.12790697674,6.83806276016981,2834,2832,2836,0.689531852559972,0,0.0136392655687553,0.0748636802808572,0,0,0,5158,non-mge
133,93579,94550,972,NAD-dependent dehydratase,PANCAC_00075,contig_1,+,2836,2835,2835.84979423868,0.357456916012383,2836,2836,2836,0.662816279160253,0,0.00515834873793716,0.0478355691041221,0,0,0,5671,non-mge
134,94513,95205,693,Bacterial sugar transferase domain-containing protein,PANCAC_00076,contig_1,+,2836,2826,2835.25396825397,2.22872134318769,2836,2836,2836,0.662816279160253,0,0.00457208772102305,0.045464440027581,0,0,0,3774,non-mge
135,95206,95414,209,non-cds,non-cds,contig_1,.,2836,2651,2696.71770334928,79.0212466711913,2652,2652,2652,0.636774921546185,0,0.0087835663278537,0.0580888879227659,0,0,0,1778,non-mge
136,95415,96581,1167,Exopolysaccharide biosynthesis glycosyltransferase EpsF,PANCAC_00077,contig_1,+,2836,2833,2835.44044558698,0.923121600388366,2836,2835,2836,0.692904364158085,0,0.0101845698799348,0.0655311704493946,0,0,0,13874,non-mge
137,96562,97800,1239,O-antigen ligase-related domain-containing protein,PANCAC_00078,contig_1,+,2836,2828,2834.78773204197,1.71733853312295,2836,2834,2836,0.953011125358434,0,0.0106323809897895,0.0667602626784788,0,0,0,15129,non-mge
138,97790,99220,1431,Polysaccharide biosynthesis protein C-terminal domain-containing protein,PANCAC_00079,contig_1,+,2836,2827,2834.56184486373,2.19507980159184,2835,2835,2836,1.00834175798631,0,0.00980222250281709,0.0654349288137747,0,0,0,18321,non-mge
139,99221,99487,267,non-cds,non-cds,contig_1,.,2831,2240,2715.49812734082,190.226900023947,2818,2717,2828,0.596715076547195,0,0.00818389697865275,0.0584916574930189,0,0,0,4108,non-mge
140,99488,100087,600,Superoxide dismutase [Mn/Fe] 2,PANCAC_00080,contig_1,+,2835,2816,2833.16333333333,4.38809919895338,2835,2834,2835,0.693104168790613,0,0.00706640106026297,0.0521449472833161,0,0,0,6493,non-mge
141,100088,100454,367,non-cds,non-cds,contig_1,.,2835,2560,2655.40871934605,104.038568564268,2601,2580,2781,0.685497420413106,0,0.0139062927520193,0.0836373974085161,0,0,0,7196,non-mge
142,100455,101054,600,Uncharacterized protein SAOUHSC_00094,PANCAC_00081,contig_1,+,2611,2599,2609.455,2.67767153975078,2610,2610,2611,0.687297661318578,0,0.00983863151540295,0.0664354323328132,0,0,0,6530,non-mge
143,101055,101369,315,non-cds,non-cds,contig_1,.,2836,2609,2735.46666666667,85.2560101174486,2780,2610,2782,0.534698671599416,0,0.00493081131634667,0.0371532113592588,0,0,0,1254,non-mge
144,101370,102110,741,GntR family transcriptional regulator,PANCAC_00082,contig_1,-,2836,2835,2835.94062078273,0.236492712989691,2836,2836,2836,0.679763583960748,0,0.00672411959726316,0.0532673124751155,0,0,0,5366,non-mge
145,102111,102360,250,non-cds,non-cds,contig_1,.,2836,2833,2835.52,0.869842805352839,2836,2835.25,2836,0.626423431071371,0,0.0123301444429512,0.0763973023812233,0,0,0,4718,non-mge
146,102361,103068,708,purine-nucleoside phosphorylase,PANCAC_00083,contig_1,+,2836,2836,2836,0,2836,2836,2836,0.685993257230323,0,0.00633585088558018,0.0512871104692114,0,0,0,5833,non-mge
147,103069,104427,1359,tetracycline efflux MFS transporter Tet(38),PANCAC_00084,contig_1,+,2836,2825,2835.22884473878,2.26353388101777,2836,2836,2836,0.689995855280962,0,0.00801557872942268,0.0651645487477755,0,0,0,16976,non-mge
148,104428,104507,80,non-cds,non-cds,contig_1,.,2836,2833,2834.2875,0.996115874506093,2834,2834,2835,0.0151608614688487,0,0.00026849345751958,0.00175761299086745,0,0,0,8,non-mge
149,104508,105170,663,deoxyribose-phosphate aldolase,PANCAC_00085,contig_1,+,2833,2653,2721.91101055807,40.4708270153892,2710,2691,2761.5,0.00322253504405807,0,9.71951345353101e-06,0.000176830849065603,0,0,0,2,non-mge
150,105171,105197,27,non-cds,non-cds,contig_1,.,2836,2693,2824.14814814815,37.8435074237451,2835,2834,2836,0.0651021394943591,0,0.00241119035164293,0.0125289125872963,0,0,0,34,non-mge
151,105198,106376,1179,phosphopentomutase,PANCAC_00086,contig_1,+,2836,2836,2836,0,2836,2836,2836,0.688716860876415,0,0.00680661673482308,0.055358461190758,0,0,0,9243,non-mge
152,106377,106506,130,non-cds,non-cds,contig_1,.,2836,2836,2836,0,2836,2836,2836,0.671029507936112,0,0.0174868884087398,0.0999602757766014,0,0,0,3161,non-mge
153,106507,107322,816,phosphonate ABC transporter%2C permease protein PhnE,PANCAC_00087,contig_1,-,2836,2835,2835.97303921569,0.162068162381724,2836,2836,2836,0.645353845231042,0,0.00675856261794216,0.0458691354882488,0,0,0,4908,non-mge
154,107319,108119,801,phosphonate ABC transporter%2C permease protein PhnE,PANCAC_00088,contig_1,-,2836,2835,2835.95131086142,0.215351815628246,2836,2836,2836,0.692272640317827,0,0.00652310132988916,0.0542189544410165,0,0,0,8597,non-mge
155,108120,108120,1,non-cds,non-cds,contig_1,.,2836,2836,2836,NA,2836,2836,2836,0,0,0,NA,0,0,0,0,non-mge
156,108121,108894,774,phosphonate ABC transporter ATP-binding protein,PANCAC_00089,contig_1,-,2836,2835,2835.91085271318,0.285140480139812,2836,2836,2836,0.692693280330695,0,0.0114358788407881,0.0730668695206742,0,0,0,13034,non-mge
157,108895,109107,213,non-cds,non-cds,contig_1,.,2836,2835,2835.89671361502,0.305049481993824,2836,2836,2836,0.621526147736637,0,0.00952660292331344,0.0625058942885067,0,0,0,2130,non-mge
158,109108,110064,957,Phosphonate ABC transporter phosphate-binding periplasmic component,PANCAC_00090,contig_1,-,2836,2834,2835.86102403344,0.427256740898897,2836,2836,2836,0.639573987694623,0,0.00667746310019356,0.0534948057870936,0,0,0,9833,non-mge
159,110065,110292,228,non-cds,non-cds,contig_1,.,2836,2836,2836,0,2836,2836,2836,0.896811560392841,0,0.0144538160125488,0.0785641578637926,0,0,0,2971,non-mge
160,110293,111837,1545,DNA-binding protein,PANCAC_00091,contig_1,+,2836,2834,2835.7430420712,0.51843458465428,2836,2836,2836,0.693147180559945,0,0.010253978854274,0.0684252493179172,0,0,0,20151,non-mge
161,111838,111887,50,non-cds,non-cds,contig_1,.,2836,2836,2836,0,2836,2836,2836,0.0214317306708344,0,0.00105099406330169,0.00410793023553095,0,0,0,21,non-mge
162,111888,113423,1536,2'%2C3'-cyclic-nucleotide 2'-phosphodiesterase,PANCAC_00092,contig_1,+,2836,2831,2835.275390625,1.58093481718021,2836,2835,2836,0.693147180559945,0,0.0126443868842216,0.0742361408754679,0,0,0,27296,non-mge
163,113424,113770,347,non-cds,non-cds,contig_1,.,2835,908,2720.74639769452,391.15184758599,2807,2804,2808,0.600435600876158,0,0.0118604775578318,0.0662435787751333,0,0,0,4999,non-mge
164,113771,113869,99,hypothetical protein,PANCAC_00093,contig_1,-,2123,701,715.949494949495,142.857740979989,702,701,702,0.0276444290917431,0,0.000872152118905257,0.00433003266846018,0,0,0,9,10
165,113870,114082,213,non-cds,non-cds,contig_1,.,704,702,703.084507042254,0.912385617642212,703,702,704,0.565454559445778,0,0.00806133199334753,0.0656855128934772,0,0,0,519,10
166,114083,114568,486,Replication initiation protein%2C putative,PANCAC_00094,contig_1,+,706,702,703.847736625514,1.30244220267757,704,703,705,0.552744771871942,0,0.00322528052384467,0.0371215211008215,0,0,0,409,10
167,114553,114843,291,Truncated replication initiation protein%2C putative,PANCAC_00095,contig_1,+,705,703,704.223367697595,0.628301211687618,704,704,705,0.0558717124687321,0,0.000491937419569752,0.00411598890573705,0,0,0,16,10
168,114844,115866,1023,non-cds,non-cds,contig_1,.,2678,674,1206.31476050831,626.801688572686,1058,686,1824,0.0393934377261503,0,0.000208931349946061,0.00220587936050893,0,0,0,38,10;11
169,115867,116088,222,IS200/IS605 family transposase,PANCAC_00097,contig_1,+,1055,1032,1045.94144144144,5.51765522480458,1045.5,1043,1050,0,0,0,0,0,0,0,0,11
170,116089,116537,449,non-cds,non-cds,contig_1,.,2813,1017,2328.32962138085,752.694566113787,2763,1043,2801,0.537246929326163,0,0.00746822013407746,0.0468316469423207,0,0,0,2743,11
171,116538,119147,2610,bifunctional acetaldehyde-CoA/alcohol dehydrogenase,PANCAC_00098,contig_1,+,2808,2805,2807.90574712644,0.350662622555625,2808,2808,2808,0.957505918400384,0,0.00758921949205552,0.0608551189881956,0,0,0,24958,non-mge
172,119148,119491,344,non-cds,non-cds,contig_1,.,2813,2530,2755.06395348837,86.440032854871,2804.5,2745.75,2808,0.618998623202413,0,0.0141765890979825,0.0686722925543218,0,0,0,4380,non-mge
173,119492,120160,669,capsular polysaccharide type 5/8 biosynthesis protein CapA,PANCAC_00099,contig_1,+,2836,2751,2829.29446935725,17.8608640154438,2836,2835,2836,0.672075033162613,0,0.00886600794392709,0.0584741320465161,0,0,0,6789,non-mge
174,120161,120175,15,non-cds,non-cds,contig_1,.,2836,2836,2836,0,2836,2836,2836,0.0129444149479594,0,0.00086296099653063,0.00334223356798969,0,0,0,5,non-mge
175,120176,120862,687,type 8 capsular polysaccharide synthesis protein Cap8B,PANCAC_00100,contig_1,+,2836,2835,2835.98689956332,0.113787793323493,2836,2836,2836,0.649192909406722,0,0.00613604630343827,0.0478620223865249,0,0,0,5175,non-mge
176,120863,120864,2,non-cds,non-cds,contig_1,.,2835,2833,2834,1.4142135623731,2834,2833.5,2834.5,0,0,0,0,0,0,0,0,non-mge
177,120865,121629,765,type 8 capsular polysaccharide synthesis protein Cap8C,PANCAC_00101,contig_1,+,2836,2833,2835.77647058824,0.736818254058216,2836,2836,2836,0.623730040818454,0,0.00974407355026527,0.0601459574297179,0,0,0,8569,non-mge
178,121630,121648,19,non-cds,non-cds,contig_1,.,2836,2836,2836,0,2836,2836,2836,0.0366600364571996,0,0.00305746142779127,0.00950340294410433,0,0,0,26,non-mge
179,121649,123472,1824,type 8 capsular polysaccharide synthesis protein Cap8D,PANCAC_00102,contig_1,+,2836,2830,2833.70120614035,2.49784957941596,2836,2831,2836,0.765834201560421,0,0.00752055125883063,0.049240773323191,0,0,0,12577,non-mge
180,123462,124490,1029,type 8 capsular polysaccharide synthesis protein Cap8E,PANCAC_00103,contig_1,+,2831,2830,2830.92225461613,0.267900704082015,2831,2831,2831,0.690156947494671,0,0.00849878947008106,0.0580265224848673,0,0,0,11239,non-mge
181,124491,124502,12,non-cds,non-cds,contig_1,.,2831,2831,2831,0,2831,2831,2831,0.238676997943617,0,0.0201532320221382,0.0688231416609174,0,0,0,183,non-mge
182,124503,125612,1110,type 8 capsular polysaccharide synthesis protein Cap8F,PANCAC_00104,contig_1,+,2836,2830,2831.10630630631,1.07410535081486,2831,2831,2831,0.68980199571637,0,0.0109210941458148,0.0668226696247314,0,0,0,14890,non-mge
183,125613,125615,3,non-cds,non-cds,contig_1,.,2836,2836,2836,0,2836,2836,2836,0,0,0,0,0,0,0,0,non-mge
184,125616,126740,1125,type 8 capsular polysaccharide synthesis protein Cap8G,PANCAC_00105,contig_1,+,2836,2834,2835.80622222222,0.463773441095839,2836,2836,2836,0.693147180559945,0,0.00869181936635646,0.0629669290212888,0,0,0,11888,non-mge
185,126741,126742,2,non-cds,non-cds,contig_1,.,2836,2836,2836,0,2836,2836,2836,0,0,0,0,0,0,0,0,non-mge
186,126743,127369,627,Acetyltransferase,PANCAC_00106,contig_1,+,2836,1771,1801.14992025518,162.15613855405,1776,1776,1778,0.652734635765485,0,0.00510812588550462,0.051040445677626,0,0,0,3300,12
187,127370,127373,4,non-cds,non-cds,contig_1,.,1778,1778,1778,0,1778,1778,1778,0,0,0,0,0,0,0,0,12
188,127374,128483,1110,Capsular biosynthesis protein,PANCAC_00107,contig_1,+,1779,1771,1776.56666666667,2.0991145599223,1777,1776,1778,0.684295002114363,0,0.00925934663484722,0.0702508393890805,0,0,0,9019,12
189,128484,128496,13,non-cds,non-cds,contig_1,.,1776,1776,1776,0,1776,1776,1776,0.657517042549268,0,0.0505782340422514,0.182362416261756,0,0,0,651,12
190,128497,129663,1167,Capsular polysaccharide synthesis enzyme Cap5J,PANCAC_00108,contig_1,+,1779,1769,1775.33761782348,2.10100412519592,1776,1774,1777,1.09267932686103,0,0.00813391697148184,0.0711920801546177,0,0,0,8631,12
191,129656,130861,1206,Cap5K,PANCAC_00109,contig_1,+,2836,1763,1803.47512437811,178.60876541182,1773,1772,1775,0.684362202890367,0,0.0086216050863527,0.0702094398707654,0,0,0,10961,12
192,130862,132067,1206,type 8 capsular polysaccharide synthesis protein Cap8L,PANCAC_00110,contig_1,+,2836,2819,2834.89718076285,3.13211850337194,2836,2835,2836,0.693147180559945,0,0.00844868057187353,0.0574804480343597,0,0,0,12296,non-mge
193,132068,132077,10,non-cds,non-cds,contig_1,.,2836,2836,2836,0,2836,2836,2836,0.0172905196967579,0,0.00172905196967579,0.00546774241697587,0,0,0,7,non-mge
194,132078,132635,558,type 8 capsular polysaccharide synthesis protein Cap8M,PANCAC_00111,contig_1,+,2836,2830,2835.3082437276,1.70803470319326,2836,2836,2836,0.609041251967349,0,0.00515849665782322,0.0404715644400612,0,0,0,3712,non-mge
195,132635,133522,888,capsular polysaccharide type 5/8 biosynthesis epimerase CapN,PANCAC_00112,contig_1,+,2836,2834,2835.73873873874,0.636531068281586,2836,2836,2836,0.686079657738187,0,0.00984983991119083,0.0649968764836814,0,0,0,11154,non-mge
196,133523,133575,53,non-cds,non-cds,contig_1,.,2836,2835,2835.41509433962,0.497453602944766,2835,2835,2836,0.535642068142626,0,0.0101660356658808,0.0735690332669512,0,0,0,632,non-mge
197,133576,134838,1263,type 8 capsular polysaccharide synthesis protein Cap8O,PANCAC_00113,contig_1,+,2836,2834,2835.85352335709,0.381736192481834,2836,2836,2836,0.693147180559945,0,0.0110736652262734,0.0684524327533921,0,0,0,19148,non-mge
198,134839,134914,76,non-cds,non-cds,contig_1,.,2836,2836,2836,0,2836,2836,2836,0.243073556102322,0,0.00574202442106593,0.0308593723085408,0,0,0,291,non-mge
199,134915,136060,1146,type 8 capsular polysaccharide synthesis protein Cap8P,PANCAC_00114,contig_1,+,2836,2835,2835.93542757417,0.245877166920396,2836,2836,2836,0.69112150018387,0,0.0099933166216244,0.0605951218143325,0,0,0,15783,non-mge
200,136061,136124,64,non-cds,non-cds,contig_1,.,2836,2836,2836,0,2836,2836,2836,0.690505579579365,0,0.0176107397003969,0.0932289984161523,0,0,0,1619,non-mge
201,136125,136451,327,staphylobilin-forming heme oxygenase IsdI,PANCAC_00115,contig_1,-,2836,2836,2836,0,2836,2836,2836,0.512926670837523,0,0.00525165505112086,0.0364315535344231,0,0,0,1356,non-mge
202,136452,136457,6,non-cds,non-cds,contig_1,.,2836,2836,2836,0,2836,2836,2836,0.0172905196967579,0,0.00288175328279298,0.00705882510743315,0,0,0,7,non-mge
203,136458,136841,384,DUF454 domain-containing protein,PANCAC_00116,contig_1,-,2836,2835,2835.7578125,0.428966097183259,2836,2836,2836,0.685642598527548,0,0.00719920693410761,0.0571161976949653,0,0,0,6488,non-mge
204,136842,137267,426,non-cds,non-cds,contig_1,.,2836,2832,2834.96948356808,1.19862989076006,2835,2834,2836,0.297577799070827,0,0.00304378924847243,0.0250008524301148,0,0,0,913,non-mge
205,137268,138755,1488,Putative aldehyde dehydrogenase AldA,PANCAC_00117,contig_1,+,2836,2834,2835.90389784946,0.351055084197097,2836,2836,2836,0.688853833691408,0,0.00729575010179049,0.0528748394832873,0,0,0,11417,non-mge
206,138756,139400,645,non-cds,non-cds,contig_1,.,2836,2833,2835.45891472868,0.817283449304054,2836,2835,2836,0.796067722754583,0,0.013739523784044,0.0778948738188368,0,0,0,10712,non-mge
207,139401,140360,960,Cation transporter,PANCAC_00118,contig_1,+,2836,2834,2835.43229166667,0.886463465011469,2836,2834,2836,0.879808546657599,0,0.0108020541965544,0.071393879255864,0,0,0,12021,non-mge
208,140361,140421,61,non-cds,non-cds,contig_1,.,2836,1780,2286.88524590164,519.327356566827,1781,1781,2808,0.613516646447494,0,0.0104052909119073,0.0785312985625177,0,0,0,817,non-mge
209,140422,140625,204,hypothetical protein,PANCAC_00119,contig_1,-,2834,2831,2832.31862745098,1.12798965793366,2832,2831,2833,0.671508988985775,0,0.0106639377682725,0.0791915726313116,0,0,0,3220,non-mge
210,140626,140803,178,non-cds,non-cds,contig_1,.,2836,2830,2834.75280898876,2.05726437235759,2836,2834,2836,0.620005147786841,0,0.0121824441781867,0.0727609651658906,0,0,0,2353,non-mge
211,140804,141316,513,DUF4242 domain-containing protein,PANCAC_00120,contig_1,+,2836,2832,2835.69785575049,0.545162750436911,2836,2835,2836,0.671835779475087,0,0.00573200843923032,0.0514542377968787,0,0,0,3484,non-mge
212,141317,141657,341,non-cds,non-cds,contig_1,.,2836,2823,2831.48387096774,3.12351672578248,2831,2830,2834,0.691076844774195,0,0.0184798813629423,0.0947535731396401,0,0,0,7804,non-mge
213,141658,142398,741,ABC transporter ATP-binding protein,PANCAC_00121,contig_1,+,2836,2835,2835.94197031039,0.233957501762285,2836,2836,2836,0.991651233072877,0,0.0142912199272509,0.0885542189576357,0,0,0,15168,non-mge
214,142399,142411,13,non-cds,non-cds,contig_1,.,2836,2836,2836,0,2836,2836,2836,0,0,0,0,0,0,0,0,non-mge
215,142412,143386,975,ABC transporter substrate-binding protein,PANCAC_00122,contig_1,+,2836,2835,2835.97743589744,0.148585354391406,2836,2836,2836,0.694806157080682,0,0.00984299163963303,0.0684699340292921,0,0,0,11914,non-mge
216,143383,144144,762,ABC transmembrane type-1 domain-containing protein,PANCAC_00123,contig_1,+,2836,2835,2835.66272965879,0.473088549536599,2836,2835,2836,0.779208777097655,0,0.00744707543789916,0.0578004821127297,0,0,0,9278,non-mge
217,144145,144153,9,non-cds,non-cds,contig_1,.,2836,2836,2836,0,2836,2836,2836,0.00315683274376661,0,0.000350759193751846,0.00105227758125554,0,0,0,1,non-mge
218,144154,145188,1035,Acyl-CoA dehydrogenase,PANCAC_00124,contig_1,+,2836,2481,2833.25893719807,30.0925491338991,2836,2836,2836,0.66949164291861,0,0.0105580441943387,0.068821536239965,0,0,0,13666,non-mge
219,145189,145404,216,non-cds,non-cds,contig_1,.,2482,2479,2480.89814814815,0.872737631421311,2481,2480,2482,0.412217680353927,0,0.0055417146435222,0.0388847414510064,0,0,0,839,non-mge
220,145405,145764,360,Na+-translocating membrane putative-generating system MpsC domain-containing protein,PANCAC_00125,contig_1,+,2485,2481,2483.91944444444,1.20890830939578,2484,2484,2485,0.684596120590057,0,0.00537297854647376,0.0484502547232462,0,0,0,1995,non-mge
221,145765,145936,172,non-cds,non-cds,contig_1,.,2485,2483,2483.83720930233,0.52672362819391,2484,2484,2484,0.333606277239126,0,0.00294029835952904,0.026274363360911,0,0,0,330,non-mge
222,145937,146962,1026,NAD-dependent formate dehydrogenase,PANCAC_00126,contig_1,+,2487,2483,2485.12085769981,0.693533648909643,2485,2485,2486,0.686720559418972,0,0.00505803030336816,0.0460157630708625,0,0,0,5266,non-mge
223,146963,147347,385,non-cds,non-cds,contig_1,.,2832,2481,2603.21298701299,96.1666378050704,2662,2484,2665,0.65555037414297,0,0.00741438757761202,0.0561397305795052,0,0,0,2933,non-mge
224,147348,148598,1251,Major facilitator superfamily (MFS) profile domain-containing protein,PANCAC_00127,contig_1,+,2835,2821,2830.1175059952,4.51802847434188,2828,2827,2835,0.69267970915459,0,0.00867670703038945,0.0613804672188393,0,0,0,14413,non-mge
225,148599,149044,446,non-cds,non-cds,contig_1,.,2836,2659,2751.61883408072,86.5837933013899,2828,2661,2835,0.692370360821182,0,0.00894112232724457,0.0585498403695136,0,0,0,4332,non-mge
226,149045,156220,7176,aureusimine non-ribosomal peptide synthetase AusA,PANCAC_00128,contig_1,+,2836,2829,2835.63782051282,0.947962826776765,2836,2836,2836,0.84180599532156,0,0.0110247053795707,0.0710399159049602,0,0,0,101090,non-mge
227,156221,156232,12,non-cds,non-cds,contig_1,.,2836,2836,2836,0,2836,2836,2836,0,0,0,0,0,0,0,0,non-mge
228,156233,156877,645,aureusimine biosynthesis 4'-phosphopantetheinyl transferase AusB,PANCAC_00129,contig_1,+,2836,2834,2835.87596899225,0.466381470532074,2836,2836,2836,0.685374292981219,0,0.00806233651120681,0.0637035053843042,0,0,0,6916,non-mge
229,156878,157204,327,non-cds,non-cds,contig_1,.,2836,2826,2829.51070336391,3.20740732893412,2828,2828,2828,0.637167039512773,0,0.00755057239872635,0.0499156292669619,0,0,0,3251,non-mge
230,157205,157699,495,DUF1440 domain-containing protein,PANCAC_00130,contig_1,-,2828,2827,2827.9494949495,0.219206213052544,2828,2828,2828,0.661742713787143,0,0.00726684417617903,0.0546005604706598,0,0,0,3773,non-mge
231,157700,157953,254,non-cds,non-cds,contig_1,.,2835,1604,2360.73228346457,595.985349434212,2828,1604,2828,0.437760770639317,0,0.00602019686699482,0.0362433583479031,0,0,0,1011,non-mge
232,157954,158718,765,Acetylglutamate kinase,PANCAC_00131,contig_1,-,2836,2833,2835.76078431373,0.660421420086932,2836,2836,2836,0.679908913872205,0,0.00821103747742296,0.0604137531920217,0,0,0,7100,non-mge
233,158719,158733,15,non-cds,non-cds,contig_1,.,2836,2836,2836,0,2836,2836,2836,0.00830757571750994,0,0.000553838381167329,0.00214500682675154,0,0,0,3,non-mge
234,158734,159975,1242,bifunctional glutamate N-acetyltransferase/amino-acid acetyltransferase ArgJ,PANCAC_00132,contig_1,-,2836,2835,2835.9154589372,0.278309603896649,2836,2836,2836,0.846454915331799,0,0.0108614643924654,0.0728864305055578,0,0,0,16937,non-mge
235,159976,159986,11,non-cds,non-cds,contig_1,.,2836,2836,2836,0,2836,2836,2836,0.0129444149479594,0,0.00193199915140631,0.00442170628508651,0,0,0,8,non-mge
236,159987,161021,1035,N-acetyl-gamma-glutamyl-phosphate reductase,PANCAC_00133,contig_1,-,2836,2835,2835.91884057971,0.27321180293096,2836,2836,2836,0.691621834458082,0,0.00778165013027992,0.0551331463253149,0,0,0,11096,non-mge
237,161022,161056,35,non-cds,non-cds,contig_1,.,2836,2836,2836,0,2836,2836,2836,0.690666394270171,0,0.0200382004092542,0.11670480592189,0,0,0,1316,non-mge
238,161057,162241,1185,ornithine--oxo-acid transaminase,PANCAC_00135,contig_1,-,2836,2836,2836,0,2836,2836,2836,0.689121731023926,0,0.0092368586953958,0.0568219383473446,0,0,0,10661,non-mge
239,162242,162493,252,non-cds,non-cds,contig_1,.,2836,2185,2525.60714285714,302.340064118348,2646,2193,2830,0.678734668356249,0,0.0129956505907294,0.071011273818245,0,0,0,4651,non-mge
240,162494,163849,1356,branched-chain amino acid transport system II carrier protein,PANCAC_00136,contig_1,-,2836,2833,2835.47640117994,0.781825301952754,2836,2835,2836,0.68581893935446,0,0.00835535408325917,0.0593436152549026,0,0,0,16787,non-mge
241,163850,164124,275,non-cds,non-cds,contig_1,.,2836,2833,2835.54909090909,0.683719093103826,2836,2835,2836,0.686752668327883,0,0.00769648362278995,0.0614960122514875,0,0,0,3105,non-mge
242,164125,164682,558,Isochorismatase-like domain-containing protein,PANCAC_00137,contig_1,-,2836,2835,2835.91577060932,0.277980724174455,2836,2836,2836,0.539338245058762,0,0.00921608485423432,0.0580378406154337,0,0,0,6234,non-mge
243,164683,164748,66,non-cds,non-cds,contig_1,.,2835,2831,2832.51515151515,1.59076589432139,2832,2831,2833,0.674814151060817,0,0.0187435826275591,0.0953387975350406,0,0,0,1603,non-mge
244,164749,166389,1641,Alpha-keto acid decarboxylase family protein,PANCAC_00138,contig_1,-,2836,2835,2835.9689213894,0.173583098219086,2836,2836,2836,0.693147180559945,0,0.00965855404897142,0.0656949861828069,0,0,0,21168,non-mge
245,166390,166662,273,non-cds,non-cds,contig_1,.,2836,2835,2835.82051282051,0.384464525466763,2836,2836,2836,0.681470980819927,0,0.0115387989408446,0.0639788440562086,0,0,0,3187,non-mge
246,166663,168708,2046,PTS system glucose-specific EIICBA component,PANCAC_00139,contig_1,-,2836,2834,2835.89345063539,0.330053147171832,2836,2836,2836,0.68590635112569,0,0.00797819829920772,0.0612395900829909,0,0,0,21302,non-mge
247,168709,169293,585,non-cds,non-cds,contig_1,.,2836,2832,2835.24273504274,1.05785679554603,2836,2834,2836,0.623182528322778,0,0.007933525043651,0.0528692929875358,0,0,0,7181,non-mge
248,169294,170349,1056,6-phospho-N-acetylmuramidase,PANCAC_00140,contig_1,+,2836,2835,2835.79545454545,0.403560201019151,2836,2836,2836,1.00578778502886,0,0.00839816327927915,0.062322807834628,0,0,0,11862,non-mge
249,170349,171245,897,N-acetylmuramic acid 6-phosphate etherase,PANCAC_00141,contig_1,+,2836,2831,2835.23857302118,1.28909634629467,2836,2835,2836,0.692060113841815,0,0.00840777152710426,0.061059097604668,0,0,0,11020,non-mge
250,171246,171256,11,non-cds,non-cds,contig_1,.,2835,2835,2835,0,2835,2835,2835,0,0,0,0,0,0,0,0,non-mge
251,171257,172711,1455,PTS system MurNAc-GlcNAc-specific EIIBC component,PANCAC_00142,contig_1,+,2836,2831,2835.09484536082,1.41783475488641,2836,2834,2836,0.82620741510862,0,0.00936480240089005,0.0646500063230229,0,0,0,16386,non-mge
252,172711,173589,879,MurR/RpiR family transcriptional regulator,PANCAC_00143,contig_1,+,2836,2836,2836,0,2836,2836,2836,0.868088602291494,0,0.00721616440447113,0.0545336629158012,0,0,0,5987,non-mge
253,173590,173782,193,non-cds,non-cds,contig_1,.,2836,2836,2836,0,2836,2836,2836,0.522264114843778,0,0.0112319840850963,0.0656593498460353,0,0,0,2106,non-mge
254,173783,174064,282,hypothetical protein,PANCAC_00144,contig_1,-,2836,1679,1723.32624113475,213.669448919304,1683,1682,1683,0.570524386053644,0,0.004436459243897,0.0443569925613685,0,0,0,796,13
255,174065,174276,212,non-cds,non-cds,contig_1,.,2836,1673,2495.23113207547,527.848398791518,2833,1678,2835,0.598867932860369,0,0.00956374530545496,0.0550823061752006,0,0,0,1379,13
256,174277,177066,2790,Type I restriction enzyme SauMW2ORF169P endonuclease subunit,PANCAC_00145,contig_1,+,2836,2833,2835.82688172043,0.602785416631848,2836,2836,2836,0.709792461915871,0,0.00823926228321623,0.0588827132188925,0,0,0,27166,non-mge
257,177067,177270,204,non-cds,non-cds,contig_1,.,2836,2398,2495.26470588235,181.717608369521,2399,2398,2401,0.449607989024922,0,0.00590561023560546,0.0398215756977104,0,0,0,3228,non-mge
258,177271,178113,843,Sce7726 family protein,PANCAC_00146,contig_1,+,2403,1177,2390.74021352313,111.140204336265,2401,2400,2402,0.683905220260758,0,0.0100195276829069,0.0713927602270006,0,0,0,9808,14
259,178114,178114,1,non-cds,non-cds,contig_1,.,1177,1177,1177,NA,1177,1177,1177,0,0,0,NA,0,0,0,0,14
260,178115,179038,924,Sce7725 family protein,PANCAC_00147,contig_1,+,1184,1177,1179.4145021645,1.75171968469077,1179,1178,1181,0.678349230505598,0,0.00418623441058658,0.0457031943142629,0,0,0,2112,14
261,179025,180137,1113,RES domain-containing protein,PANCAC_00148,contig_1,+,1615,1174,1206.93530997305,107.41304556803,1179,1178,1180,0.678297226310361,0,0.00636833822017944,0.0560282495206696,0,0,0,4961,14
262,180138,180401,264,non-cds,non-cds,contig_1,.,2836,1614,2678.95833333333,399.892507142475,2829,2828,2835,0.692150154574249,0,0.0129534499046669,0.0815804751497201,0,0,0,4400,14
263,180402,181994,1593,staphylopine uptake ABC transporter ATP-binding protein CntF,PANCAC_00149,contig_1,-,2836,2835,2835.9805398619,0.13817896713692,2836,2836,2836,0.692769095635605,0,0.0119483517904432,0.0723975086756753,0,0,0,24684,non-mge
264,181995,181995,1,non-cds,non-cds,contig_1,.,2836,2836,2836,NA,2836,2836,2836,0,0,0,NA,0,0,0,0,non-mge
265,181996,183429,1434,ABC transmembrane type-1 domain-containing protein,PANCAC_00150,contig_1,+,2836,2834,2835.62761506276,0.740205382333404,2836,2836,2836,0.731560320480546,0,0.0102860177394277,0.0704313927402602,0,0,0,25506,non-mge
266,183430,183434,5,non-cds,non-cds,contig_1,.,2836,2836,2836,0,2836,2836,2836,0,0,0,0,0,0,0,0,non-mge
267,183435,184598,1164,ABC transporter permease,PANCAC_00151,contig_1,+,2836,2834,2835.8204467354,0.472341970368161,2836,2836,2836,0.690505579579365,0,0.0105591988872422,0.0672162450351944,0,0,0,13439,non-mge
268,184599,184614,16,non-cds,non-cds,contig_1,.,2836,2836,2836,0,2836,2836,2836,0.00830757571750994,0,0.000519223482344371,0.00207689392937749,0,0,0,3,non-mge
269,184615,186390,1776,Solute-binding protein family 5 domain-containing protein,PANCAC_00152,contig_1,+,2836,2831,2835.64414414414,0.989266081382628,2836,2836,2836,0.761178313296064,0,0.00758457928108342,0.0566374839233457,0,0,0,15320,non-mge
270,186391,186427,37,non-cds,non-cds,contig_1,.,2836,2835,2835.21621621622,0.417341795383801,2835,2835,2835,0.0887190967799656,0,0.00465557535438412,0.0160313668757064,0,0,0,86,non-mge
271,186428,188434,2007,gamma-glutamyltransferase,PANCAC_00153,contig_1,+,2836,2833,2835.50473343298,0.699560121150435,2836,2835,2836,0.695826961596501,0,0.00857280277457483,0.060090467967658,0,0,0,23394,non-mge
272,188435,188731,297,non-cds,non-cds,contig_1,.,2835,2830,2834.47474747475,1.40469844563797,2835,2835,2835,0.530324534488786,0,0.00771248002877831,0.0565163455327553,0,0,0,2358,non-mge
273,188732,189505,774,Uncharacterized protein SAUSA300_0205,PANCAC_00154,contig_1,-,2836,2534,2557.5503875969,70.4233872611189,2540,2539,2540,0.693147180559945,0,0.00741995755122799,0.0573680917587545,0,0,0,7736,non-mge
274,189506,189694,189,non-cds,non-cds,contig_1,.,2836,2813,2830.31746031746,7.08345103901249,2832,2832,2835,0.17404423240108,0,0.00167206716660603,0.0136410806862074,0,0,0,181,non-mge
275,189695,190321,627,FMN-dependent NADH:quinone oxidoreductase,PANCAC_00155,contig_1,-,2836,2833,2835.51196172249,0.942991879834312,2836,2835,2836,0.68057466568784,0,0.00565766036946197,0.0456234875248394,0,0,0,3629,non-mge
276,190322,190529,208,non-cds,non-cds,contig_1,.,2836,2832,2834.26923076923,0.975355941279273,2835,2833,2835,0.532084345369246,0,0.00846906573333804,0.0488377160537442,0,0,0,1462,non-mge
277,190530,191108,579,lysostaphin,PANCAC_00156,contig_1,+,2836,2834,2835.81692573402,0.429440224291727,2836,2836,2836,0.683569157705585,0,0.0126092819116487,0.074153248182025,0,0,0,10015,non-mge
278,191109,191490,382,non-cds,non-cds,contig_1,.,2836,2834,2835.64921465969,0.572774168205526,2836,2835,2836,0.681360726662318,0,0.0158586115407703,0.0826590209719808,0,0,0,7695,non-mge
279,191491,192588,1098,Maltose/maltodextrin ABC superfamily ATP binding cassette transporter%2C ABC protein,PANCAC_00157,contig_1,+,2836,2835,2835.88888888889,0.314412888409258,2836,2836,2836,0.660832564310169,0,0.0087366628413024,0.0626835408639726,0,0,0,12093,non-mge
280,192589,192600,12,non-cds,non-cds,contig_1,.,2836,2836,2836,0,2836,2836,2836,0,0,0,0,0,0,0,0,non-mge
281,192601,193872,1272,Maltodextrin-binding protein,PANCAC_00158,contig_1,+,2836,2826,2835.46147798742,1.88999444701386,2836,2836,2836,0.954045703815604,0,0.0105288690478798,0.0718473415025388,0,0,0,18829,non-mge
282,193873,193874,2,non-cds,non-cds,contig_1,.,2836,2836,2836,0,2836,2836,2836,0,0,0,0,0,0,0,0,non-mge
283,193875,195143,1269,Maltose/maltodextrin transport system permease protein,PANCAC_00159,contig_1,+,2836,2834,2835.91331757289,0.342178183583184,2836,2836,2836,0.711321098373821,0,0.0114281268239779,0.076190509229119,0,0,0,20057,non-mge
284,195144,195144,1,non-cds,non-cds,contig_1,.,2836,2836,2836,NA,2836,2836,2836,0,0,0,NA,0,0,0,0,non-mge
285,195145,195984,840,Maltose ABC transporter%2C permease protein,PANCAC_00160,contig_1,+,2836,2835,2835.89404761905,0.307960026536342,2836,2836,2836,0.600960649699667,0,0.00495612908624405,0.0429112772500231,0,0,0,3997,non-mge
286,195985,196057,73,non-cds,non-cds,contig_1,.,2836,2836,2836,0,2836,2836,2836,0.605672029088818,0,0.00849969809570207,0.0708718079651234,0,0,0,838,non-mge
287,196058,197134,1077,NADH-dependent dehydrogenase,PANCAC_00161,contig_1,+,2836,2836,2836,0,2836,2836,2836,0.710567021731523,0,0.00633652433787317,0.053886569738463,0,0,0,8460,non-mge
288,197135,197158,24,non-cds,non-cds,contig_1,.,2836,2836,2836,0,2836,2836,2836,0.0741287060028033,0,0.00380913440414838,0.015387458200729,0,0,0,47,non-mge
289,197159,198199,1041,Gfo/Idh/MocA family oxidoreductase,PANCAC_00162,contig_1,+,2836,2835,2835.89625360231,0.305077841657148,2836,2836,2836,0.675324321673053,0,0.0131497875384364,0.0772643250332955,0,0,0,16644,non-mge
290,198200,198253,54,non-cds,non-cds,contig_1,.,2836,2835,2835.42592592593,0.499125720611092,2835,2835,2836,0.528898829951468,0,0.0108797313786353,0.0722191005669655,0,0,0,657,non-mge
291,198254,199222,969,Xylose isomerase-like TIM barrel domain-containing protein,PANCAC_00163,contig_1,+,2836,2829,2835.39834881321,1.2977401520222,2836,2835,2836,0.692022859001637,0,0.00932632579209543,0.0650098123570875,0,0,0,12692,non-mge
292,199223,199582,360,non-cds,non-cds,contig_1,.,2836,2832,2834.92222222222,1.52948934823266,2836,2833,2836,0.69304693397559,0,0.0193600756287333,0.0890576263205618,0,0,0,7799,non-mge
293,199583,200077,495,Isoprenylcysteine carboxyl methyltransferase family protein,PANCAC_00164,contig_1,-,2836,2831,2835.39797979798,1.07096193829438,2836,2835,2836,0.232664205355846,0,0.00293480056652883,0.0211284023361357,0,0,0,922,non-mge
294,200078,200309,232,non-cds,non-cds,contig_1,.,2836,2832,2835.26293103448,0.860285885474693,2835,2835,2836,0.572012853929896,0,0.00530852012580651,0.0431148918564607,0,0,0,2527,non-mge
295,200310,201689,1380,hexose phosphate transporter UhpT,PANCAC_00165,contig_1,+,2836,2834,2835.82898550725,0.406296151244903,2836,2836,2836,0.691356571659194,0,0.00838241923181392,0.0651376782576009,0,0,0,18487,non-mge
296,201690,202047,358,non-cds,non-cds,contig_1,.,2836,2835,2835.8938547486,0.308454539490943,2836,2836,2836,0.677941111120625,0,0.0114042297269493,0.0712817536905732,0,0,0,4817,non-mge
297,202048,202806,759,Transcriptional regulatory protein HptR,PANCAC_00166,contig_1,-,2836,2835,2835.93148880105,0.252787670594832,2836,2836,2836,0.650368009142091,0,0.0092640509343751,0.0642185371226111,0,0,0,7704,non-mge
298,202799,204355,1557,Sensor protein kinase HptS,PANCAC_00167,contig_1,-,2836,2832,2835.45793192036,0.931626042339834,2836,2835,2836,0.845639769599156,0,0.0103981165450946,0.070641817244673,0,0,0,22727,non-mge
299,204352,205320,969,Lipoprotein%2C putative,PANCAC_00168,contig_1,-,2836,2834,2835.88132094943,0.460587018977237,2836,2836,2836,0.693015444385559,0,0.0110320145740736,0.0691559908009891,0,0,0,15901,non-mge
300,205321,205907,587,non-cds,non-cds,contig_1,.,2836,2830,2835.08177172061,1.46755290583248,2836,2835,2836,0.687811206062644,0,0.00633962393888855,0.0483675195724963,0,0,0,4079,non-mge
301,205908,208157,2250,formate C-acetyltransferase,PANCAC_00169,contig_1,+,2836,2835,2835.98311111111,0.128883812032779,2836,2836,2836,0.693147180559945,0,0.00513649950508381,0.0481978117322835,0,0,0,14925,non-mge
302,208158,208179,22,non-cds,non-cds,contig_1,.,2836,2836,2836,0,2836,2836,2836,0.00315683274376661,0,0.000143492397443937,0.000673039002385889,0,0,0,1,non-mge
303,208180,208935,756,pyruvate formate-lyase-activating protein,PANCAC_00170,contig_1,+,2836,2836,2836,0,2836,2836,2836,0.619848943155048,0,0.00394330028577932,0.0402971616652977,0,0,0,3145,non-mge
304,208936,209270,335,non-cds,non-cds,contig_1,.,2836,2835,2835.82089552239,0.384013361104581,2836,2836,2836,0.688468882835905,0,0.0099170185501302,0.0615086301364379,0,0,0,3532,non-mge
305,209271,211034,1764,GP-PDE domain-containing protein,PANCAC_00171,contig_1,+,2836,2827,2834.63775510204,1.48799802507738,2835,2835,2835,0.989319816837957,0,0.0118650699334927,0.0771162078568307,0,0,0,31142,non-mge
306,211035,211197,163,non-cds,non-cds,contig_1,.,2836,2831,2834.54601226994,1.87972434933374,2836,2833,2836,0.310745614675424,0,0.00656401927879807,0.0379824670451744,0,0,0,791,non-mge
307,211198,211542,345,Staphylococcal complement inhibitor,PANCAC_00172,contig_1,-,2836,2832,2835.8231884058,0.47069497342198,2836,2836,2836,0.557829548829787,0,0.00676758686735709,0.0443729109072229,0,0,0,1988,non-mge
308,211543,211731,189,non-cds,non-cds,contig_1,.,2834,2818,2828.62433862434,5.02987248808812,2831,2824,2834,0.0523090639295444,0,0.00109545133624939,0.00590200717297229,0,0,0,90,non-mge
309,211732,213642,1911,staphylocoagulase,PANCAC_00173,contig_1,+,2835,500,1774.60753532182,869.817191376667,1760,911,2665,0.692872817338133,0,0.00320266707410809,0.0353350327669175,0,0,0,4836,15
310,213643,214245,603,non-cds,non-cds,contig_1,.,2836,2829,2835.17910447761,1.98275652796787,2836,2836,2836,0.689445261881517,0,0.00659670574945072,0.0472268499511261,0,0,0,3752,non-mge
311,214246,215430,1185,putative acetyl-CoA acyltransferase,PANCAC_00174,contig_1,-,2836,2835,2835.85738396624,0.349828493567377,2836,2836,2836,0.769548114709643,0,0.011506832350417,0.0702971560073049,0,0,0,20607,non-mge
312,215431,215459,29,non-cds,non-cds,contig_1,.,2835,2834,2834.8275862069,0.384425872219245,2835,2835,2835,0.00831269287052127,0,0.000286644581742113,0.00154362831375341,0,0,0,3,non-mge
313,215460,217721,2262,enoyl-CoA hydratase,PANCAC_00175,contig_1,-,2836,2833,2835.90893015031,0.449698710364376,2836,2836,2836,0.986327445447341,0,0.011928896620741,0.0724968216854434,0,0,0,33438,non-mge
314,217722,217906,185,non-cds,non-cds,contig_1,.,2836,2835,2835.80540540541,0.396962615933646,2836,2836,2836,0.317166188273926,0,0.00249310867166713,0.024206027985688,0,0,0,322,non-mge
315,217907,219118,1212,Glutaryl-CoA dehydrogenase,PANCAC_00176,contig_1,-,2836,2835,2835.85231023102,0.354938651324529,2836,2836,2836,0.697176257378353,0,0.00650684182118084,0.0548963200022183,0,0,0,10436,non-mge
316,219119,219229,111,non-cds,non-cds,contig_1,.,2836,2835,2835.59459459459,0.493196961916072,2836,2835,2836,0.156108325306841,0,0.00219331221268941,0.0149917783768611,0,0,0,135,non-mge
317,219230,220735,1506,Putative long chain fatty acid-CoA ligase VraA,PANCAC_00177,contig_1,-,2836,2833,2835.73439575033,0.627052536721741,2836,2836,2836,0.691310575073512,0,0.0120912934386552,0.0766230306102663,0,0,0,24932,non-mge
318,220736,220760,25,non-cds,non-cds,contig_1,.,2836,2836,2836,0,2836,2836,2836,0,0,0,0,0,0,0,0,non-mge
319,220761,222323,1563,Acetyl-CoA/acetoacetyl-CoA transferase,PANCAC_00178,contig_1,-,2836,2799,2835.3730006398,4.7346720561738,2836,2836,2836,0.692060113841815,0,0.0111408776560626,0.0735468954456299,0,0,0,27547,non-mge
320,222324,222691,368,non-cds,non-cds,contig_1,.,2836,1718,2712.29347826087,348.001535843129,2835,2834,2836,0.6553480504544,0,0.013492641516077,0.0705678757243502,0,0,0,4304,non-mge
321,222692,223921,1230,Protease PrsW,PANCAC_00179,contig_1,+,2836,2833,2835.77886178862,0.588643823771638,2836,2836,2836,0.865160879345384,0,0.0114476532386854,0.0701808174278284,0,0,0,18371,non-mge
322,223922,224234,313,non-cds,non-cds,contig_1,.,2836,2833,2835.71565495208,0.68334886802579,2836,2836,2836,0.669020108944179,0,0.011666930629547,0.0644381529057252,0,0,0,3600,non-mge
323,224235,225710,1476,nickel ABC transporter substrate-binding protein,PANCAC_00180,contig_1,-,2836,2834,2835.84959349594,0.464765117347926,2836,2836,2836,0.693147180559945,0,0.0112028234038833,0.0675657751041987,0,0,0,19109,non-mge
324,225711,225907,197,non-cds,non-cds,contig_1,.,2836,2828,2832.28934010152,2.44376300478109,2832,2831,2834,0.655834042370153,0,0.0177858053733314,0.0754926786698937,0,0,0,3269,non-mge
325,225908,226264,357,DUF488 domain-containing protein,PANCAC_00181,contig_1,-,2836,2833,2835.6918767507,0.687174729135499,2836,2836,2836,0.670726104231314,0,0.00916088826917008,0.060230240717259,0,0,0,3502,non-mge
326,226265,226420,156,non-cds,non-cds,contig_1,.,2836,2832,2834.5,1.05647008109935,2834,2834,2836,0.633612406759636,0,0.00967552769946112,0.0670366666418292,0,0,0,1738,non-mge
327,226421,226594,174,hypothetical protein,PANCAC_00182,contig_1,-,2836,2832,2835.63793103448,0.697599746001164,2836,2835.25,2836,0.341455534909043,0,0.00544075255488376,0.0363792027502598,0,0,0,726,non-mge
328,226595,226619,25,non-cds,non-cds,contig_1,.,2836,2836,2836,0,2836,2836,2836,0.157262892434448,0,0.00983827888480997,0.0354603439438443,0,0,0,154,non-mge
329,226620,227765,1146,nitric oxide dioxygenase,PANCAC_00183,contig_1,-,2836,2835,2835.93979057592,0.237978292904294,2836,2836,2836,0.68590635112569,0,0.00941056386717194,0.0604702340631526,0,0,0,11504,non-mge
330,227766,228337,572,non-cds,non-cds,contig_1,.,2836,2826,2834.40034965035,3.05619291177076,2836,2835,2836,0.691965057221515,0,0.012916373280899,0.0726283397224283,0,0,0,8743,non-mge
331,228338,229291,954,L-lactate dehydrogenase,PANCAC_00184,contig_1,+,2836,2836,2836,0,2836,2836,2836,0.549782553795723,0,0.00458708458225985,0.0381648994299545,0,0,0,5357,non-mge
332,229292,229610,319,non-cds,non-cds,contig_1,.,2836,2836,2836,0,2836,2836,2836,0.663521734035474,0,0.0117166832835022,0.0761192642085881,0,0,0,6916,non-mge
333,229611,231140,1530,PTS glucose transporter subunit IIB,PANCAC_00185,contig_1,-,2836,2831,2835.83202614379,0.770546220162237,2836,2836,2836,0.73660708202807,0,0.010294261248822,0.0667714342114012,0,0,0,18715,non-mge
334,231141,231501,361,non-cds,non-cds,contig_1,.,2836,2835,2835.81717451524,0.387059850401934,2836,2836,2836,0.53154719514312,0,0.00752820909068557,0.0514637687580779,0,0,0,2531,non-mge
335,231502,232437,936,Nucleoside hydrolase,PANCAC_00186,contig_1,+,2836,2834,2835.52991452991,0.550315799626058,2836,2835,2836,0.692652968719407,0,0.0101729605387772,0.0640122287892021,0,0,0,10957,non-mge
336,232438,232775,338,non-cds,non-cds,contig_1,.,2835,2797,2826.32840236686,10.9531707991669,2831,2824.25,2835,0.670786138596975,0,0.00802824931455223,0.0562729400028763,0,0,0,4730,non-mge
337,232776,234872,2097,PTS system mannitol (Cryptic)-specific transporter subunit IIA,PANCAC_00187,contig_1,+,2835,2833,2834.88173581307,0.369824644876764,2835,2835,2835,0.690638020369726,0,0.00920639193166078,0.0613681848091364,0,0,0,23594,non-mge
338,234857,235324,468,PTS sugar transporter subunit IIA,PANCAC_00188,contig_1,+,2835,2834,2834.91239316239,0.283024804483895,2835,2835,2835,0.632770893099376,0,0.0157024611900826,0.0815152903926881,0,0,0,7977,non-mge
339,235325,235346,22,non-cds,non-cds,contig_1,.,2835,2835,2835,0,2835,2835,2835,0.0031578221490543,0,0.000143537370411559,0.000673249944301991,0,0,0,1,non-mge
340,235347,235625,279,PTS system galactitol-specific transporter subunit IIB,PANCAC_00189,contig_1,+,2835,2834,2834.98924731183,0.103321491971319,2835,2835,2835,0.631238474720912,0,0.00692488448673679,0.0569752617521179,0,0,0,4289,non-mge
341,235626,235851,226,non-cds,non-cds,contig_1,.,2835,2831,2834,1.45143607047182,2835,2833,2835,0.623355463423994,0,0.00974942279031851,0.0632501534625437,0,0,0,2319,non-mge
342,235852,237111,1260,PTS galactitol transporter subunit IIC,PANCAC_00190,contig_1,+,2835,2835,2835,0,2835,2835,2835,0.751635737941839,0,0.00731027552391333,0.0572815904997965,0,0,0,13720,non-mge
343,237112,237128,17,non-cds,non-cds,contig_1,.,2835,2835,2835,0,2835,2835,2835,0.0031578221490543,0,0.000185754244062018,0.000765884368674462,0,0,0,1,non-mge
344,237129,238184,1056,Sorbitol dehydrogenase,PANCAC_00191,contig_1,+,2835,2831,2832.70359848485,1.18610690828208,2832,2832,2833,0.680423815676487,0,0.00835233808699314,0.0564191925468848,0,0,0,10993,non-mge
345,238185,238185,1,non-cds,non-cds,contig_1,.,2834,2834,2834,NA,2834,2834,2834,0,0,0,NA,0,0,0,0,non-mge
346,238186,238332,147,hypothetical protein,PANCAC_00192,contig_1,+,2834,2833,2833.98639455782,0.116242222177465,2834,2834,2834,0.684529607445599,0,0.0100415322771487,0.0734672616408548,0,0,0,2047,non-mge
347,238333,238355,23,non-cds,non-cds,contig_1,.,2834,2834,2834,0,2834,2834,2834,0.662237334671597,0,0.0294518953527712,0.137978502012234,0,0,0,1071,non-mge
348,238356,239399,1044,Enoyl reductase (ER) domain-containing protein,PANCAC_00193,contig_1,+,2834,2830,2832.66858237548,0.868832600750155,2833,2832,2833,0.690551899760273,0,0.0155480484145887,0.0787247305675545,0,0,0,18172,non-mge
349,239400,239926,527,non-cds,non-cds,contig_1,.,2836,2831,2835.28652751423,1.29030778990231,2836,2835,2836,0.692612267936502,0,0.00968121869809368,0.0650552514442923,0,0,0,7458,non-mge
350,239927,240643,717,Ribitol-5-phosphate cytidylyltransferase 2,PANCAC_00194,contig_1,+,2836,2835,2835.91073919107,0.285318865601383,2836,2836,2836,0.689877031364027,0,0.00834670667747864,0.0610643732298239,0,0,0,7003,non-mge
351,240636,241661,1026,Ribulose-5-phosphate reductase 2,PANCAC_00195,contig_1,+,2836,2833,2835.75633528265,0.718456218034174,2836,2836,2836,0.657254483818538,0,0.00751721577064463,0.0538580091852689,0,0,0,9261,non-mge
352,241662,241682,21,non-cds,non-cds,contig_1,.,2836,2835,2835.04761904762,0.218217890235992,2835,2835,2835,0.0887190967799656,0,0.00422471889428408,0.0193600941229669,0,0,0,50,non-mge
353,241683,243377,1695,teichoic acid ribitol-phosphate polymerase TarL,PANCAC_00196,contig_1,+,2836,2821,2834.1616519174,2.82818786861965,2835,2834,2836,0.952737599934514,0,0.00845223372495698,0.0621958275681601,0,0,0,17818,non-mge
354,243378,243804,427,non-cds,non-cds,contig_1,.,2835,1619,2766.6299765808,275.476307682894,2835,2833,2835,0.693147180559945,0,0.0125613392684028,0.062031266857913,0,0,0,5103,non-mge
355,243805,244974,1170,teichoic acid glycerol-phosphate transferase TarF,PANCAC_00197,contig_1,+,2836,2825,2835.4452991453,1.95435491103983,2836,2836,2836,0.691378016665554,0,0.0116322137382762,0.0748672978453236,0,0,0,22144,non-mge
356,244975,245249,275,non-cds,non-cds,contig_1,.,2836,2818,2830.62181818182,5.84990769498239,2833,2826,2836,0.660164259625252,0,0.00492311965145044,0.0457457662245049,0,0,0,1539,non-mge
357,245250,245966,717,Ribitol-5-phosphate cytidylyltransferase 1,PANCAC_00198,contig_1,+,2836,2835,2835.98884239888,0.105111932830139,2836,2836,2836,0.534604373044455,0,0.00465733826508785,0.0416973314885196,0,0,0,3022,non-mge
358,245959,246984,1026,Ribulose-5-phosphate reductase 1,PANCAC_00199,contig_1,+,2836,2833,2835.67543859649,0.743702702620118,2836,2836,2836,0.368214885439973,0,0.00329346146630233,0.0273349906068697,0,0,0,2514,non-mge
359,246985,247005,21,non-cds,non-cds,contig_1,.,2836,2835,2835.7619047619,0.436435780471985,2836,2836,2836,0.0031578221490543,0,0.0001503724832883,0.000689093287107117,0,0,0,1,non-mge
360,247006,248694,1689,teichoic acid ribitol-phosphate polymerase TarL,PANCAC_00200,contig_1,+,2836,2818,2834.35405565423,3.28542259239886,2836,2834,2836,0.685101432461432,0,0.00452370609234379,0.0448294947293384,0,0,0,9666,non-mge
361,248695,248726,32,non-cds,non-cds,contig_1,.,2836,2836,2836,0,2836,2836,2836,0.0901085272533193,0,0.00348001618496215,0.0160328130987935,0,0,0,59,non-mge
362,248727,250451,1725,poly(ribitol-phosphate) beta-N-acetylglucosaminyltransferase,PANCAC_00201,contig_1,+,2836,2832,2835.84173913043,0.520905635722584,2836,2836,2836,0.69314393265925,0,0.00915206416185251,0.0618364202728361,0,0,0,22636,non-mge
363,250452,250590,139,non-cds,non-cds,contig_1,.,2835,2830,2832.97122302158,1.49366995773985,2834,2831,2834,0.530422855753129,0,0.00569811458745792,0.047764082274284,0,0,0,799,non-mge
364,250591,251265,675,iron-sulfur cluster repair di-iron protein ScdA,PANCAC_00202,contig_1,+,2836,2834,2835.88444444444,0.466991550045657,2836,2836,2836,0.660649041044512,0,0.00851572027838785,0.0653236282280615,0,0,0,13115,non-mge
365,251266,251511,246,non-cds,non-cds,contig_1,.,2836,2826,2832.74390243902,3.49627548397302,2835,2830,2836,0.269511341701739,0,0.00295965442624438,0.0240257383891088,0,0,0,512,non-mge
366,251512,253266,1755,Sensor histidine kinase/phosphatase LytS,PANCAC_00203,contig_1,+,2836,2829,2835.89230769231,0.624767301650922,2836,2836,2836,0.938242613974069,0,0.00619296051606346,0.0514667378936193,0,0,0,16074,non-mge
367,253267,253268,2,non-cds,non-cds,contig_1,.,2828,2828,2828,0,2828,2828,2828,0,0,0,0,0,0,0,0,non-mge
368,253269,254009,741,response regulator transcription factor LytR,PANCAC_00204,contig_1,+,2836,2826,2834.99190283401,2.41110925941076,2836,2835,2836,0.693087274231022,0,0.00835332222321668,0.0662429038357031,0,0,0,10055,non-mge
369,254010,254127,118,non-cds,non-cds,contig_1,.,2836,2830,2835.36440677966,1.71800547364524,2836,2836,2836,0.661922547463376,0,0.00574327721340855,0.0609258361890057,0,0,0,1069,non-mge
370,254128,254565,438,antiholin-like murein hydrolase modulator LrgA,PANCAC_00205,contig_1,+,2836,2834,2835.79680365297,0.599228193744958,2836,2836,2836,0.251407888484701,0,0.00236028783902737,0.0195089392781981,0,0,0,677,non-mge
371,254558,255259,702,antiholin-like protein LrgB,PANCAC_00206,contig_1,+,2836,2835,2835.89743589744,0.303605026786671,2836,2836,2836,0.690170307083977,0,0.00604141502236132,0.0490100740174946,0,0,0,6294,non-mge
372,255260,255366,107,non-cds,non-cds,contig_1,.,2836,2833,2835.20560747664,0.978430758987192,2836,2834,2836,0.558619404347007,0,0.012648958555864,0.0688940653855474,0,0,0,1325,non-mge
373,255367,256071,705,HTH gntR-type domain-containing protein,PANCAC_00207,contig_1,-,2836,2834,2835.89929078014,0.398594201164299,2836,2836,2836,0.693147180559945,0,0.0101132527999055,0.073361395556995,0,0,0,10875,non-mge
374,256072,256219,148,non-cds,non-cds,contig_1,.,2836,2836,2836,0,2836,2836,2836,0.557829548829787,0,0.00877321144011719,0.0599331437071289,0,0,0,1321,non-mge
375,256220,257011,792,PTS system glucose-specific EIIA component,PANCAC_00208,contig_1,+,2836,1724,2661.59343434343,403.530072861978,2835,2835,2836,0.693147180559945,0,0.00855266969923888,0.0581878891891075,0,0,0,6508,16
376,257012,257026,15,non-cds,non-cds,contig_1,.,2836,2836,2836,0,2836,2836,2836,0.00830757571750994,0,0.000553838381167329,0.00214500682675154,0,0,0,3,non-mge
377,257027,258463,1437,6-phospho-beta-glucosidase%2C putative,PANCAC_00209,contig_1,+,2836,2832,2835.74251913709,0.958299067915678,2836,2836,2836,0.69216874298434,0,0.0095913073556764,0.0620938563680885,0,0,0,17943,non-mge
378,258464,258895,432,non-cds,non-cds,contig_1,.,2836,2141,2776.65740740741,175.07086597163,2834,2803,2835,0.657589201530603,0,0.0114048343766622,0.0674012233573503,0,0,0,4804,non-mge
379,258896,259657,762,SAM-dependent methyltransferase,PANCAC_00211,contig_1,-,2836,2835,2835.99212598425,0.0884436605120594,2836,2836,2836,0.862140565882784,0,0.0122166640151853,0.0762182750848846,0,0,0,12828,non-mge
380,259658,259907,250,non-cds,non-cds,contig_1,.,2836,2832,2834.344,1.20975951010486,2835,2833,2835,0.530667280718606,0,0.0144700119297532,0.0732461950487354,0,0,0,3487,non-mge
381,259908,260822,915,ribokinase,PANCAC_00212,contig_1,-,2836,2835,2835.91912568306,0.272791109930191,2836,2836,2836,0.673095107582434,0,0.0105491614715462,0.0649998449729001,0,0,0,10133,non-mge
382,260823,260849,27,non-cds,non-cds,contig_1,.,2836,2836,2836,0,2836,2836,2836,0.479222356418741,0,0.0177489761636571,0.092226385493349,0,0,0,525,non-mge
383,260850,261254,405,D-ribose pyranase,PANCAC_00213,contig_1,-,2836,2836,2836,0,2836,2836,2836,0.551413672252048,0,0.00708889898015061,0.048594735898085,0,0,0,2618,non-mge
384,261255,261268,14,non-cds,non-cds,contig_1,.,2836,2836,2836,0,2836,2836,2836,0.0172905196967579,0,0.00123503712119699,0.00462108576746674,0,0,0,7,non-mge
385,261269,262150,882,ribose transporter RbsU,PANCAC_00214,contig_1,-,2836,2836,2836,0,2836,2836,2836,0.75750984645597,0,0.0097774495169,0.0694963631449795,0,0,0,13338,non-mge
386,262151,262381,231,non-cds,non-cds,contig_1,.,2836,2834,2835.2987012987,0.633793308749546,2835,2835,2836,0.691535457856555,0,0.0179525412095001,0.0918775613614331,0,0,0,7833,non-mge
387,262382,263380,999,ribose utilization transcriptional repressor RbsR,PANCAC_00215,contig_1,-,2836,2836,2836,0,2836,2836,2836,0.688075531191449,0,0.0104700566551427,0.064160724947087,0,0,0,11259,non-mge
388,263381,263759,379,non-cds,non-cds,contig_1,.,2836,2495,2758.327176781,104.401436139233,2825,2717.5,2833,0.685467737029919,0,0.0116759295440457,0.0758207679290886,0,0,0,5974,non-mge
389,263760,264152,393,Phage protein,PANCAC_00216,contig_1,+,2595,2591,2593.631043257,1.44411302509413,2594,2592,2595,0.335917015882786,0,0.00310902081228369,0.0258220443365708,0,0,0,794,non-mge
390,264153,264379,227,non-cds,non-cds,contig_1,.,2817,2590,2650.19383259912,35.3157358798159,2654,2623,2686,0,0,0,0,0,0,0,0,non-mge
391,264380,264784,405,Truncated transposase,PANCAC_00218,contig_1,+,2835,2455,2675.45432098765,112.963264038024,2705,2647,2755,0.531645468446931,0,0.00131270486036279,0.0264176757194901,0,0,0,634,non-mge
392,264785,264824,40,non-cds,non-cds,contig_1,.,2835,2835,2835,0,2835,2835,2835,0.528553218139386,0,0.028394697832701,0.102929469219352,0,0,0,1113,non-mge
393,264825,266201,1377,Quinolone resistance protein NorB,PANCAC_00219,contig_1,-,2836,2835,2835.57153231663,0.495036458320794,2836,2835,2836,0.700113191462375,0,0.0101325799876153,0.0708690354011847,0,0,0,20137,non-mge
394,266202,266434,233,non-cds,non-cds,contig_1,.,2835,2835,2835,0,2835,2835,2835,0.690421425150752,0,0.00899223381161081,0.063026470278869,0,0,0,2788,non-mge
395,266435,267427,993,Choloylglycine hydrolase/NAAA C-terminal domain-containing protein,PANCAC_00220,contig_1,+,2836,2829,2834.76132930514,1.45511993925524,2835,2835,2835,0.676715396266898,0,0.0110632419780312,0.0730014140317207,0,0,0,16099,non-mge
396,267428,267752,325,non-cds,non-cds,contig_1,.,2836,2835,2835.97538461538,0.155188822890817,2836,2836,2836,0.646128122276441,0,0.00591425297118248,0.0447779179746086,0,0,0,1468,non-mge
397,267753,268703,951,glycine-glycine endopeptidase LytM,PANCAC_00221,contig_1,+,2836,2835,2835.94847528917,0.221181728495622,2836,2836,2836,0.691985083578899,0,0.00789721986358347,0.0584844996883596,0,0,0,8926,non-mge
398,268704,268754,51,non-cds,non-cds,contig_1,.,2836,2836,2836,0,2836,2836,2836,0.0970777062136231,0,0.00380696887112247,0.0190310370059682,0,0,0,112,non-mge
399,268755,269414,660,ABC transporter domain-containing protein,PANCAC_00222,contig_1,-,2836,2835,2835.67878787879,0.467296213977731,2836,2835,2836,0.692371761574694,0,0.0160461052712437,0.0869652547359632,0,0,0,12865,non-mge
400,269415,269427,13,non-cds,non-cds,contig_1,.,2835,2835,2835,0,2835,2835,2835,0.0031578221490543,0,0.0002429093960811,0.000875822282862398,0,0,0,1,non-mge
401,269428,270348,921,ABC-2 type transporter transmembrane domain-containing protein,PANCAC_00223,contig_1,-,2836,2828,2834.9348534202,1.77546417850183,2836,2834,2836,0.860364707048432,0,0.0106090987836182,0.0656458975736707,0,0,0,10572,non-mge
402,270345,271511,1167,ABC-2 type transporter transmembrane domain-containing protein,PANCAC_00224,contig_1,-,2836,2825,2828.95029991431,1.91435790932626,2828,2828,2830,0.692664223903261,0,0.00960247684602078,0.0647967631740934,0,0,0,15442,non-mge
403,271512,271578,67,non-cds,non-cds,contig_1,.,2828,2827,2827.5223880597,0.503268376961248,2828,2827,2828,0.371775288025259,0,0.00618799825354226,0.0454941421425215,0,0,0,364,non-mge
404,271579,273102,1524,hypothetical protein,PANCAC_00225,contig_1,-,2828,2823,2827.48293963255,0.954154763909192,2828,2827,2828,0.693146386600951,0,0.00751705432647556,0.0575707619296026,0,0,0,17000,non-mge
405,273103,273372,270,non-cds,non-cds,contig_1,.,2827,997,2117.89259259259,734.88149383564,2503.5,1011,2606,0.656294222599195,0,0.0102898388203121,0.0714892816152138,0,0,0,2268,17
406,273373,274026,654,DUF5079 domain-containing protein,PANCAC_00226,contig_1,+,1019,977,1013.91896024465,10.057316970478,1017,1014,1019,0.683812661508239,0,0.00530490484886432,0.0502278552589671,0,0,0,1464,17
407,274027,274059,33,non-cds,non-cds,contig_1,.,1014,1012,1012.75757575758,0.501890365910663,1013,1012,1013,0.587235507085306,0,0.0177950153662214,0.102224580567366,0,0,0,277,17
408,274060,274647,588,DUF5080 domain-containing protein,PANCAC_00227,contig_1,+,1460,1443,1456.21428571429,4.0222973086088,1457,1455,1459,0.582891294486867,0,0.00693636835589835,0.0537538851402759,0,0,0,2162,17
409,274648,274789,142,non-cds,non-cds,contig_1,.,2827,1013,2289.94366197183,829.972654207712,2826,1014,2826,0.615200375568941,0,0.0148941418034312,0.0862430322408463,0,0,0,1607,17
410,274790,275692,903,Secretory antigen,PANCAC_00228,contig_1,-,2827,2822,2825.92026578073,1.62035935908177,2827,2825,2827,0.693092364256541,0,0.00820458960089594,0.0573018409605751,0,0,0,9797,non-mge
411,275693,275930,238,non-cds,non-cds,contig_1,.,2826,1674,2603.45378151261,332.868640172234,2820,2272.75,2824,0.706848573098575,0,0.00907454099814394,0.0677901918816547,0,0,0,2589,non-mge
412,275931,276224,294,WXG100 family type VII secretion effector EsxA,PANCAC_00229,contig_1,+,2825,2823,2824.03401360544,0.709900401478291,2824,2824,2825,0.693147180559945,0,0.00308218567882964,0.0407866426074994,0,0,0,1491,non-mge
413,276225,276307,83,non-cds,non-cds,contig_1,.,2825,2821,2823.49397590361,1.62580932173235,2824,2822,2825,0.0107066736974739,0,0.000229458471386876,0.00148073558008176,0,0,0,7,non-mge
414,276308,279337,3030,type VII secretion system protein EsaA,PANCAC_00230,contig_1,+,2825,2822,2824.79372937294,0.569408553142193,2825,2825,2825,0.693147180559945,0,0.00884687546735098,0.061244866395633,0,0,0,34087,non-mge
415,279337,279795,459,type VII secretion system protein EssA%2C monotopic membrane protein,PANCAC_00231,contig_1,+,2825,2821,2824.54901960784,1.04238458863275,2825,2825,2825,0.608516069333707,0,0.00441536047698128,0.0415856087134424,0,0,0,2045,non-mge
416,279767,280009,243,type VII secretion protein EsaB,PANCAC_00232,contig_1,+,2825,2824,2824.86419753086,0.343285767029625,2825,2825,2825,0.684233001554533,0,0.00415165457581171,0.0448307671747069,0,0,0,1772,non-mge
417,280010,280021,12,non-cds,non-cds,contig_1,.,2825,2824,2824.66666666667,0.492365963917331,2825,2824,2825,0.0173482212291106,0,0.00144568510242588,0.00500800009829409,0,0,0,7,non-mge
418,280022,281356,1335,type VII secretion protein EssB,PANCAC_00233,contig_1,+,2825,881,2728.36853932584,335.253099446738,2825,2824,2825,0.71054769148803,0,0.0102461102737312,0.0666385442324134,0,0,0,16532,non-mge
419,281357,281377,21,non-cds,non-cds,contig_1,.,2809,2781,2785.7619047619,5.90681607894441,2784,2783,2787,0.00320711798838622,0,0.000152719904208868,0.000699850521163542,0,0,0,1,non-mge
420,281378,285817,4440,type VII secretion system protein EssC%2C FtsK/SpoIIIE family ATPase,PANCAC_00234,contig_1,+,2833,1496,2465.86981981982,590.402728663269,2824,1502,2826,0.705149322029604,0,0.00946331904175135,0.065330927430392,0,0,0,45204,18
421,285818,285846,29,non-cds,non-cds,contig_1,.,1501,1500,1500.62068965517,0.49380397379124,1501,1500,1501,0.541040859158165,0,0.0248248567401733,0.102620269425522,0,0,0,401,18
422,285847,286239,393,type VII secretion system secreted protein EsxC,PANCAC_00235,contig_1,+,1502,1499,1500.34860050891,0.888190275222455,1501,1500,1501,0.651029211667404,0,0.0100222134624823,0.0644824962793864,0,0,0,2198,18
423,286240,286254,15,non-cds,non-cds,contig_1,.,1500,1499,1499.46666666667,0.516397779494322,1499,1499,1500,0,0,0,0,0,0,0,0,18
424,286255,286569,315,WXG100 family type VII secretion effector EsxB,PANCAC_00236,contig_1,+,1502,1498,1500.34285714286,1.03593311359015,1500,1500,1501,0.655567393857063,0,0.0118235312520771,0.0764461143320054,0,0,0,2356,18
425,286566,287243,678,type VII secretion system chaperone protein,PANCAC_00237,contig_1,+,1503,1499,1501.09734513274,1.05504010945263,1501,1500,1502,0.646256281479243,0,0.00970222506158698,0.0689972165748313,0,0,0,4144,18
426,287244,287248,5,non-cds,non-cds,contig_1,.,1500,1499,1499.6,0.547722557505166,1500,1499,1500,0,0,0,0,0,0,0,0,18
427,287249,287560,312,type VII secretion system secreted protein EsxD,PANCAC_00238,contig_1,+,1503,1498,1500.51602564103,1.26785622009706,1500,1500,1502,0.692679311493516,0,0.0116502592222721,0.0650840969725047,0,0,0,2020,18
428,287561,289414,1854,type VII secretion system secreted protein%2C a nuclease toxin EsaD,PANCAC_00239,contig_1,+,1598,1303,1485.27130528587,44.9066822398425,1499,1496,1500,0.651454225268655,0,0.00613964932841917,0.0468884088615804,0,0,0,5662,18
429,289415,289424,10,non-cds,non-cds,contig_1,.,1948,1608,1701.2,151.052455936487,1609,1609,1793.5,0,0,0,0,0,0,0,0,18
430,289425,289916,492,Type VII secretion system protein EsaG,PANCAC_00240,contig_1,+,2739,1896,2322.13821138211,400.226149414814,2480,1920,2728,0.241119003940739,0,0.000928297328020068,0.0130916531999321,0,0,0,299,18
431,289917,290123,207,non-cds,non-cds,contig_1,.,2448,2441,2443.8115942029,1.1857818155719,2444,2444,2444,0.401254971779975,0,0.00549988188008573,0.0353302304350214,0,0,0,734,non-mge
432,290124,290807,684,DUF5079 domain-containing protein,PANCAC_00241,contig_1,+,2462,2435,2452.07748538012,9.043160967565,2454,2445,2460,0.559511202851096,0,0.00721402299355722,0.0533267344848497,0,0,0,4194,non-mge
433,290808,290953,146,non-cds,non-cds,contig_1,.,2455,1986,2346.17123287671,188.005515678041,2451,2423,2451,0.529115216913711,0,0.00557063532362863,0.0453953007114771,0,0,0,1667,non-mge
434,290954,291565,612,DUF5080 domain-containing protein,PANCAC_00242,contig_1,+,2112,1986,2013.36764705882,45.7545983739305,1992,1991,1995,0.693147180559945,0,0.00894467686549298,0.0668448944286163,0,0,0,5635,non-mge
435,291566,291700,135,non-cds,non-cds,contig_1,.,2312,1871,2123.57037037037,163.908216978727,2193,1913.5,2268,0.0442870202017057,0,0.00114074895767543,0.00552236599753171,0,0,0,49,non-mge
436,291701,291919,219,Mid2-like cell wall stress sensor domain protein,PANCAC_00243,contig_1,+,2069,2061,2067.14611872146,1.6990609939228,2068,2067,2068,0.700155520001521,0,0.012029965532279,0.0841482133223941,0,0,0,3546,non-mge
437,291920,292050,131,non-cds,non-cds,contig_1,.,2504,1897,2049.90076335878,172.430492349006,2037,1898,2060,0.443773061879949,0,0.00628448742765551,0.0503858979241818,0,0,0,562,non-mge
438,292051,292551,501,TIGR01741 family protein,PANCAC_00244,contig_1,+,2519,1792,2280.92015968064,298.153386049487,2467,1843,2481,0.291228048342988,0,0.00128693323228821,0.0180168929154798,0,0,0,427,19;20
439,292552,292561,10,non-cds,non-cds,contig_1,.,1936,1935,1935.3,0.483045891539648,1935,1935,1935.75,0,0,0,0,0,0,0,0,20
440,292562,293062,501,TIGR01741 family protein,PANCAC_00245,contig_1,+,1937,1877,1915.69660678643,17.6303082350557,1918,1915,1934,0.0270297619151763,0,0.000116755285982255,0.00171606741292524,0,0,0,17,20
441,293063,293072,10,non-cds,non-cds,contig_1,.,1908,1892,1901,7.78888096369861,1906,1892,1907.5,0,0,0,0,0,0,0,0,20
442,293073,293573,501,TIGR01741 family protein,PANCAC_00246,contig_1,+,2140,1831,1962.3872255489,86.9428879005467,1917,1900,2051,0.17585012113627,0,0.000921888107560795,0.0109277064346183,0,0,0,203,20
443,293574,293583,10,non-cds,non-cds,contig_1,.,2140,2139,2139.4,0.516397779494322,2139,2139,2140,0.119510776238672,0,0.0138803035443792,0.0376067201996405,0,0,0,61,non-mge
444,293584,294084,501,TIGR01741 family protein,PANCAC_00247,contig_1,+,2426,1803,2078.46506986028,67.4800509591176,2062,2057,2138,0.0836831456924045,0,0.000567524277397262,0.00580195086956741,0,0,0,105,non-mge
445,294085,294094,10,non-cds,non-cds,contig_1,.,2426,2426,2426,0,2426,2426,2426,0,0,0,0,0,0,0,0,non-mge
446,294095,294583,489,TIGR01741 family protein,PANCAC_00248,contig_1,+,2810,2266,2565.89570552147,209.991245333622,2439,2424,2790,0.456405308189817,0,0.00195554223236402,0.0274695453652476,0,0,0,853,non-mge
447,294584,295205,622,non-cds,non-cds,contig_1,.,2822,2728,2799.98553054662,24.0259812997374,2795,2791,2822,0.674055178904182,0,0.0107026000414314,0.0677386168737994,0,0,0,7277,non-mge
448,295206,295580,375,DUF4467 domain-containing protein,PANCAC_00249,contig_1,+,2821,2811,2817.016,3.08346634583262,2818,2815,2819.5,0.685117066148811,0,0.0071039238079368,0.057317664133658,0,0,0,3203,non-mge
449,295581,295732,152,non-cds,non-cds,contig_1,.,2820,2806,2814.15131578947,4.0766819848471,2815,2811,2816,0.92156172817004,0,0.0178315240306829,0.104085024774831,0,0,0,3291,non-mge
450,295733,296131,399,DUF4064 domain-containing protein,PANCAC_00250,contig_1,+,2822,2820,2821.56892230576,0.749965889662311,2822,2821,2822,0.693147180559945,0,0.00836148531585715,0.0633470370400827,0,0,0,4166,non-mge
451,296132,296346,215,non-cds,non-cds,contig_1,.,2822,2822,2822,0,2822,2822,2822,0.547445970256052,0,0.00845355986660296,0.0631313406691221,0,0,0,2017,non-mge
452,296347,297171,825,Formate/nitrite transporter,PANCAC_00251,contig_1,-,2822,2820,2821.88363636364,0.457978211671037,2822,2822,2822,0.692047756292174,0,0.0111450235631385,0.0733799820811471,0,0,0,12436,non-mge
453,297172,297407,236,non-cds,non-cds,contig_1,.,2822,2818,2819.98305084746,0.958572083860533,2820,2819,2820.25,0.523997590766695,0,0.00846626728493838,0.054850100684309,0,0,0,1849,non-mge
454,297408,298715,1308,branched-chain amino acid transport system II carrier protein,PANCAC_00252,contig_1,-,2823,2819,2822.45107033639,1.00567194114057,2823,2822,2823,0.691221509036774,0,0.00882925802436674,0.0611258924885579,0,0,0,13319,non-mge
455,298716,299298,583,non-cds,non-cds,contig_1,.,2823,2812,2817.7615780446,3.30621079302304,2816,2815,2821,0.559087449332229,0,0.00742141121131645,0.0477133530292596,0,0,0,3743,non-mge
456,299299,300189,891,5'-nucleotidase%2C lipoprotein e(P4) family,PANCAC_00253,contig_1,+,2823,2822,2822.84399551066,0.3630633955569,2823,2823,2823,0.835361621967561,0,0.00951939529667701,0.0645373534651252,0,0,0,9272,non-mge
457,300190,300437,248,non-cds,non-cds,contig_1,.,2823,2820,2821.79435483871,0.982667807210921,2822,2822,2822,0.232538259900147,0,0.00566975016174208,0.0286354334483676,0,0,0,881,non-mge
458,300438,301487,1050,Putative hemin transport system permease protein HrtB,PANCAC_00254,contig_1,+,2823,2820,2822.70761904762,0.655866717565215,2823,2823,2823,0.693147180559945,0,0.00771533070848832,0.0577333623671549,0,0,0,12998,non-mge
459,301488,301499,12,non-cds,non-cds,contig_1,.,2822,2822,2822,0,2822,2822,2822,0.0194654271577473,0,0.0027793935795404,0.00611332826313612,0,0,0.000792686055294422,13,non-mge
460,301500,302177,678,Putative hemin import ATP-binding protein HrtA,PANCAC_00255,contig_1,+,2823,2822,2822.30088495575,0.458981386213022,2822,2822,2823,0.689875427669369,0,0.00693062354930067,0.0524432084214656,0,0,0,5327,non-mge
461,302178,302384,207,non-cds,non-cds,contig_1,.,2823,2817,2820.99516908213,1.5718938689842,2821,2820,2823,0.538009460212075,0,0.00435348203795708,0.0396910670495635,0,0,0,2378,non-mge
462,302385,303416,1032,Phosphotransferase system EIIC domain-containing protein,PANCAC_00256,contig_1,+,2823,2817,2822.48643410853,1.30052965317108,2823,2823,2823,0.693147180559945,0,0.00816115978000818,0.0651950716273144,0,0,0,11990,non-mge
463,303417,303758,342,non-cds,non-cds,contig_1,.,2823,2816,2821.92105263158,2.27498730043997,2823,2823,2823,0.672395484624829,0,0.00899569658457208,0.0676872081472082,0,0,0,5634,non-mge
464,303759,304877,1119,Ribokinase,PANCAC_00257,contig_1,+,2823,2821,2822.91331546023,0.344379351045096,2823,2823,2823,0.685616228805255,0,0.00507696097470377,0.0483374431823421,0,0,0,9232,non-mge
465,304852,305775,924,Pseudouridine-5'-phosphate glycosidase,PANCAC_00258,contig_1,+,2823,2823,2823,0,2823,2823,2823,0.680742733450343,0,0.00770322184297392,0.0527936779382538,0,0,0,7717,non-mge
466,305776,305785,10,non-cds,non-cds,contig_1,.,2823,2823,2823,0,2823,2823,2823,0,0,0,0,0,0,0,0,non-mge
467,305786,307006,1221,NupC/NupG family nucleoside CNT transporter,PANCAC_00259,contig_1,+,2823,2816,2822.50778050778,1.23712254888673,2823,2823,2823,0.697855028760682,0,0.0111088424504678,0.073718703017905,0,0,0,18105,non-mge
468,307007,307110,104,non-cds,non-cds,contig_1,.,2823,2823,2823,0,2823,2823,2823,0.482570836993952,0,0.00872263119027031,0.0550157220732308,0,0,0,831,non-mge
469,307111,308643,1533,Na+/proline symporter,PANCAC_00260,contig_1,-,2823,2819,2822.77690802348,0.745614919630455,2823,2823,2823,0.702836101892654,0,0.00924386891010662,0.0623096087460594,0,0,0,17030,non-mge
470,308644,308682,39,non-cds,non-cds,contig_1,.,2823,2823,2823,0,2823,2823,2823,0.346226885845849,0,0.0172307664053473,0.0747587158325852,0,0,0,590,non-mge
471,308683,309564,882,N-acetylneuraminate lyase,PANCAC_00261,contig_1,-,2823,2822,2822.95578231293,0.205695051620499,2823,2823,2823,0.688914916169533,0,0.011579421014535,0.0749890013650151,0,0,0,15534,non-mge
472,309565,309721,157,non-cds,non-cds,contig_1,.,2823,2822,2822.71337579618,0.453631435933214,2823,2822,2823,0.908539703751516,0,0.0105253746893873,0.0780271606218527,0,0,0,1798,non-mge
473,309722,310582,861,Glucokinase,PANCAC_00262,contig_1,+,2823,2819,2822.71196283391,0.854921989376458,2823,2823,2823,0.693021814076599,0,0.0111905177758412,0.073435573929658,0,0,0,16175,non-mge
474,310583,310859,277,non-cds,non-cds,contig_1,.,2823,2823,2823,0,2823,2823,2823,0.686142506336318,0,0.00901562066322404,0.0622306236886853,0,0,0,3222,non-mge
475,310860,311660,801,MurR/RpiR family transcriptional regulator,PANCAC_00263,contig_1,-,2823,2823,2823,0,2823,2823,2823,0.680167016862591,0,0.00976098081954588,0.0677874846059986,0,0,0,10063,non-mge
476,311661,311799,139,non-cds,non-cds,contig_1,.,2823,2815,2819.41007194245,3.15036908267994,2822,2816,2822,0.528944337137913,0,0.00584322556522122,0.0477037967023108,0,0,0,796,non-mge
477,311800,312468,669,Putative N-acetylmannosamine-6-phosphate 2-epimerase,PANCAC_00264,contig_1,+,2823,2822,2822.97757847534,0.14816076562345,2823,2823,2823,0.693147180559945,0,0.0111106498236642,0.0728104927321393,0,0,0,9892,non-mge
478,312469,312594,126,non-cds,non-cds,contig_1,.,2823,2823,2823,0,2823,2823,2823,0.645916922306815,0,0.011358208195101,0.0746926444893637,0,0,0,1715,non-mge
479,312595,313956,1362,Nucleoside transporter/FeoB GTPase Gate domain-containing protein,PANCAC_00265,contig_1,-,2823,2811,2818.74302496329,3.77995590840315,2816,2815,2823,0.774043774771709,0,0.00964545411633013,0.0665415988167815,0,0,0,16314,non-mge
480,313957,314325,369,non-cds,non-cds,contig_1,.,2822,2814,2820.0027100271,2.28594315634855,2821,2819,2822,0.655056009922198,0,0.0111993550936646,0.0705636699651443,0,0,0,4626,non-mge
481,314326,316398,2073,YSIRK domain-containing triacylglycerol lipase Lip2/Geh,PANCAC_00266,contig_1,+,2826,2820,2822.91413410516,0.565547139458075,2823,2823,2823,0.845800488642558,0,0.00990872717360567,0.0654462011283879,0,0,0,24549,non-mge
482,316399,316639,241,non-cds,non-cds,contig_1,.,2823,2822,2822.70539419087,0.456814092163811,2823,2822,2823,0.923527497310818,0,0.0139192315049453,0.0857907165682142,0,0,0,3733,non-mge
483,316640,317467,828,BD-FAE-like domain-containing protein,PANCAC_00267,contig_1,-,2823,2822,2822.91666666667,0.276552449921234,2823,2823,2823,0.669819139268099,0,0.00759704254334713,0.0506144467170488,0,0,0,5941,non-mge
484,317468,317539,72,non-cds,non-cds,contig_1,.,2823,2822,2822.55555555556,0.500391083360534,2823,2822,2823,0.17144609256066,0,0.00400605603469772,0.0221187482156342,0,0,0,173,non-mge
485,317540,318739,1200,NADH-dependent flavin oxidoreductase,PANCAC_00268,contig_1,-,2823,2822,2822.84,0.366758903656307,2823,2823,2823,0.691428507237952,0,0.0104315274068037,0.0694995863823618,0,0,0,17970,non-mge
486,318740,318861,122,non-cds,non-cds,contig_1,.,2823,2822,2822.97540983607,0.155511140899212,2823,2823,2823,0.26403035941843,0,0.00450823234102599,0.0300840607289111,0,0,0,388,non-mge
487,318862,318927,66,Transposase,PANCAC_00269,contig_1,+,2823,2822,2822.12121212121,0.328874608564584,2822,2822,2822,0.017364029571162,0,0.000820134896157701,0.00337414362899672,0,0,0,21,non-mge
488,318928,319040,113,non-cds,non-cds,contig_1,.,2823,2823,2823,0,2823,2823,2823,0.422563958724755,0,0.0146523507528969,0.0647959561728269,0,0,0,1374,non-mge
489,319041,320042,1002,LLM class flavin-dependent oxidoreductase,PANCAC_00270,contig_1,+,2823,2820,2822.83133732535,0.600113216078366,2823,2823,2823,0.683428399672629,0,0.0114325609496646,0.0694408592765895,0,0,0,15967,non-mge
490,320043,320075,33,non-cds,non-cds,contig_1,.,2823,2823,2823,0,2823,2823,2823,0.029381111276738,0,0.00187717953017125,0.00632343163208553,0,0,0,26,non-mge
491,320076,320408,333,Glycine cleavage system H-like protein,PANCAC_00271,contig_1,+,2823,2823,2823,0,2823,2823,2823,0.680969413064082,0,0.00781087061727662,0.0573788824630894,0,0,0,2981,non-mge
492,320409,321209,801,protein-ADP-ribose hydrolase,PANCAC_00272,contig_1,+,2823,2822,2822.96004993758,0.19596427608909,2823,2823,2823,0.667419527415796,0,0.0104355341633,0.0642265154736262,0,0,0,9494,non-mge
493,321199,322143,945,Protein ADP-ribosyltransferase,PANCAC_00273,contig_1,+,2823,2816,2822.31111111111,1.44406050235552,2823,2822,2823,0.973542498238805,0,0.0106905114607512,0.0639094870972738,0,0,0,9579,non-mge
494,322121,323143,1023,Lipoate--protein ligase 2,PANCAC_00274,contig_1,+,2822,2821,2821.9257086999,0.262372625312319,2822,2822,2822,0.685920202118332,0,0.011644424316338,0.0690217719536932,0,0,0,13238,non-mge
495,323144,323457,314,non-cds,non-cds,contig_1,.,2822,1216,1893.43949044586,541.20645417378,2159,1216,2458,0.692842053012801,0,0.00791965741498132,0.0699636413413516,0,0,0,2772,21
496,323458,324483,1026,3-beta hydroxysteroid dehydrogenase/isomerase domain-containing protein,PANCAC_00275,contig_1,+,2822,2464,2471.66374269006,37.3840058565297,2468,2467,2468,0.687858019799342,0,0.00928326115578373,0.0666936476583835,0,0,0,10100,non-mge
497,324484,324575,92,non-cds,non-cds,contig_1,.,2822,2821,2821.65217391304,0.478890260403983,2822,2821,2822,0.602567166055826,0,0.01128679661729,0.0767666653093896,0,0,0,1256,non-mge
498,324576,325922,1347,PTS ascorbate transporter subunit IIC,PANCAC_00276,contig_1,-,2822,2821,2821.93689680772,0.243238777775206,2822,2822,2822,0.704461941132362,0,0.011334872654696,0.0744759649726845,0,0,0,20634,non-mge
499,325923,325936,14,non-cds,non-cds,contig_1,.,2822,2822,2822,0,2822,2822,2822,0.199511440724495,0,0.0142508171946068,0.0533216754237656,0,0,0,142,non-mge
500,325937,326221,285,PTS lactose transporter subunit IIB,PANCAC_00277,contig_1,-,2823,2822,2822.63859649123,0.48125217613004,2823,2822,2823,0.656105407504718,0,0.0112604547360123,0.0674885086747225,0,0,0,4244,non-mge
501,326222,326222,1,non-cds,non-cds,contig_1,.,2823,2823,2823,NA,2823,2823,2823,0,0,0,NA,0,0,0,0,non-mge
502,326223,326666,444,Ascorbate-specific PTS system EIIA component,PANCAC_00278,contig_1,-,2823,2823,2823,0,2823,2823,2823,0.68673328565823,0,0.00494798433940857,0.0468966245025114,0,0,0,2584,non-mge
503,326667,326670,4,non-cds,non-cds,contig_1,.,2823,2823,2823,0,2823,2823,2823,0,0,0,0,0,0,0,0,non-mge
504,326671,328626,1956,BglG family transcription antiterminator,PANCAC_00279,contig_1,-,2823,2819,2822.88241308793,0.521141286528203,2823,2823,2823,0.938210783264172,0,0.0126420138955149,0.0783630537465112,0,0,0,33152,non-mge
505,328627,328837,211,non-cds,non-cds,contig_1,.,2823,2823,2823,0,2823,2823,2823,0.529735499491709,0,0.0109966313234864,0.0542254155774645,0,0,0,1886,non-mge
506,328838,329257,420,multidrug efflux transporter transcriptional repressor MepR,PANCAC_00280,contig_1,+,2823,2822,2822.88571428571,0.318537400771745,2823,2823,2823,0.663508631626668,0,0.0115858780868846,0.0732540846243115,0,0,0,9869,non-mge
507,329258,329363,106,non-cds,non-cds,contig_1,.,2823,2823,2823,0,2823,2823,2823,0.597648438179161,0,0.0159155255638861,0.0806937451005755,0,0,0,1744,non-mge
508,329364,330719,1356,multidrug efflux MATE transporter MepA,PANCAC_00281,contig_1,+,2823,2822,2822.83185840708,0.374129954348856,2823,2823,2823,0.956834273623532,0,0.00825711773174604,0.0636918898067581,0,0,0,17405,non-mge
509,330720,330822,103,non-cds,non-cds,contig_1,.,2823,2822,2822.6213592233,0.487420277128736,2823,2822,2823,0.690284474326449,0,0.0133536790845024,0.0927397958308436,0,0,0,2364,non-mge
510,330823,331263,441,Multidrug transporter,PANCAC_00282,contig_1,+,2823,2822,2822.68934240363,0.463288417180163,2823,2822,2823,0.665753668804389,0,0.00432766141772779,0.0461153212231085,0,0,0,2417,non-mge
511,331264,331345,82,non-cds,non-cds,contig_1,.,2823,2823,2823,0,2823,2823,2823,0.300103603307821,0,0.00935416084884825,0.0469332425152631,0,0,0,583,non-mge
512,331346,332704,1359,glycerol-3-phosphate transporter GlpT,PANCAC_00283,contig_1,-,2824,2822,2823.09197939661,0.492583116064727,2823,2823,2823,0.687421272596538,0,0.00904966499377488,0.0601548181429919,0,0,0,16745,non-mge
513,332705,333011,307,non-cds,non-cds,contig_1,.,2823,2809,2815.13680781759,2.47487642238607,2816,2814,2816,0.658929781977345,0,0.00884109493764973,0.0561294222483644,0,0,0,2616,non-mge
514,333012,333938,927,Lactoylglutathione lyase,PANCAC_00284,contig_1,+,2816,2809,2815.02373247033,1.33546001071902,2815,2815,2816,0.689795004479521,0,0.0126214692120098,0.0694346868385906,0,0,0,12111,non-mge
515,333939,333951,13,non-cds,non-cds,contig_1,.,2816,2816,2816,0,2816,2816,2816,0,0,0,0,0,0,0,0,non-mge
516,333952,335013,1062,LLM class flavin-dependent oxidoreductase,PANCAC_00285,contig_1,+,2816,2816,2816,0,2816,2816,2816,0.693147180559945,0,0.0126598363842861,0.0736372504559502,0,0,0,16477,non-mge
517,335014,335026,13,non-cds,non-cds,contig_1,.,2816,2816,2816,0,2816,2816,2816,0.294800115416975,0,0.0241980097792546,0.0813709364871917,0,0,0.003176745967902,251,non-mge
518,335027,335593,567,FMN-dependent NADPH-azoreductase,PANCAC_00286,contig_1,+,2816,2815,2815.9241622575,0.264972086910183,2816,2816,2816,0.693147180559945,0,0.0072140572283027,0.0470295147835529,0,0,0,3932,non-mge
519,335594,335652,59,non-cds,non-cds,contig_1,.,2816,2813,2815,1.37715348604937,2816,2813,2816,0.185010623400128,0,0.00714319051969366,0.0307869887407174,0,0,0,263,non-mge
520,335653,336648,996,UPF0324 membrane protein SACOL0411,PANCAC_00287,contig_1,-,2816,2808,2814.61445783133,1.77643757546573,2815,2814,2816,0.691660974620341,0,0.0135619545600224,0.079023696621677,0,0,0,16820,non-mge
521,336649,337066,418,non-cds,non-cds,contig_1,.,2818,2311,2627.80622009569,188.864607740945,2636,2529,2816,0.597627958831116,0,0.00800643885695259,0.0575547434232747,0,0,0,3214,non-mge
522,337067,337612,546,50S ribosomal protein L7 serine acetyltransferase,PANCAC_00289,contig_1,+,2826,2817,2818.41208791209,1.87415067970506,2818,2818,2818,0.635935819453719,0,0.011250840625333,0.0646522609661684,0,0,0,5991,non-mge
523,337613,337879,267,non-cds,non-cds,contig_1,.,2826,2825,2825.53558052434,0.499669007055425,2826,2825,2826,0.563983818788736,0,0.00860613338082875,0.0524562796996229,0,0,0,2030,non-mge
524,337880,338734,855,iron uptake system protein EfeO,PANCAC_00290,contig_1,+,2831,2826,2830.34152046784,1.31300289725009,2831,2830,2831,0.677823490554092,0,0.00824370686689028,0.0572881919400245,0,0,0,7788,non-mge
525,338731,339960,1230,iron uptake transporter deferrochelatase/peroxidase subunit,PANCAC_00291,contig_1,+,2831,2829,2830.88780487805,0.395784410467808,2831,2831,2831,0.693147180559945,0,0.00845438123391209,0.0641700274732038,0,0,0,13557,non-mge
526,339941,341653,1713,FTR1 family iron permease,PANCAC_00292,contig_1,+,2831,2826,2830.47927612376,1.02067251010957,2831,2830,2831,0.692803336984429,0,0.010202899501022,0.0716293733625066,0,0,0,25357,non-mge
527,341654,341745,92,non-cds,non-cds,contig_1,.,2830,1392,2074.64130434783,592.59955497867,1940,1392,2830,0.209094275698249,0,0.00227276386628532,0.0217995851899544,0,0,0,104,non-mge
528,341746,342351,606,twin-arginine translocase subunit TatC,PANCAC_00293,contig_1,-,2831,1940,2789.36798679868,187.099359023527,2831,2830,2831,0.642866310843884,0,0.0093592398481156,0.0604286844973751,0,0,0,7400,non-mge
529,342352,342463,112,non-cds,non-cds,contig_1,.,2831,2831,2831,0,2831,2831,2831,0.531159033120112,0,0.0188271609218241,0.0784201463318783,0,0,0,1910,non-mge
530,342464,342679,216,Sec-independent protein translocase protein TatA,PANCAC_00294,contig_1,-,2831,2831,2831,0,2831,2831,2831,0.682122387591128,0,0.00898293268724715,0.0606431818251471,0,0,0,2112,non-mge
531,342680,342787,108,non-cds,non-cds,contig_1,.,2831,2831,2831,0,2831,2831,2831,0.355820631120477,0,0.00406314785327017,0.0343482146963521,0,0,0,357,non-mge
532,342788,343177,390,DUF1398 domain-containing protein,PANCAC_00295,contig_1,-,2831,2831,2831,0,2831,2831,2831,0.616296965268256,0,0.00665306711362792,0.0507312975896326,0,0,0,2605,non-mge
533,343178,343417,240,non-cds,non-cds,contig_1,.,2834,2831,2833.4875,1.13144943513521,2834,2834,2834,0.376712776684923,0,0.00857748203541726,0.0438103091458468,0,0,0,1543,non-mge
534,343418,343621,204,HTH cro/C1-type domain-containing protein,PANCAC_00296,contig_1,+,2834,2834,2834,0,2834,2834,2834,0.437199357952225,0,0.0133970347969978,0.0694049196489052,0,0,0,2554,non-mge
535,343618,344331,714,DUF3169 domain-containing protein,PANCAC_00297,contig_1,+,2834,2829,2833.10644257703,1.2238343420161,2834,2833,2834,0.693147180559945,0,0.0109652886360285,0.0647746666051953,0,0,0,8081,non-mge
536,344332,344355,24,non-cds,non-cds,contig_1,.,2834,2834,2834,0,2834,2834,2834,0.276500288833455,0,0.0115208453680606,0.0564403851145111,0,0,0,224,non-mge
537,344356,345198,843,ABC superfamily ATP binding cassette transporter%2C ABC protein,PANCAC_00298,contig_1,+,2834,2833,2833.86951364176,0.337037711178845,2834,2834,2834,0.682424924075994,0,0.0118115655067497,0.071657085704169,0,0,0,12808,non-mge
538,345198,345827,630,ABC-2 transporter permease,PANCAC_00299,contig_1,+,2834,2824,2831.88888888889,2.88470067226338,2834,2830,2834,0.69303025338206,0,0.0093021873767017,0.064291277403043,0,0,0,6920,non-mge
539,345828,346193,366,non-cds,non-cds,contig_1,.,2829,2818,2823.84699453552,3.31680308780273,2823,2822,2828,0.677230924629581,0,0.0101583924701735,0.0674035720630965,0,0,0,4249,non-mge
540,346194,347327,1134,Low temperature requirement protein A,PANCAC_00300,contig_1,-,2824,2820,2823.33333333333,1.16358395733711,2824,2823,2824,0.670439000242289,0,0.00812617343969911,0.0594931241135112,0,0,0,10225,non-mge
541,347328,347865,538,non-cds,non-cds,contig_1,.,2832,2698,2783.41449814126,61.2061961620746,2824,2704,2831,0.613466392746841,0,0.0067513436733268,0.0539886722120918,0,0,0,4927,non-mge
542,347866,349047,1182,putative acetyl-CoA acyltransferase,PANCAC_00301,contig_1,+,2834,2830,2833.90947546531,0.410812658598091,2834,2834,2834,0.676768750095626,0,0.0089154435320468,0.0650146387150567,0,0,0,15935,non-mge
543,349048,349129,82,non-cds,non-cds,contig_1,.,2834,2834,2834,0,2834,2834,2834,0.0887441292989427,0,0.00236072266110692,0.0107940424608081,0,0,0,93,non-mge
544,349130,349882,753,Cyclase family protein,PANCAC_00302,contig_1,-,2834,2809,2826.52988047809,11.4509579693817,2834,2809,2834,0.692021051927474,0,0.00809740584203203,0.0602681566949172,0,0,0,8205,non-mge
545,349883,349924,42,non-cds,non-cds,contig_1,.,2834,2834,2834,0,2834,2834,2834,0.003158812208863,0,7.5209814496738e-05,0.000487415305728716,0,0,0,1,non-mge
546,349925,352153,2229,5-methyltetrahydropteroyltriglutamate--homocysteine S-methyltransferase,PANCAC_00303,contig_1,-,2834,2826,2833.81471511889,0.857556270850646,2834,2834,2834,0.693046662515059,0,0.00866506319384799,0.0626642687182722,0,0,0,26646,non-mge
547,352150,353991,1842,bifunctional homocysteine S-methyltransferase/methylenetetrahydrofolate reductase,PANCAC_00304,contig_1,-,2834,2832,2833.9549402823,0.286638957821007,2834,2834,2834,0.898840283920818,0,0.00647132515143334,0.0544538519400893,0,0,0,12794,non-mge
548,353960,355120,1161,cystathionine beta-lyase MetC,PANCAC_00305,contig_1,-,2834,2833,2833.93453919035,0.247443791016853,2834,2834,2834,0.765639735755026,0,0.0112630425173583,0.0715785637203251,0,0,0,17156,non-mge
549,355117,356220,1104,Cystathionine gamma-synthase and O-acetylhomoserine thiolyase,PANCAC_00306,contig_1,-,2834,2832,2833.86503623188,0.418184131527056,2834,2834,2834,0.67902817677408,0,0.00913308992370025,0.0652109810434519,0,0,0,13816,non-mge
550,356221,356883,663,non-cds,non-cds,contig_1,.,2834,2821,2832.48416289593,2.99283729782453,2834,2833,2834,0.372569236242348,0,0.00340363196270147,0.0249253639096667,0,0,0,1529,non-mge
551,356884,357729,846,Chromosome/plasmid partitioning protein ParB,PANCAC_00307,contig_1,+,2834,2833,2833.91252955083,0.282690343815741,2834,2834,2834,0.692554404087333,0,0.00760850628422644,0.061675686864953,0,0,0,12642,non-mge
552,357730,357885,156,non-cds,non-cds,contig_1,.,2834,2815,2823.09615384615,5.89124976735327,2823,2817.75,2825,0.00317474272384884,0,2.03509148964669e-05,0.000254182845588024,0,0,0,1,non-mge
553,357886,358767,882,Mechanosensitive ion channel family protein,PANCAC_00308,contig_1,+,2834,2825,2833.29138321995,1.70467558684372,2834,2834,2834,0.569966695994259,0,0.00168509424516063,0.0268066220000548,0,0,0,1562,non-mge
554,358768,358796,29,non-cds,non-cds,contig_1,.,2833,2833,2833,0,2833,2833,2833,0,0,0,0,0,0,0,0,non-mge
555,358797,359000,204,Cytosolic protein,PANCAC_00309,contig_1,+,2834,2833,2833.78431372549,0.412309391229932,2834,2834,2834,0.256098760070632,0,0.00142111052298034,0.017953913167419,0,0,0,213,non-mge
556,359001,359011,11,non-cds,non-cds,contig_1,.,2834,2834,2834,0,2834,2834,2834,0.667540594570671,0,0.0606855085973337,0.201271062229243,0,0,0,1739,non-mge
557,359012,360109,1098,redox-regulated ATPase YchF,PANCAC_00310,contig_1,+,2834,2831,2833.96994535519,0.292738300533412,2834,2834,2834,0.693147180559945,0,0.00438810010388697,0.0398406570455887,0,0,0,4959,non-mge
558,360110,360194,85,non-cds,non-cds,contig_1,.,2834,2827,2830.67058823529,2.29070708201076,2831,2829,2833,0.537454728036839,0,0.0216453703449866,0.0923495314626551,0,0,0,1860,non-mge
559,360195,360386,192,hypothetical protein,PANCAC_00311,contig_1,-,2834,2834,2834,0,2834,2834,2834,0.530422855753129,0,0.00928848062730382,0.0642394626384461,0,0,0,3768,non-mge
560,360387,360629,243,non-cds,non-cds,contig_1,.,2834,2833,2833.42386831276,0.495189936787796,2833,2833,2834,0.228933001562372,0,0.00252382944404161,0.0196326190640005,0,0,0,392,non-mge
561,360630,360926,297,30S ribosomal protein S6,PANCAC_00312,contig_1,+,2834,2834,2834,0,2834,2834,2834,0.542502514418777,0,0.00539485322016642,0.0460549051768483,0,0,0,1596,non-mge
562,360927,360946,20,non-cds,non-cds,contig_1,.,2834,2827,2832.75,2.57262921009452,2834,2834,2834,0,0,0,0,0,0,0,0,non-mge
563,360947,361450,504,Single-stranded DNA-binding protein 1,PANCAC_00313,contig_1,+,2834,2827,2831.35515873016,2.18135356017229,2830,2830,2834,0.620672240593247,0,0.00391149143833223,0.0389952824356734,0,0,0,1999,non-mge
564,361451,361501,51,non-cds,non-cds,contig_1,.,2834,2834,2834,0,2834,2834,2834,0.106626678913883,0,0.00225371317224321,0.0149527984957759,0,0,0,66,non-mge
565,361502,361744,243,30S ribosomal protein S18,PANCAC_00314,contig_1,+,2834,2830,2833.34567901235,1.29040156950879,2834,2834,2834,0.184080908467192,0,0.00110952658490411,0.012002067386537,0,0,0,161,non-mge
566,361745,362009,265,non-cds,non-cds,contig_1,.,2835,1577,2367.97358490566,601.742862678444,2819,1578,2828,0.283295707940267,0,0.00392588673184398,0.0257871251425196,0,0,0,578,22
567,362010,362984,975,Abi family protein,PANCAC_00316,contig_1,-,1588,1573,1581.02358974359,3.97895612231441,1580,1578,1585,0.619263880754397,0,0.00380487054398745,0.0372140078285628,0,0,0,4156,22
568,362985,362986,2,non-cds,non-cds,contig_1,.,2199,2199,2199,0,2199,2199,2199,0.283385180811903,0,0.141692590405952,0.200383583039873,0.141692590405952,0.0708462952029758,0.212538885608927,180,non-mge
569,362987,363277,291,Integrase-like protein,PANCAC_00317,contig_1,-,2207,2199,2202.81786941581,2.40928310916969,2203,2201,2204,0.642742449691022,0,0.0130013668507188,0.071769506090057,0,0,0,3005,non-mge
570,363278,363893,616,non-cds,non-cds,contig_1,.,2206,1944,2145.14772727273,103.850483179497,2197,2186,2201,0.693111463788036,0,0.0108075941446493,0.0645723216238802,0,0,0,5389,23
571,363894,364505,612,staphylococcal enterotoxin-like toxin X,PANCAC_00318,contig_1,+,2575,1945,2270.76633986928,312.06016139775,2569,1948,2574,0.675613471079288,0,0.0115864038986093,0.0690300946435855,0,0,0,6041,23
572,364506,364873,368,non-cds,non-cds,contig_1,.,2835,2567,2687.64673913043,128.110669077841,2577,2574,2828,0.693137093849487,0,0.017401962330263,0.0854835394131601,0,0,0,7588,non-mge
573,364874,365242,369,YxeA family protein,PANCAC_00319,contig_1,+,2835,2834,2834.87804878049,0.327673763734732,2835,2835,2835,0.690253669638944,0,0.00957603463009722,0.0666204208228977,0,0,0,6317,non-mge
574,365243,365422,180,non-cds,non-cds,contig_1,.,2835,2834,2834.88888888889,0.31514630616471,2835,2835,2835,0.864488519775078,0,0.0144929905356086,0.0945250112552198,0,0,0,3353,non-mge
575,365423,365995,573,PepSY domain-containing protein,PANCAC_00320,contig_1,+,2835,2826,2834.31064572426,1.82958642059432,2835,2835,2835,0.659300946815031,0,0.0106477271987872,0.0686101381350325,0,0,0,8428,non-mge
576,365996,366132,137,non-cds,non-cds,contig_1,.,2835,2835,2835,0,2835,2835,2835,0.687735607727657,0,0.0121091861739258,0.0790938173758775,0,0,0,2276,non-mge
577,366133,366396,264,HTH cro/C1-type domain-containing protein,PANCAC_00321,contig_1,-,2835,2834,2834.83333333333,0.373385837336457,2835,2835,2835,0.688609483598807,0,0.00640402882828426,0.0521078880507418,0,0,0,2327,non-mge
578,366397,366695,299,non-cds,non-cds,contig_1,.,2835,2817,2828.69565217391,5.01384136107708,2830,2828,2832,0.300267502601117,0,0.00174014758344041,0.0188208917790326,0,0,0,364,non-mge
579,366696,366947,252,GlsB/YeaQ/YmgE family stress response membrane protein,PANCAC_00322,contig_1,+,2835,2835,2835,0,2835,2835,2835,0.681844733895819,0,0.00352438225618898,0.0438927769610922,0,0,0,1753,non-mge
580,366948,367372,425,non-cds,non-cds,contig_1,.,2835,2825,2834.13882352941,1.93820173644107,2835,2834,2835,0.69487097559093,0,0.0104817199449969,0.0698739033081417,0,0,0,5277,non-mge
581,367373,367954,582,phosphoglycerate mutase (2%2C3-diphosphoglycerate-dependent),PANCAC_00324,contig_1,+,2835,2833,2834.91580756014,0.382208840838402,2835,2835,2835,0.692972267602358,0,0.0112359052988274,0.0718716790836336,0,0,0,7729,non-mge
582,367955,368019,65,non-cds,non-cds,contig_1,.,2835,2833,2834.33846153846,0.796023772354724,2835,2834,2835,0.487166952783801,0,0.00832529258768057,0.0605277201371914,0,0,0,564,non-mge
583,368020,368406,387,hypothetical protein,PANCAC_00325,contig_1,-,2835,2828,2833.39793281654,2.11258157168643,2834,2834,2835,0.660969433509423,0,0.0122381832380477,0.0612571721785584,0,0,0,4302,non-mge
584,368407,368657,251,non-cds,non-cds,contig_1,.,2835,2606,2776.19920318725,96.6599408201896,2833,2653,2835,0.692387173595331,0,0.0125058281065283,0.0864593493490411,0,0,0,5634,non-mge
585,368658,369284,627,NDxxF motif lipoprotein,PANCAC_00326,contig_1,-,2835,2833,2834.9043062201,0.299782597493535,2835,2835,2835,0.664111265718913,0,0.00595747555861591,0.0482275732385849,0,0,0,4868,non-mge
586,369285,369356,72,non-cds,non-cds,contig_1,.,2835,2833,2834.19444444444,0.762480918974165,2834,2834,2835,0.420937326599022,0,0.0126720013334776,0.0627505226837641,0,0,0,790,non-mge
587,369357,369614,258,Bacteriocin immunity protein,PANCAC_00327,contig_1,-,2835,1267,2743.48837209302,367.553317898923,2835,2835,2835,0.452685307205768,0,0.00798538213718874,0.0508052900837992,0,0,0,1814,non-mge
588,369615,369728,114,non-cds,non-cds,contig_1,.,2835,2824,2833.48245614035,2.35079521902188,2834,2833,2835,0.240565298506159,0,0.00422053531985615,0.0282738008507023,0,0,0,333,non-mge
589,369729,371252,1524,alkyl hydroperoxide reductase subunit F,PANCAC_00328,contig_1,-,2835,2833,2834.91469816273,0.363204857239403,2835,2835,2835,0.706153867176331,0,0.00813741615751407,0.0604140826855048,0,0,0,17787,non-mge
590,371253,371267,15,non-cds,non-cds,contig_1,.,2835,2835,2835,0,2835,2835,2835,0.0172957483258034,0,0.0011530498883869,0.00446574301506877,0,0,0,7,non-mge
591,371268,371837,570,alkyl hydroperoxide reductase subunit C,PANCAC_00329,contig_1,-,2835,2835,2835,0,2835,2835,2835,0.530765563814524,0,0.00387380219837472,0.0320250100596166,0,0,0,1775,non-mge
592,371838,372277,440,non-cds,non-cds,contig_1,.,2835,2834,2834.89318181818,0.309233549730858,2835,2835,2835,0.687032503384653,0,0.00800616644559095,0.0582965335272904,0,0,0,6364,non-mge
593,372278,373084,807,oxygen-insensitive NADPH nitroreductase,PANCAC_00330,contig_1,+,2835,2820,2833.48451053284,3.34892975416596,2835,2835,2835,0.693147180559945,0,0.00994410377715536,0.0661172824130057,0,0,0,9139,non-mge
594,373085,373164,80,non-cds,non-cds,contig_1,.,2835,2835,2835,0,2835,2835,2835,0.300048252371622,0,0.00375060315464528,0.033546414441648,0,0,0,252,non-mge
595,373165,374553,1389,L-cystine uptake protein TcyP,PANCAC_00331,contig_1,-,2835,2833,2834.56803455724,0.512678403854698,2835,2834,2835,0.692972267602358,0,0.00782329040159336,0.0580531455478225,0,0,0,14391,non-mge
596,374554,375529,976,non-cds,non-cds,contig_1,.,2835,2347,2796.14139344262,120.050982707049,2835,2835,2835,0.820023822101411,0,0.0138254223276231,0.082266199603712,0,0,0,19924,non-mge
597,375530,376486,957,Uncharacterized protein SAV0385,PANCAC_00332,contig_1,-,2835,2348,2834.36363636364,15.7938290523677,2835,2835,2835,0.690530734448026,0,0.0126872025307257,0.0725806688852496,0,0,0,14376,non-mge
598,376487,376603,117,non-cds,non-cds,contig_1,.,2835,2831,2833.7094017094,1.59773454411092,2835,2832,2835,0.193811802082076,0,0.00297241805521479,0.0185972679575291,0,0,0,201,non-mge
599,376604,377266,663,N-acetyltransferase domain-containing protein,PANCAC_00333,contig_1,-,2835,2834,2834.96681749623,0.179248114583214,2835,2835,2835,0.692450080289474,0,0.00937411368774392,0.0663205994648855,0,0,0,8215,non-mge
600,377267,377408,142,non-cds,non-cds,contig_1,.,2835,2827,2833.00704225352,3.14991045436889,2834,2834,2835,0.832284742895289,0,0.0267654219929986,0.114215777746496,0,0,0,4097,non-mge
601,377409,377816,408,UPF0355 protein MW0363,PANCAC_00334,contig_1,-,2835,2834,2834.97794117647,0.147055210246115,2835,2835,2835,0.662169857829478,0,0.00490322584428704,0.0443349099064791,0,0,0,2158,non-mge
602,377817,378328,512,non-cds,non-cds,contig_1,.,2835,2830,2834.111328125,1.26417930253308,2835,2834,2835,0.661809985833998,0,0.00575631850182101,0.0493693227053467,0,0,0,3174,non-mge
603,378329,378907,579,xanthine phosphoribosyltransferase,PANCAC_00335,contig_1,+,2835,2835,2835,0,2835,2835,2835,0.685944654648159,0,0.0115725618055573,0.0700920280923701,0,0,0,9869,non-mge
604,378907,380175,1269,Xanthine permease,PANCAC_00336,contig_1,+,2835,2828,2834.463356974,1.37334531905536,2835,2835,2835,0.684583172496626,0,0.00840120469786397,0.0616945503240462,0,0,0,16606,non-mge
605,380176,380212,37,non-cds,non-cds,contig_1,.,2835,2835,2835,0,2835,2835,2835,0.023447797041736,0,0.00145675062376512,0.00451325516325375,0,0,0,21,non-mge
606,380213,381679,1467,IMP dehydrogenase,PANCAC_00337,contig_1,+,2835,2834,2834.96523517382,0.183246071420418,2835,2835,2835,0.691847757257911,0,0.0079724900042068,0.0600641699673674,0,0,0,16314,non-mge
607,381680,381703,24,non-cds,non-cds,contig_1,.,2835,2835,2835,0,2835,2835,2835,0.0172957483258034,0,0.00122657284915305,0.00371205714729268,0,0,0,11,non-mge
608,381704,383245,1542,glutamine-hydrolyzing GMP synthase,PANCAC_00338,contig_1,+,2835,2828,2834.85862516213,0.561112900217244,2835,2835,2835,0.790574933833131,0,0.0129817022150414,0.0793277790521776,0,0,0,24538,non-mge
609,383246,383357,112,non-cds,non-cds,contig_1,.,2827,1833,2132.97321428571,277.413486549059,2270,1841,2270,0.1169592114659,0,0.00231326486007774,0.015164814599969,0,0,0,100,non-mge
610,383358,383894,537,Phage protein,PANCAC_00339,contig_1,-,2279,2270,2276.38547486034,2.46891370755554,2276,2275,2279,0.641774429573414,0,0.00680502854857192,0.0536999683967536,0,0,0,3176,non-mge
611,383895,384286,392,non-cds,non-cds,contig_1,.,2279,2273,2277.64540816327,0.94302085026009,2277,2277,2278,0.608012429376887,0,0.0118772927606636,0.0734793131488198,0,0,0,4173,non-mge
612,384287,384991,705,Endoribonuclease MazF,PANCAC_00341,contig_1,-,2281,2269,2277.16595744681,3.24990886645027,2278,2275,2280,0.693140780157147,0,0.00660504416887377,0.055315643325585,0,0,0,4970,non-mge
613,384992,385389,398,non-cds,non-cds,contig_1,.,2279,2272,2275.62311557789,1.83683781000406,2276,2274,2277,0.787900407272679,0,0.0110409372167272,0.0683821687845094,0,0,0,3345,non-mge
614,385390,385662,273,Transposase,PANCAC_00342,contig_1,-,2275,2029,2262.75091575092,47.8896964184925,2273,2271,2275,0.674595899644441,0,0.00926485015134441,0.0696594311126267,0,0,0,2693,non-mge
615,385663,385922,260,non-cds,non-cds,contig_1,.,2825,2271,2641.20384615385,258.243354417844,2824,2273,2825,0.562821009184234,0,0.0140810114379514,0.0742544653206041,0,0,0,3527,non-mge
616,385923,386075,153,hypothetical protein,PANCAC_00343,contig_1,-,2825,2824,2824.91503267974,0.279748769300257,2825,2825,2825,0.529981986877657,0,0.00861961452184361,0.0571658793276259,0,0,0,1272,non-mge
617,386076,386598,523,non-cds,non-cds,contig_1,.,2834,2146,2624.64244741874,221.588579010791,2691,2487,2825,0.652000306198686,0,0.0108559782514292,0.0709219547306759,0,0,0,6575,non-mge
618,386599,386958,360,DUF1304 domain-containing protein,PANCAC_00344,contig_1,-,2834,2833,2833.85277777778,0.354820454506997,2834,2834,2834,0.647064426155245,0,0.0141418928831469,0.0741102127492309,0,0,0,5248,non-mge
619,386959,386976,18,non-cds,non-cds,contig_1,.,2834,2834,2834,0,2834,2834,2834,0.577699512291079,0,0.0320944173495044,0.136165080876394,0,0,0,749,non-mge
620,386977,387822,846,Cobalt (Co2+) ABC superfamily ATP binding cassette transporter%2C membrane protein,PANCAC_00345,contig_1,-,2834,2830,2833.44799054374,0.871108648122351,2834,2833,2834,0.677413080425318,0,0.0149873160507533,0.082565782527604,0,0,0,17626,non-mge
621,387823,388293,471,non-cds,non-cds,contig_1,.,2834,2828,2832.23142250531,1.83104141215439,2833,2831,2834,0.685026212947767,0,0.00892493007308535,0.0606053374189757,0,0,0,4633,non-mge
622,388294,388974,681,superantigen-like protein SSL1,PANCAC_00346,contig_1,+,2834,2389,2564.20558002937,174.694747298032,2571,2395,2825,0.687103862248924,0,0.00584416563319299,0.0559489319422614,0,0,0,5022,non-mge
623,388975,389259,285,non-cds,non-cds,contig_1,.,2567,2525,2558.77192982456,15.3897916868316,2566,2564,2567,0.557022767750158,0,0.0109485888725477,0.0647290249645846,0,0,0,2800,non-mge
624,389260,389955,696,superantigen-like protein SSL2,PANCAC_00347,contig_1,+,2566,2523,2526.99568965517,8.41435798163567,2525,2525,2525,0.663060990280316,0,0.00628323952581948,0.0455510473943695,0,0,0,3232,non-mge
625,389956,390245,290,non-cds,non-cds,contig_1,.,2565,2525,2545.06551724138,17.8482409911717,2558,2526,2560,0.690576323706552,0,0.0084114911367019,0.0592871276313756,0,0,0,2555,non-mge
626,390246,391316,1071,superantigen-like protein SSL3,PANCAC_00348,contig_1,+,2559,1693,1781.4360410831,239.785767641405,1709,1707,1710,0.619725388229703,0,0.00670073888879088,0.0468101276879713,0,0,0,3891,24
627,391317,391680,364,non-cds,non-cds,contig_1,.,1706,1572,1608.82142857143,50.7217166734938,1581,1580.75,1582,0.680934203260888,0,0.00851676015707451,0.0551320211331621,0,0,0,1781,24
628,391681,392607,927,superantigen-like protein SSL4,PANCAC_00349,contig_1,+,1710,1105,1616.62998921251,167.018189689473,1705,1575,1706,0.688334952020186,0,0.00809041791544753,0.0590654998315466,0,0,0,4668,24
629,392608,392970,363,non-cds,non-cds,contig_1,.,1927,1690,1808.76033057851,109.516997706433,1750,1701,1926,0.693147180559945,0,0.0112260412910667,0.0694683740414745,0,0,0,2850,24
630,392971,393675,705,superantigen-like protein SSL5,PANCAC_00350,contig_1,+,1933,1921,1929.26808510638,2.46922303146359,1928,1928,1931,0.693147180559945,0,0.00970038644667745,0.0619064043024554,0,0,0,5486,24
631,393676,394120,445,non-cds,non-cds,contig_1,.,1924,1881,1905.59775280899,13.332291436162,1904,1896,1918,0.508198725031324,0,0.00497718078935643,0.0411497342603463,0,0,0,1348,24
632,394121,394816,696,superantigen-like protein SSL6,PANCAC_00351,contig_1,+,1919,823,978.406609195402,345.662183674238,851,848,856,0.685233580650272,0,0.00370243822996334,0.0397917317576758,0,0,0,925,24
633,394817,395236,420,non-cds,non-cds,contig_1,.,1711,856,1539.05952380952,280.504555252981,1701,1290,1703,0.526722206079674,0,0.00522021054525125,0.0433488796242548,0,0,0,950,24
634,395237,395932,696,superantigen-like protein SSL7,PANCAC_00352,contig_1,+,1713,1709,1711.31034482759,1.08552643943251,1711,1710,1712,0.752181100900172,0,0.00931661569723762,0.0670869106425463,0,0,0,4881,24
635,395933,396275,343,non-cds,non-cds,contig_1,.,1713,1709,1712.00583090379,1.235427735896,1712,1712,1713,0.686752610186498,0,0.00958351933840427,0.0653274187410242,0,0,0,2514,24
636,396276,396974,699,superantigen-like protein SSL8,PANCAC_00353,contig_1,+,1711,1698,1705.18168812589,2.85713443916362,1705,1705,1706,0.684800488074329,0,0.00953789170854339,0.0651071995270625,0,0,0,5536,24
637,396975,397353,379,non-cds,non-cds,contig_1,.,2777,1695,2054.4327176781,477.127324953966,1704,1702,2686,0.692362288101054,0,0.00683050465228422,0.0516981628144788,0,0,0,1870,24
638,397354,398052,699,superantigen-like protein SSL9,PANCAC_00354,contig_1,+,2781,2775,2779.44635193133,1.83203669423754,2780,2778,2781,0.627728830690748,0,0.00662630861122016,0.0522155677476683,0,0,0,4671,non-mge
639,398053,398417,365,non-cds,non-cds,contig_1,.,2803,2781,2791.80547945205,7.82240882230215,2787,2786,2802,0.649226394908679,0,0.00674513750875134,0.0526309404023112,0,0,0,2573,non-mge
640,398418,399101,684,superantigen-like protein SSL10,PANCAC_00355,contig_1,+,2810,2802,2806.13011695906,1.49249934856959,2807,2806,2807,0.496183493655768,0,0.00276851464786694,0.031756902506937,0,0,0,1757,non-mge
641,399102,399364,263,non-cds,non-cds,contig_1,.,2824,2743,2806.14828897338,18.2308371347487,2811,2806,2815,0.476227793675904,0,0.00311461489201538,0.0324174010400867,0,0,0,734,non-mge
642,399365,400921,1557,type I restriction-modification system subunit M,PANCAC_00356,contig_1,+,2816,2722,2789.63583815029,17.534148104855,2794,2780,2804,0.0278544853992982,0,2.91967846815025e-05,0.000834844430320096,0,0,0,19,non-mge
643,400914,402125,1212,Restriction endonuclease subunit S,PANCAC_00357,contig_1,+,2788,943,1213.0198019802,453.928359812509,1074,951,1082,0.550843745050259,0,0.00379254719767857,0.0373688560027447,0,0,0,1866,25
644,402126,402507,382,non-cds,non-cds,contig_1,.,2819,1074,2548.65968586387,599.583253692127,2819,2818,2819,0.530130685464162,0,0.00667866090856282,0.0458584025962007,0,0,0,2206,25
645,402508,403185,678,superantigen-like protein SSL11,PANCAC_00358,contig_1,+,2819,483,1096.32743362832,771.756169648835,1119,484,1120,0.450799015703042,0,0.00189623681885876,0.0236679539771211,0,0,0,1025,26
646,403186,403206,21,non-cds,non-cds,contig_1,.,1120,1120,1120,0,1120,1120,1120,0,0,0,0,0,0,0,0,26
647,403207,404715,1509,FKLRK protein,PANCAC_00359,contig_1,+,2827,493,2041.75878064944,761.669529572122,2492,1121,2496,0.687479784327787,0,0.00429326135751612,0.0428851293436907,0,0,0,5836,26
648,404716,404818,103,non-cds,non-cds,contig_1,.,2827,2827,2827,0,2827,2827,2827,0.491405264103663,0,0.0178530926747107,0.0796681075602455,0,0,0,1728,non-mge
649,404819,405127,309,myeloperoxidase inhibitor SPIN,PANCAC_00360,contig_1,-,2827,2826,2826.1359223301,0.343261959978934,2826,2826,2826,0.693147180559945,0,0.0136608990914131,0.0771743224297732,0,0,0,5691,non-mge
650,405128,405464,337,non-cds,non-cds,contig_1,.,2826,2636,2769.23738872404,72.9389627592759,2820,2685,2825,0.629401507612734,0,0.0112902743664224,0.0617234240257011,0,0,0,3514,non-mge
651,405465,406283,819,Uncharacterized lipoprotein SAOUHSC_00402,PANCAC_00361,contig_1,+,2799,2276,2528.83272283272,155.070612841463,2423,2409.5,2653,0.488938614230112,0,0.00670205789903207,0.0436737159426539,0,0,0,3968,non-mge
652,406284,406301,18,non-cds,non-cds,contig_1,.,2276,2275,2275.94444444444,0.235702260395516,2276,2276,2276,0,0,0,0,0,0,0,0,non-mge
653,406302,407087,786,tandem-type lipoprotein Lpl9,PANCAC_00362,contig_1,+,2778,2263,2562.08778625954,217.430135034993,2775,2364,2775,0.671659818651043,0,0.00541604879574264,0.0456405398120254,0,0,0,5515,non-mge
654,407088,407266,179,non-cds,non-cds,contig_1,.,2774,2718,2741.17318435754,10.3586340486312,2744,2734.5,2747,0.646699235013287,0,0.00967484881311518,0.0731688412111138,0,0,0,2164,non-mge
655,407267,408082,816,tandem-type lipoprotein Lpl10,PANCAC_00363,contig_1,+,2817,480,1852.92401960784,718.233830107364,1359,1357,2751,0.568732159685998,0,0.00437153686923803,0.0423933314026477,0,0,0,2396,27
656,408072,409400,1329,Cytosolic protein,PANCAC_00364,contig_1,+,2834,480,2347.62076749436,725.110827043768,2432,2290,2831,0.545706058386265,0,0.00577917586386315,0.0450625619362656,0,0,0,6458,27
657,409397,409720,324,Cytosolic protein,PANCAC_00365,contig_1,+,2833,2807,2829.02160493827,6.51667277386132,2832,2830,2832,0.666515530863336,0,0.0115396288236663,0.0700445045189232,0,0,0,4621,non-mge
658,409721,409738,18,non-cds,non-cds,contig_1,.,2832,2832,2832,0,2832,2832,2832,0,0,0,0,0,0,0,0,non-mge
659,409739,410053,315,hypothetical protein,PANCAC_00366,contig_1,+,2835,2821,2832.61587301587,3.75801505868137,2835,2829,2835,0.693147180559945,0,0.0103555763130775,0.073615185988431,0,0,0,4741,non-mge
660,410054,410342,289,non-cds,non-cds,contig_1,.,2836,2833,2835.61591695502,0.894362711513764,2836,2836,2836,0.437012560883996,0,0.00502989487848285,0.0404054426089656,0,0,0,1276,non-mge
661,410343,410537,195,hypothetical protein,PANCAC_00367,contig_1,-,2836,2834,2835.25128205128,0.814454404333379,2835,2835,2836,0.683310926586807,0,0.0147873268978497,0.0873431862002872,0,0,0,3732,non-mge
662,410538,410721,184,non-cds,non-cds,contig_1,.,2836,2834,2835.21195652174,0.907568948899429,2836,2834,2836,0.685272468897593,0,0.0184234889924316,0.0924062865941391,0,0,0,4075,non-mge
663,410722,411924,1203,CobW C-terminal domain-containing protein,PANCAC_00368,contig_1,+,2836,2834,2835.89941812136,0.354234654224718,2836,2836,2836,1.02684250673002,0,0.0102855930295549,0.0695949584777543,0,0,0,13749,non-mge
664,411925,412582,658,non-cds,non-cds,contig_1,.,2836,2827,2830.96048632219,2.85333329182587,2829,2829,2834,0.692892112554781,0,0.0113540668237747,0.0713867658661581,0,0,0,8816,non-mge
665,412583,412645,63,Phenol-soluble modulin alpha 4 peptide,PANCAC_00370,contig_1,-,2836,2836,2836,0,2836,2836,2836,0.0193832908033096,0,0.000730075565120887,0.00323924320606513,0,0,0,18,non-mge
666,412646,412708,63,non-cds,non-cds,contig_1,.,2836,2836,2836,0,2836,2836,2836,0.642391426931729,0,0.0115402700241499,0.0808518432946894,0,0,0,1001,non-mge
667,412709,412777,69,Phenol-soluble modulin alpha 3 peptide,PANCAC_00371,contig_1,-,2836,2836,2836,0,2836,2836,2836,0.299153460744802,0,0.00480969194672832,0.0360453465032018,0,0,0,263,non-mge
668,412778,412828,51,non-cds,non-cds,contig_1,.,2836,2836,2836,0,2836,2836,2836,0.499977817446428,0,0.0151775695735595,0.076264022508154,0,0,0,755,non-mge
669,412829,412894,66,Phenol-soluble modulin alpha 2 peptide,PANCAC_00372,contig_1,-,2836,2836,2836,0,2836,2836,2836,0.00830757571750994,0,0.000405446307112268,0.00142480250312296,0,0,0,9,non-mge
670,412895,412925,31,non-cds,non-cds,contig_1,.,2836,2836,2836,0,2836,2836,2836,0.519423897554358,0,0.0174152016127381,0.0932216259515166,0,0,0,615,non-mge
671,412926,412991,66,Phenol-soluble modulin alpha 1 peptide,PANCAC_00373,contig_1,-,2836,2836,2836,0,2836,2836,2836,0.00582454957683332,0,0.00013608155031212,0.000810211466365637,0,0,0,3,non-mge
672,412992,413511,520,non-cds,non-cds,contig_1,.,2836,2832,2835.54423076923,1.09031707069933,2836,2836,2836,0.569022412123818,0,0.00601650750065439,0.0467774698192817,0,0,0,2978,non-mge
673,413512,414996,1485,NADH dehydrogenase subunit 5,PANCAC_00374,contig_1,+,2836,2834,2835.93265993266,0.268852499749006,2836,2836,2836,0.750468864161332,0,0.00896752898826268,0.0618424885268657,0,0,0,18873,non-mge
674,414997,415008,12,non-cds,non-cds,contig_1,.,2836,2836,2836,0,2836,2836,2836,0.0785833664171198,0,0.00798949050948981,0.0227802227733072,0,0,0,50,non-mge
675,415009,417714,2706,putative inorganic carbon transporter subunit DabA,PANCAC_00375,contig_1,+,2836,2835,2835.79896526238,0.400848039453484,2836,2836,2836,0.78663889546492,0,0.0125895599834207,0.0765318078734775,0,0,0,43556,non-mge
676,417715,417875,161,non-cds,non-cds,contig_1,.,2836,2834,2835.45962732919,0.880296745562794,2836,2834,2836,0.690718987639877,0,0.0181710923007062,0.0867048077635626,0,0,0,3353,non-mge
677,417876,418238,363,Na+-translocating membrane putative-generating system MpsC domain-containing protein,PANCAC_00376,contig_1,+,2836,2834,2835.82093663912,0.474082077721039,2836,2836,2836,0.661015555979983,0,0.00985908298288635,0.0727896818084188,0,0,0,5617,non-mge
678,418239,418920,682,non-cds,non-cds,contig_1,.,2836,2822,2832.71114369501,3.49030444542579,2834,2830,2836,0.756456314388459,0,0.0103955179343506,0.069960578897457,0,0,0,8769,non-mge
679,418921,419595,675,Phosphatidic acid phosphatase type 2/haloperoxidase domain-containing protein,PANCAC_00377,contig_1,+,2836,2835,2835.91703703704,0.276030774082286,2836,2836,2836,0.693147180559945,0,0.0130797908553196,0.0780535449260604,0,0,0,12705,non-mge
680,419596,419631,36,non-cds,non-cds,contig_1,.,2835,2834,2834.05555555556,0.232310684145723,2834,2834,2834,0.01295230664335,0,0.000359786295648612,0.00215871777389167,0,0,0,5,non-mge
681,419632,420366,735,Serine aminopeptidase S33 domain-containing protein,PANCAC_00378,contig_1,+,2836,2835,2835.98775510204,0.110051981267408,2836,2836,2836,0.66949164291861,0,0.0126567282359936,0.072158145029712,0,0,0,11904,non-mge
682,420367,420543,177,non-cds,non-cds,contig_1,.,2836,2764,2828.68926553672,17.1321583586447,2835,2828,2836,0.528454916269708,0,0.00787487941860656,0.0539796153732311,0,0,0,1328,non-mge
683,420544,420657,114,hypothetical protein,PANCAC_00379,contig_1,+,2835,2826,2831.87719298246,3.19052899011504,2832,2829,2835,0.645207130731697,0,0.0144263416150089,0.0766662214035788,0,0,0,2657,non-mge
684,420658,420821,164,non-cds,non-cds,contig_1,.,2836,2835,2835.9756097561,0.154729905667636,2836,2836,2836,0.43047279586631,0,0.00848802562942444,0.0519358622077143,0,0,0,1209,non-mge
685,420822,422159,1338,Transporter,PANCAC_00380,contig_1,+,2836,2826,2835.49626307922,1.71719303480141,2836,2836,2836,0.749871364622935,0,0.00957623138270374,0.0671043321318007,0,0,0,16445,non-mge
686,422160,422375,216,non-cds,non-cds,contig_1,.,2836,2836,2836,0,2836,2836,2836,0.657060820727073,0,0.0123649381314736,0.065447625525592,0,0,0,2412,non-mge
687,422376,423290,915,Tryptophan synthase beta chain-like PALP domain-containing protein,PANCAC_00381,contig_1,+,2836,2834,2835.91256830601,0.308531966363155,2836,2836,2836,0.693134124735511,0,0.0114253754296088,0.0715039419282787,0,0,0,12181,non-mge
688,423274,424416,1143,bifunctional cystathionine gamma-lyase/homocysteine desulfhydrase,PANCAC_00382,contig_1,+,2836,2836,2836,0,2836,2836,2836,0.930560040813276,0,0.012660927303826,0.0786489994916908,0,0,0,20102,non-mge
689,424417,424709,293,non-cds,non-cds,contig_1,.,2836,2834,2835.31740614334,0.928028601112422,2836,2834,2836,0.547400612150941,0,0.0104952376560334,0.053681262871779,0,0,0,2498,non-mge
690,424710,425735,1026,Methionine import ATP-binding protein MetN 1,PANCAC_00383,contig_1,+,2836,2831,2832.05945419103,0.666533291465024,2832,2832,2832,0.683441137653228,0,0.00823170219200232,0.0549186521539046,0,0,0,8728,non-mge
691,425736,425738,3,non-cds,non-cds,contig_1,.,2832,2832,2832,0,2832,2832,2832,0,0,0,0,0,0,0,0,non-mge
692,425739,426398,660,Methionine ABC transporter%2C permease component,PANCAC_00384,contig_1,+,2836,2828,2833.71515151515,2.57112732631941,2835,2831,2836,0.693147180559945,0,0.0119270607006528,0.0707290657491336,0,0,0,8705,non-mge
693,426399,426434,36,non-cds,non-cds,contig_1,.,2836,2832,2834.22222222222,1.22150050841721,2834.5,2833,2835,0.184129583134058,0,0.0107613017619397,0.0380701509305069,0,0,0,247,non-mge
694,426435,427277,843,dipeptide ABC transporter glycylmethionine-binding lipoprotein,PANCAC_00385,contig_1,+,2836,2832,2834.73546856465,1.68619147029206,2836,2832,2836,0.691264069281532,0,0.012763569851264,0.0792762593652926,0,0,0,17109,non-mge
695,427278,427608,331,non-cds,non-cds,contig_1,.,2835,2790,2824.73413897281,11.8158348080418,2830,2821,2834,0.685838311674958,0,0.0137124700544394,0.0846158610504613,0,0,0,6472,non-mge
696,427609,428613,1005,autolysin/adhesin Aaa,PANCAC_00386,contig_1,+,2836,2822,2834.57213930348,2.19969662443241,2835,2835,2836,0.693074733895447,0,0.00654570215813417,0.0593519608611185,0,0,0,9205,non-mge
697,428614,428797,184,non-cds,non-cds,contig_1,.,2836,2821,2832.52717391304,5.01029766380916,2835,2831,2836,0.693147180559945,0,0.00809503349722311,0.0713880079684084,0,0,0,2625,non-mge
698,428798,429067,270,Cytosolic protein,PANCAC_00387,contig_1,-,2836,2835,2835.77777777778,0.416511743193504,2836,2836,2836,0.669647776377257,0,0.00646689872297614,0.0587262327985035,0,0,0,2392,non-mge
699,429068,429215,148,non-cds,non-cds,contig_1,.,2836,2832,2833.97297297297,1.54279517488406,2834,2832,2835,0.607303127629862,0,0.0132381913140168,0.0757352856837966,0,0,0,2119,non-mge
700,429216,429611,396,NUDIX domain-containing protein,PANCAC_00388,contig_1,+,2836,2836,2836,0,2836,2836,2836,0.674508311778225,0,0.0168771441486119,0.0928784258883769,0,0,0,11348,non-mge
701,429601,430086,486,Acetyltransferase,PANCAC_00389,contig_1,+,2836,2835,2835.88888888889,0.314593503055846,2836,2836,2836,0.867116660423694,0,0.0112525622057106,0.067342713343116,0,0,0,5233,non-mge
702,430087,430254,168,non-cds,non-cds,contig_1,.,2836,2827,2833.38095238095,2.98661590041991,2835,2831,2836,0.530226246985501,0,0.0126193770612052,0.06800695742414,0,0,0,2038,non-mge
703,430255,431037,783,YibE/F family protein,PANCAC_00390,contig_1,-,2836,2835,2835.91954022989,0.272177528013328,2836,2836,2836,0.693147180559945,0,0.0069831066218737,0.0564070411606767,0,0,0,6914,non-mge
704,431034,432146,1113,YibE/F family protein,PANCAC_00391,contig_1,-,2836,2833,2835.68014375562,0.66254576128035,2836,2836,2836,0.646766850467213,0,0.00771392294017898,0.0529882985871821,0,0,0,8344,non-mge
705,432147,432266,120,non-cds,non-cds,contig_1,.,2836,2834,2835.45833333333,0.708837767329138,2836,2835,2836,0.584960621338884,0,0.00585265465783046,0.0538278995666951,0,0,0,828,non-mge
706,432267,433151,885,glutamate biosynthesis transcriptional regulator GltC,PANCAC_00392,contig_1,-,2836,2831,2835.2395480226,1.27773122390948,2836,2835,2836,0.599636895054227,0,0.0071317600523991,0.0506649545154215,0,0,0,6006,non-mge
707,433152,433331,180,non-cds,non-cds,contig_1,.,2836,2819,2832.07222222222,5.00394319992811,2835,2829,2836,0.527709209359916,0,0.012563967099499,0.0649654863268643,0,0,0,2047,non-mge
708,433332,437831,4500,glutamate synthase large subunit,PANCAC_00393,contig_1,+,2836,2831,2835.84577777778,0.680430054015871,2836,2836,2836,0.988886482751011,0,0.00980995590578313,0.0661987645022298,0,0,0,57687,non-mge
709,437832,437848,17,non-cds,non-cds,contig_1,.,2836,2836,2836,0,2836,2836,2836,0.236478567177664,0,0.0139105039516273,0.0573544770981311,0,0,0,180,non-mge
710,437849,439312,1464,Glutamate synthase subunit beta,PANCAC_00394,contig_1,+,2836,2833,2835.87295081967,0.515228683546727,2836,2836,2836,0.691985083578899,0,0.0088114163467694,0.0635587062341857,0,0,0,17329,non-mge
711,439313,440143,831,non-cds,non-cds,contig_1,.,2836,2584,2774.78941034898,98.6843095327983,2833,2752,2835,0.954632965207719,0,0.0107940132013123,0.0702880926477217,0,0,0,10590,non-mge
712,440144,441571,1428,PTS trehalose transporter subunit IIBC,PANCAC_00396,contig_1,+,2836,2835,2835.95658263305,0.203866141913537,2836,2836,2836,0.694920718538031,0,0.0101340239245042,0.0662447343748717,0,0,0,17445,non-mge
713,441572,441634,63,non-cds,non-cds,contig_1,.,2836,2836,2836,0,2836,2836,2836,0.0324323850451704,0,0.000921118737451399,0.00469451382365427,0,0,0,23,non-mge
714,441635,443275,1641,alpha%2Calpha-phosphotrehalase,PANCAC_00397,contig_1,+,2836,2831,2835.80195003047,0.775632613522704,2836,2836,2836,0.68590635112569,0,0.00962468551107911,0.0640817272236726,0,0,0,19254,non-mge
715,443276,443299,24,non-cds,non-cds,contig_1,.,2836,2836,2836,0,2836,2836,2836,0.00830757571750994,0,0.000346148988229581,0.00169577679228627,0,0,0,3,non-mge
716,443300,444028,729,trehalose operon repressor,PANCAC_00398,contig_1,+,2836,2836,2836,0,2836,2836,2836,0.916192271987277,0,0.0103665292317096,0.0716597596384073,0,0,0,10026,non-mge
717,444029,444666,638,non-cds,non-cds,contig_1,.,2836,2833,2835.49686520376,0.856679114850063,2836,2835,2836,0.659418984040297,0,0.00458235689302782,0.0394607106770472,0,0,0,2787,non-mge
718,444667,445191,525,N-acetyltransferase domain-containing protein,PANCAC_00401,contig_1,+,2836,2834,2835.8,0.405119904972071,2836,2836,2836,0.679048426483481,0,0.00630854124801636,0.0483692385108928,0,0,0,3402,non-mge
719,445192,445259,68,non-cds,non-cds,contig_1,.,2836,2836,2836,0,2836,2836,2836,0.692963257939902,0,0.0207166647923458,0.116927049369462,0,0,0,2588,non-mge
720,445260,446957,1698,DNA polymerase III subunit gamma/tau,PANCAC_00402,contig_1,+,2836,2833,2835.89517078916,0.456305525013034,2836,2836,2836,0.68857787189062,0,0.0068419823751235,0.0550461131349852,0,0,0,15875,non-mge
721,446958,447046,89,non-cds,non-cds,contig_1,.,2836,2833,2833.76404494382,0.603446011558772,2834,2833,2834,0.0383871562538684,0,0.000431316362403016,0.00406903042485734,0,0,0,16,non-mge
722,447047,447364,318,YbaB/EbfC family nucleoid-associated protein,PANCAC_00403,contig_1,+,2836,2835,2835.85220125786,0.355459710874798,2836,2836,2836,0.60690556265558,0,0.00276864902926512,0.0355644702210353,0,0,0,2162,non-mge
723,447365,447370,6,non-cds,non-cds,contig_1,.,2836,2836,2836,0,2836,2836,2836,0.529342022418137,0,0.0882236704030229,0.216102975722888,0,0,0,629,non-mge
724,447371,447967,597,recombination mediator RecR,PANCAC_00404,contig_1,+,2836,2834,2835.15912897822,0.549378457634211,2835,2835,2835,0.873280695560931,0,0.00882953340211382,0.0687517262887191,0,0,0,6438,non-mge
725,447968,454729,6762,non-cds,non-cds,contig_1,.,2834,2163,2683.84013605442,144.226805492023,2746,2618,2780,0.647799266897403,0,0.00113368392193485,0.0217237661216807,0,0,0,7683,non-mge
726,454730,456067,1338,Aminotransferase class V-fold PLP-dependent enzyme,PANCAC_00408,contig_1,+,2836,2834,2835.89013452915,0.387587687171093,2836,2836,2836,0.685323479392006,0,0.0075601678824493,0.0534648177627341,0,0,0,11137,non-mge
727,456068,456068,1,non-cds,non-cds,contig_1,.,2836,2836,2836,NA,2836,2836,2836,0,0,0,NA,0,0,0,0,non-mge
728,456069,456686,618,dTMP kinase,PANCAC_00409,contig_1,+,2836,2836,2836,0,2836,2836,2836,0.685374292981219,0,0.00533699726271262,0.0434126591013348,0,0,0,3277,non-mge
729,456687,456713,27,non-cds,non-cds,contig_1,.,2836,2836,2836,0,2836,2836,2836,0.0586595077953829,0,0.00296299066306794,0.0114884903111833,0,0,0,38,non-mge
730,456714,457043,330,Protein from nitrogen regulatory protein P-II (GLNB) family,PANCAC_00410,contig_1,+,2836,2835,2835.97272727273,0.163124371729407,2836,2836,2836,0.690505579579365,0,0.0032767130654861,0.0387835531052228,0,0,0,1500,non-mge
731,457044,457256,213,non-cds,non-cds,contig_1,.,2836,2834,2835.29577464789,0.807880400449046,2836,2835,2836,0.70787596674604,0,0.00423930490386265,0.049044102338943,0,0,0,1345,non-mge
732,457257,458183,927,DNA polymerase III subunit delta',PANCAC_00411,contig_1,+,2836,2832,2835.66774541532,0.811409985185252,2836,2836,2836,0.690054510497101,0,0.0062371520178635,0.0512261127980173,0,0,0,6623,non-mge
733,458184,458987,804,PSP1 C-terminal domain-containing protein,PANCAC_00412,contig_1,+,2836,2830,2835.2947761194,1.37905433500858,2836,2835,2836,0.98558784237645,0,0.00731143335155265,0.0604795173968981,0,0,0,6737,non-mge
734,458988,459003,16,non-cds,non-cds,contig_1,.,2836,2836,2836,0,2836,2836,2836,0,0,0,0,0,0,0,0,non-mge
735,459004,459351,348,DNA replication initiation control protein YabA,PANCAC_00413,contig_1,+,2836,2835,2835.89942528736,0.301197825106059,2836,2836,2836,0.363988763297541,0,0.00246716603727611,0.0217621072298343,0,0,0,592,non-mge
736,459352,459624,273,non-cds,non-cds,contig_1,.,2836,2835,2835.67032967033,0.470956748083053,2836,2835,2836,0.692705874903233,0,0.0160414332499237,0.0862579455387527,0,0,0,6882,non-mge
737,459625,460350,726,Methyltransferase,PANCAC_00414,contig_1,+,2836,2824,2834.72314049587,2.4198464584148,2836,2835,2836,0.739395549201161,0,0.0103967627197073,0.0632484363519607,0,0,0,8614,non-mge
738,460343,460591,249,UPF0213 protein SACOL0530,PANCAC_00415,contig_1,+,2836,2823,2833.55823293173,4.26983305109623,2836,2834,2836,0.312918572623848,0,0.00356426537405857,0.0264320709476667,0,0,0,619,non-mge
739,460592,460592,1,non-cds,non-cds,contig_1,.,2836,2836,2836,NA,2836,2836,2836,0,0,0,NA,0,0,0,0,non-mge
740,460593,461432,840,16S rRNA (cytidine(1402)-2'-O)-methyltransferase,PANCAC_00416,contig_1,+,2836,2833,2835.65595238095,0.636185591933733,2836,2835,2836,0.581541886592031,0,0.00763708634034861,0.0526236590784635,0,0,0,7690,non-mge
741,461433,461716,284,non-cds,non-cds,contig_1,.,2833,2794,2824.37323943662,11.1387707671875,2829,2819,2833,0.235889226390618,0,0.0032709800737867,0.0235116086315959,0,0,0,614,non-mge
742,461717,463690,1974,methionine--tRNA ligase,PANCAC_00417,contig_1,+,2836,2818,2835.32066869301,2.78363335526174,2836,2836,2836,0.689121731023926,0,0.00742912532457944,0.0612691584845871,0,0,0,22426,non-mge
743,463691,463720,30,non-cds,non-cds,contig_1,.,2836,2836,2836,0,2836,2836,2836,0.0106706200537258,0,0.000460915093249746,0.0020124992491541,0,0,0,5,non-mge
744,463721,464494,774,Metal-dependent DNase,PANCAC_00418,contig_1,+,2836,2836,2836,0,2836,2836,2836,0.685101432461432,0,0.0077550703665038,0.0578376602010425,0,0,0,6861,non-mge
745,464495,464660,166,non-cds,non-cds,contig_1,.,2836,2835,2835.57228915663,0.496243648126554,2836,2835,2836,0.652325695298188,0,0.00821446353797398,0.0598831241696911,0,0,0,1558,non-mge
746,464661,465197,537,ribonuclease M5,PANCAC_00419,contig_1,+,2835,2835,2835,0,2835,2835,2835,0.691468034561908,0,0.00549984393931972,0.0426560259711497,0,0,0,2992,non-mge
747,465198,465207,10,non-cds,non-cds,contig_1,.,2835,2835,2835,0,2835,2835,2835,0,0,0,0,0,0,0,0,non-mge
748,465208,466101,894,16S rRNA (adenine(1518)-N(6)/adenine(1519)-N(6))-dimethyltransferase RsmA,PANCAC_00420,contig_1,+,2836,2831,2835.26510067114,0.95952299000775,2835,2835,2836,0.692003119769749,0,0.0072509065861812,0.0578806428959555,0,0,0,9541,non-mge
749,466102,466200,99,non-cds,non-cds,contig_1,.,2836,2836,2836,0,2836,2836,2836,0.505801743524797,0,0.0074298571786114,0.0515283190536467,0,0,0,2365,non-mge
750,466201,466464,264,Veg protein,PANCAC_00421,contig_1,+,2836,2832,2835.72727272727,0.800103691862785,2836,2836,2836,0.16973758678976,0,0.00130217982076789,0.0115587375001224,0,0,0,192,non-mge
751,466465,466773,309,non-cds,non-cds,contig_1,.,2835,2798,2827.08090614887,9.28463633663166,2831,2828,2832,0.363157441913151,0,0.00344587525483162,0.0301424068506774,0,0,0,835,non-mge
752,466774,467622,849,4-(cytidine 5'-diphospho)-2-C-methyl-D-erythritol kinase,PANCAC_00422,contig_1,+,2836,2835,2835.88574793875,0.318304674228147,2836,2836,2836,0.684957380549883,0,0.00660935498678481,0.0561589177334064,0,0,0,9053,non-mge
753,467623,467635,13,non-cds,non-cds,contig_1,.,2836,2836,2836,0,2836,2836,2836,0.00582454957683332,0,0.00117654213908717,0.00195420248916105,0,0,0.00315683274376661,5,non-mge
754,467636,468460,825,pur operon repressor,PANCAC_00423,contig_1,+,2836,2835,2835.9296969697,0.255812109263147,2836,2836,2836,0.630639162334595,0,0.00355109443131313,0.0363795579903812,0,0,0,5173,non-mge
755,468461,468476,16,non-cds,non-cds,contig_1,.,2836,2836,2836,0,2836,2836,2836,0,0,0,0,0,0,0,0,non-mge
756,468477,468857,381,RidA family protein,PANCAC_00424,contig_1,+,2836,2836,2836,0,2836,2836,2836,0.547728256179528,0,0.00584571202885394,0.0406578263840962,0,0,0,1857,non-mge
757,468858,468928,71,non-cds,non-cds,contig_1,.,2836,2823,2828.74647887324,5.4582004094996,2826,2824,2835,0.270184663584146,0,0.00573392110215988,0.0338694913194594,0,0,0,286,non-mge
758,468929,469231,303,septation regulator SpoVG,PANCAC_00425,contig_1,+,2836,2825,2835.6798679868,1.50709930889961,2836,2836,2836,0.29997524778915,0,0.0020131974148258,0.0177512089676131,0,0,0,377,non-mge
759,469232,469574,343,non-cds,non-cds,contig_1,.,2836,2753,2822.87463556851,22.3636616101303,2834,2818.5,2836,0.656910480870937,0,0.00657317808711551,0.0505133814292302,0,0,0,2319,non-mge
760,469575,470927,1353,bifunctional UDP-N-acetylglucosamine diphosphorylase/glucosamine-1-phosphate N-acetyltransferase GlmU,PANCAC_00426,contig_1,+,2836,2835,2835.9512195122,0.21548844991096,2836,2836,2836,0.686834521420553,0,0.0075814078020945,0.0536002197680497,0,0,0,10974,non-mge
761,470928,471073,146,non-cds,non-cds,contig_1,.,2835,2784,2815.52054794521,18.1059027060551,2825,2801,2828.75,0.335081454333888,0,0.00301578302379322,0.0283940790078732,0,0,0,347,non-mge
762,471074,472039,966,ribose-phosphate diphosphokinase,PANCAC_00427,contig_1,+,2836,2834,2835.90062111801,0.347395382290077,2836,2836,2836,0.675601655409227,0,0.00413841473124619,0.0423630010499572,0,0,0,5939,non-mge
763,472040,472188,149,non-cds,non-cds,contig_1,.,2836,2836,2836,0,2836,2836,2836,0.410783956205534,0,0.00617642698561614,0.0395264961898528,0,0,0,721,non-mge
764,472189,472842,654,50S ribosomal protein L25/general stress protein Ctc,PANCAC_00428,contig_1,+,2836,2827,2835.25382262997,1.86113035332702,2836,2835,2836,0.597093475065986,0,0.00279344078755236,0.0327002836600233,0,0,0,1800,non-mge
765,472843,473152,310,non-cds,non-cds,contig_1,.,2835,2823,2831.52258064516,3.62361096497874,2834,2830,2834,0.683754261738762,0,0.0127665521034465,0.0792711534955945,0,0,0,5660,non-mge
766,473153,473725,573,aminoacyl-tRNA hydrolase,PANCAC_00429,contig_1,+,2836,2834,2835.76788830716,0.57653587041963,2836,2836,2836,0.511515321288218,0,0.00369749555756813,0.0344313755878897,0,0,0,1845,non-mge
767,473725,477231,3507,transcription-repair coupling factor,PANCAC_00430,contig_1,+,2836,2832,2835.90390647277,0.484975779155108,2836,2836,2836,0.976634459430118,0,0.0084231019786184,0.0623070588090123,0,0,0,36308,non-mge
768,477221,478747,1527,Polysaccharide biosynthesis protein C-terminal domain-containing protein,PANCAC_00431,contig_1,+,2836,2832,2835.50360183366,0.86573410311525,2836,2835,2836,0.693074733895447,0,0.00939737150636936,0.0660061486475913,0,0,0,17715,non-mge
769,478747,479940,1194,Nucleoside triphosphate pyrophosphohydrolase,PANCAC_00432,contig_1,+,2836,2835,2835.9581239531,0.200389808001383,2836,2836,2836,0.693147180559945,0,0.00941630268816419,0.063321293344768,0,0,0,13789,non-mge
770,479937,480200,264,RNA-binding S4 domain-containing protein,PANCAC_00433,contig_1,+,2836,2836,2836,0,2836,2836,2836,0.680688491088705,0,0.00573738069922688,0.0577514142256596,0,0,0,3116,non-mge
771,480201,480217,17,non-cds,non-cds,contig_1,.,2836,2836,2836,0,2836,2836,2836,0,0,0,0,0,0,0,0,non-mge
772,480218,480610,393,Septum formation initiator family protein,PANCAC_00434,contig_1,+,2836,2835,2835.99491094148,0.0712465875113996,2836,2836,2836,0.618150837076996,0,0.00574493962605903,0.0545028287705832,0,0,0,3868,non-mge
773,480611,480714,104,non-cds,non-cds,contig_1,.,2836,2836,2836,0,2836,2836,2836,0.0771070728774876,0,0.00101613715459093,0.00794029436609509,0,0,0,54,non-mge
774,480715,481116,402,S1 domain-containing RNA-binding protein,PANCAC_00435,contig_1,+,2836,2836,2836,0,2836,2836,2836,0.683569157705585,0,0.00552438941532403,0.0517343900877875,0,0,0,3129,non-mge
775,481117,481295,179,non-cds,non-cds,contig_1,.,2836,2836,2836,0,2836,2836,2836,0.338459565540244,0,0.0037229218163553,0.0296395187268621,0,0,0,502,non-mge
776,481296,482591,1296,tRNA(Ile)-lysidine synthase,PANCAC_00436,contig_1,+,2836,2829,2835.37037037037,1.28976434416992,2836,2835,2836,0.688785599300162,0,0.00955116081300657,0.0665282786608157,0,0,0,16907,non-mge
777,482592,482595,4,non-cds,non-cds,contig_1,.,2836,2836,2836,0,2836,2836,2836,0,0,0,0,0,0,0,0,non-mge
778,482596,483135,540,hypoxanthine phosphoribosyltransferase,PANCAC_00437,contig_1,+,2836,2835,2835.90185185185,0.297790715281524,2836,2836,2836,0.530667280718606,0,0.0021240878900715,0.0254576149712205,0,0,0,980,non-mge
779,483136,483391,256,non-cds,non-cds,contig_1,.,2836,2835,2835.65234375,0.47715905084565,2836,2835,2836,0.66949164291861,0,0.00707691383542645,0.0570766120740189,0,0,0,2134,non-mge
780,483392,485485,2094,ATP-dependent zinc metalloprotease FtsH,PANCAC_00438,contig_1,+,2836,2834,2835.85673352436,0.454851249846742,2836,2836,2836,0.686079657738187,0,0.00316081911206147,0.0326844903928058,0,0,0,6421,non-mge
781,485486,485713,228,non-cds,non-cds,contig_1,.,2836,2527,2750.42543859649,136.374867729596,2833,2530,2834,0.688247034317252,0,0.00924409367925841,0.0668864768054554,0,0,0,2548,non-mge
782,485714,486595,882,Hsp33 family molecular chaperone HslO,PANCAC_00439,contig_1,+,2836,2835,2835.94444444444,0.229191387584191,2836,2836,2836,0.632518486867519,0,0.00528312156920497,0.0450810276351115,0,0,0,7094,non-mge
783,486596,486773,178,non-cds,non-cds,contig_1,.,2836,2835,2835.88202247191,0.32349147431646,2836,2836,2836,0.634782503237012,0,0.00478888696493615,0.0482360686355527,0,0,0,1041,non-mge
784,486774,487706,933,cysteine synthase A,PANCAC_00440,contig_1,+,2836,2835,2835.91532690247,0.278543932655618,2836,2836,2836,0.66757726486639,0,0.00526755722979102,0.0493311882443885,0,0,0,6547,non-mge
785,487707,487921,215,non-cds,non-cds,contig_1,.,2836,2832,2834.56279069767,1.65887914752139,2836,2833,2836,0.691402058653313,0,0.0205735275524543,0.104028535501636,0,0,0,6605,non-mge
786,487922,488725,804,dihydropteroate synthase,PANCAC_00441,contig_1,+,2836,2835,2835.99253731343,0.086117472265424,2836,2836,2836,0.530226246985501,0,0.00520596910286178,0.0401813196643601,0,0,0,3645,non-mge
787,488703,489068,366,dihydroneopterin aldolase,PANCAC_00442,contig_1,+,2836,2835,2835.98087431694,0.137154249916217,2836,2836,2836,0.62263271051329,0,0.0112935553199225,0.0728983397035729,0,0,0,4768,non-mge
788,489065,489541,477,2-amino-4-hydroxy-6-hydroxymethyldihydropteridine diphosphokinase,PANCAC_00443,contig_1,+,2836,2835,2835.88259958071,0.322234766575147,2836,2836,2836,0.690054510497101,0,0.00921427859834896,0.0609326289118154,0,0,0,5053,non-mge
789,489542,490079,538,non-cds,non-cds,contig_1,.,2836,2827,2834.656133829,2.61188543896976,2836,2835,2836,0.693147180559945,0,0.0104929403640242,0.0690978780887804,0,0,0,7057,non-mge
790,490080,491567,1488,lysine--tRNA ligase,PANCAC_00444,contig_1,+,2836,2834,2835.93884408602,0.271282802618612,2836,2836,2836,0.688614356455315,0,0.00735973803513478,0.0590212059054457,0,0,0,15204,non-mge
791,491568,498651,7084,non-cds,non-cds,contig_1,.,2834,1817,2666.47247317899,182.623889988269,2749,2618,2775,0.688665890880315,0,0.00108770116017156,0.0207720583299418,0,0,0,9869,28
792,498652,500034,1383,HTH gntR-type domain-containing protein,PANCAC_00457,contig_1,-,2836,2800,2834.70137382502,2.87255431617442,2836,2834,2836,0.692924673798318,0,0.00866702512889924,0.0667521612884429,0,0,0,16268,non-mge
793,500035,500137,103,non-cds,non-cds,contig_1,.,2836,2832,2834.84466019417,0.882923858700572,2835,2835,2835,0.339643742987915,0,0.00586987281310818,0.0384112426431607,0,0,0,463,non-mge
794,500138,501025,888,pyridoxal 5'-phosphate synthase subunit PdxS,PANCAC_00458,contig_1,+,2836,2835,2835.97522522523,0.155525638725465,2836,2836,2836,0.669803387848812,0,0.00508421418381954,0.0470617074472085,0,0,0,6130,non-mge
795,501026,501028,3,non-cds,non-cds,contig_1,.,2836,2836,2836,0,2836,2836,2836,0,0,0,0,0,0,0,0,non-mge
796,501029,501589,561,pyridoxal 5'-phosphate synthase glutaminase subunit PdxT,PANCAC_00459,contig_1,+,2836,2832,2835.67914438503,0.910500244473974,2836,2836,2836,0.657447611321433,0,0.00597118119270469,0.0530943495188803,0,0,0,5533,non-mge
797,501590,501796,207,non-cds,non-cds,contig_1,.,2836,2830,2834.91787439614,2.0804264227922,2836,2835,2836,0.688001751508505,0,0.0106612449276293,0.066528221213234,0,0,0,2856,non-mge
798,501797,503011,1215,NupC/NupG family nucleoside CNT transporter,PANCAC_00460,contig_1,-,2836,2835,2835.99917695473,0.0286887655274623,2836,2836,2836,0.690450963656843,0,0.00842189189026974,0.0612225014789963,0,0,0,12852,non-mge
799,503012,503159,148,non-cds,non-cds,contig_1,.,2835,2811,2827.64189189189,8.47967568942097,2833,2821.75,2834,0.033030750187602,0,0.000906101147042321,0.00423184048158997,0,0,0,55,non-mge
800,503160,503630,471,Transcriptional regulator CtsR,PANCAC_00461,contig_1,+,2836,2825,2835.31210191083,1.92139190410664,2836,2835,2836,0.670113045496327,0,0.0067852672373386,0.0508194379561175,0,0,0,3301,non-mge
801,503631,503648,18,non-cds,non-cds,contig_1,.,2836,2836,2836,0,2836,2836,2836,0.0172905196967579,0,0.00145955011207543,0.00423228407666599,0,0,0,10,non-mge
802,503649,504215,567,Protein-arginine kinase activator protein,PANCAC_00462,contig_1,+,2836,2835,2835.93298059965,0.250276394161638,2836,2836,2836,0.693147180559945,0,0.00831211879219193,0.0586406629591186,0,0,0,5408,non-mge
803,504202,505212,1011,protein arginine kinase,PANCAC_00463,contig_1,+,2835,2833,2834.81602373887,0.431185810754835,2835,2835,2835,0.603895150767234,0,0.00450620079922437,0.0417816850168165,0,0,0,8186,non-mge
804,505213,505225,13,non-cds,non-cds,contig_1,.,2835,2834,2834.23076923077,0.438529009653515,2834,2834,2834,0.003158812208863,0,0.000242985554527923,0.000876096876047477,0,0,0,1,non-mge
805,505226,507682,2457,ATP-dependent Clp protease ATP-binding subunit ClpC,PANCAC_00464,contig_1,+,2835,2827,2834.77574277574,0.858335795430632,2835,2835,2835,0.696846301919785,0,0.00652359991628793,0.0554291219744682,0,0,0,23444,non-mge
806,507683,508166,484,non-cds,non-cds,contig_1,.,2835,2809,2833.14462809917,6.35620953512108,2835,2835,2835,0.691965057221515,0,0.00855943070915264,0.058523618980929,0,0,0,4546,non-mge
807,508167,509531,1365,DNA repair protein RadA,PANCAC_00465,contig_1,+,2836,2833,2835.32307692308,0.598460314872531,2835,2835,2836,0.692743655124012,0,0.00736105985140588,0.0555423507068043,0,0,0,11218,non-mge
808,509532,509555,24,non-cds,non-cds,contig_1,.,2836,2836,2836,0,2836,2836,2836,0.00582454957683332,0,0.000616913829059719,0.00172805953473394,0,0,0,5,non-mge
809,509556,510629,1074,TRAM domain-containing protein,PANCAC_00466,contig_1,+,2836,2833,2835.72067039106,0.628761647253755,2836,2836,2836,0.835779500012739,0,0.00730519038542584,0.0590942721386413,0,0,0,8921,non-mge
810,510630,511185,556,non-cds,non-cds,contig_1,.,2836,2830,2834.97482014388,1.61727581094709,2836,2834,2836,0.68581893935446,0,0.0111270946276454,0.0696781916904035,0,0,0,8552,non-mge
811,511186,512640,1455,glutamate--tRNA ligase,PANCAC_00467,contig_1,+,2836,2833,2835.92164948454,0.276383653318985,2836,2836,2836,0.691621834458082,0,0.00500433814300735,0.043013945464114,0,0,0,9428,non-mge
812,512641,513029,389,non-cds,non-cds,contig_1,.,2836,2832,2835.4087403599,1.22264952575366,2836,2835,2836,0.370312076285205,0,0.00320623421435564,0.0271594003741124,0,0,0,931,non-mge
813,513030,513710,681,serine O-acetyltransferase,PANCAC_00468,contig_1,+,2836,2833,2835.89574155653,0.52803416014991,2836,2836,2836,0.648656711792615,0,0.00330039692536801,0.0380016862220576,0,0,0,3316,non-mge
814,513694,515094,1401,cysteine--tRNA ligase,PANCAC_00469,contig_1,+,2836,2828,2835.42255531763,1.48560888237856,2836,2836,2836,0.68614528130777,0,0.010141821870525,0.0697312801147824,0,0,0,18506,non-mge
815,515087,515491,405,Mini-ribonuclease 3,PANCAC_00470,contig_1,+,2836,2835,2835.86913580247,0.337668907241962,2836,2836,2836,0.695052118024327,0,0.00808909129942308,0.0624124254281644,0,0,0,4243,non-mge
816,515492,515498,7,non-cds,non-cds,contig_1,.,2836,2836,2836,0,2836,2836,2836,0.685642598527548,0,0.0979489426467925,0.259148543425142,0,0,0,1241,non-mge
817,515499,516245,747,23S rRNA (guanosine(2251)-2'-O)-methyltransferase RlmB,PANCAC_00471,contig_1,+,2836,2836,2836,0,2836,2836,2836,0.698556630463904,0,0.0107004822874979,0.0730597724373925,0,0,0,12499,non-mge
818,516245,516769,525,NYN domain-containing protein,PANCAC_00472,contig_1,+,2836,2835,2835.89904761905,0.301552989942673,2836,2836,2836,0.685464234169813,0,0.00724895740242171,0.0530478744088809,0,0,0,4284,non-mge
819,516770,516849,80,non-cds,non-cds,contig_1,.,2836,2835,2835.9625,0.191182198207345,2836,2836,2836,0.377190445360981,0,0.010806526655762,0.0539701333606917,0,0,0,636,non-mge
820,516850,517419,570,RNA polymerase sigma factor SigS,PANCAC_00473,contig_1,+,2836,2831,2834.6,1.38964283383318,2835,2833,2836,0.693147180559945,0,0.00971189016120376,0.0653129926899868,0,0,0,7079,non-mge
821,517420,517732,313,non-cds,non-cds,contig_1,.,2836,2831,2834.78274760383,1.63419669462798,2835,2835,2836,0.685769707047699,0,0.0074530809958809,0.055432476210918,0,0,0,2654,non-mge
822,517733,517915,183,preprotein translocase subunit SecE,PANCAC_00474,contig_1,+,2836,2833,2835.22404371585,1.25753598172425,2836,2834.5,2836,0.450324296659573,0,0.00499674439243266,0.0422159787810499,0,0,0,836,non-mge
823,517916,517927,12,non-cds,non-cds,contig_1,.,2836,2836,2836,0,2836,2836,2836,0.0129444149479594,0,0.00107870124566329,0.0037367307273533,0,0,0,5,non-mge
824,517928,518476,549,transcription termination/antitermination protein NusG,PANCAC_00475,contig_1,+,2836,2836,2836,0,2836,2836,2836,0.29997524778915,0,0.00272117324883163,0.0234535699131476,0,0,0,1054,non-mge
825,518477,518656,180,non-cds,non-cds,contig_1,.,2836,2836,2836,0,2836,2836,2836,0.134337897920959,0,0.00183818388947796,0.0115923251535901,0,0,0,168,non-mge
826,518657,519079,423,50S ribosomal protein L11,PANCAC_00476,contig_1,+,2836,2835,2835.90307328605,0.296208284315271,2836,2836,2836,0.518964643525713,0,0.0023620224828924,0.027449379984463,0,0,0,877,non-mge
827,519080,519286,207,non-cds,non-cds,contig_1,.,2836,2834,2835.46376811594,0.605309280128382,2836,2835,2836,0.685993257230323,0,0.00514837576241835,0.0519468567543719,0,0,0,1526,non-mge
828,519287,519979,693,50S ribosomal protein L1,PANCAC_00477,contig_1,+,2836,2836,2836,0,2836,2836,2836,0.684061938739213,0,0.00327792987216002,0.0392639529561775,0,0,0,2757,non-mge
829,519980,520250,271,non-cds,non-cds,contig_1,.,2836,2835,2835.84132841328,0.366045543468841,2836,2836,2836,0.59935997251929,0,0.0057854948861866,0.041895796103275,0,0,0,1396,non-mge
830,520251,520751,501,50S ribosomal protein L10,PANCAC_00478,contig_1,+,2836,2836,2836,0,2836,2836,2836,0.519423897554358,0,0.00374975251234544,0.0353302446654174,0,0,0,1683,non-mge
831,520752,520793,42,non-cds,non-cds,contig_1,.,2836,2836,2836,0,2836,2836,2836,0.00830757571750994,0,0.000348124790596266,0.00143013715625402,0,0,0,5,non-mge
832,520794,521162,369,50S ribosomal protein L7/L12,PANCAC_00479,contig_1,+,2836,2835,2835.79132791328,0.406911248877807,2836,2836,2836,0.598068489124165,0,0.00299670290699853,0.0350478033573698,0,0,0,1152,non-mge
833,521163,521336,174,non-cds,non-cds,contig_1,.,2836,2825,2833.86781609195,3.70280300802937,2835,2835,2836,0.551917398126374,0,0.00896810977208372,0.061942366779262,0,0,0,1634,non-mge
834,521337,521945,609,Methyltransferase small domain-containing protein,PANCAC_00480,contig_1,+,2836,2835,2835.98850574713,0.106680939002811,2836,2836,2836,0.845244299011811,0,0.00923192236563401,0.0621025236650127,0,0,0,5552,non-mge
835,521946,522159,214,non-cds,non-cds,contig_1,.,2836,2831,2834.46728971963,1.56737726573192,2835,2833,2836,0.2968961075991,0,0.00335091156637626,0.0269137747865213,0,0,0,521,non-mge
836,522160,525711,3552,DNA-directed RNA polymerase subunit beta,PANCAC_00481,contig_1,+,2836,2835,2835.96171171171,0.191918380632965,2836,2836,2836,0.871447264795386,0,0.00535704988166447,0.049546178047014,0,0,0,25558,non-mge
837,525712,525847,136,non-cds,non-cds,contig_1,.,2836,2836,2836,0,2836,2836,2836,0.530667280718606,0,0.00810258501889656,0.0548576932298572,0,0,0,1059,non-mge
838,525848,529471,3624,DNA-directed RNA polymerase subunit beta',PANCAC_00482,contig_1,+,2836,2833,2835.96495584989,0.248955528861701,2836,2836,2836,0.693147180559945,0,0.00594098372070455,0.0504650740422781,0,0,0,24781,non-mge
839,529472,529607,136,non-cds,non-cds,contig_1,.,2836,2835,2835.15441176471,0.362678849276351,2835,2835,2835,0.680962070841487,0,0.0115487095413032,0.072000315127626,0,0,0,1921,non-mge
840,529608,529862,255,RNA-binding protein MW0499,PANCAC_00483,contig_1,+,2836,2835,2835.90980392157,0.287025817078534,2836,2836,2836,0.0366600364571996,0,0.000416331006773418,0.00262837661498109,0,0,0,41,non-mge
841,529863,529959,97,non-cds,non-cds,contig_1,.,2836,2835,2835.67010309278,0.472617919248204,2836,2835,2836,0.295923073062464,0,0.0036279372246134,0.0301047478435898,0,0,0,268,non-mge
842,529960,530373,414,30S ribosomal protein S12,PANCAC_00484,contig_1,+,2836,2836,2836,0,2836,2836,2836,0.274627153976422,0,0.00268970861117262,0.0243765905567386,0,0,0,819,non-mge
843,530374,530438,65,non-cds,non-cds,contig_1,.,2836,2836,2836,0,2836,2836,2836,0.0785833664171198,0,0.00161838209563732,0.00993220370846572,0,0,0,53,non-mge
844,530439,530909,471,30S ribosomal protein S7,PANCAC_00485,contig_1,+,2836,2836,2836,0,2836,2836,2836,0.559013327573294,0,0.00194246481773166,0.0280561589499335,0,0,0,2365,non-mge
845,530910,531031,122,non-cds,non-cds,contig_1,.,2836,2834,2835.04918032787,0.614594659358742,2835,2835,2835,0.00831013345717067,0,9.39996361165981e-05,0.000802641172912922,0,0,0,4,non-mge
846,531032,533113,2082,elongation factor G FusA,PANCAC_00486,contig_1,+,2836,2835,2835.92507204611,0.263338306221914,2836,2836,2836,0.690310093529836,0,0.00402568372592931,0.0396508935924169,0,0,0,8643,non-mge
847,533114,533329,216,non-cds,non-cds,contig_1,.,2836,2835,2835.25462962963,0.436664792784507,2835,2835,2836,0.025414358456202,0,0.000393922561837509,0.00245317355313951,0,0,0,33,non-mge
848,533330,534514,1185,elongation factor Tu,PANCAC_00487,contig_1,+,2836,2835,2835.94852320675,0.221061466496171,2836,2836,2836,0.530667280718606,0,0.00556409729973276,0.0415620879580644,0,0,0,5724,non-mge
849,534515,534795,281,non-cds,non-cds,contig_1,.,2836,2830,2835.00711743772,1.2188779458475,2835,2834,2836,0.530667280718606,0,0.0101283504384425,0.0554048676610544,0,0,0,2448,non-mge
850,534796,535971,1176,Peptidase,PANCAC_00488,contig_1,-,2836,2832,2835.29591836735,0.83080089949821,2835,2835,2836,0.692914355293852,0,0.00842810158990355,0.0558260153002674,0,0,0,10167,non-mge
851,535972,536141,170,non-cds,non-cds,contig_1,.,2836,2830,2833.86470588235,1.51889136480253,2835,2832,2835,0.620497628113372,0,0.00431884961443322,0.0477989684540854,0,0,0,934,non-mge
852,536142,537329,1188,glycine C-acetyltransferase,PANCAC_00489,contig_1,+,2836,2832,2835.55218855219,0.692822943329656,2836,2835,2836,0.685993257230323,0,0.00871549704836409,0.0625530985065862,0,0,0,12092,non-mge
853,537330,537594,265,non-cds,non-cds,contig_1,.,2836,2806,2828.07547169811,9.98796445539651,2833,2822,2835,0.597175318266909,0,0.0137346043948667,0.0701329987916803,0,0,0,3410,non-mge
854,537595,538473,879,glyoxalase III HchA,PANCAC_00490,contig_1,+,2836,2831,2835.88737201365,0.472296079764322,2836,2836,2836,0.692883396140278,0,0.0129695746460904,0.0721301641922579,0,0,0,13977,non-mge
855,538474,538631,158,non-cds,non-cds,contig_1,.,2836,2835,2835.59493670886,0.492465197238353,2836,2835,2836,0.527217148896585,0,0.0126240867983091,0.0607944006917294,0,0,0,1703,non-mge
856,538632,540269,1638,ribulokinase,PANCAC_00491,contig_1,+,2836,2819,2834.88461538462,2.70649260184539,2836,2835,2836,1.00713122569942,0,0.0093638645880106,0.067705613618354,0,0,0,24124,non-mge
857,540270,540482,213,non-cds,non-cds,contig_1,.,2835,2819,2827.86384976526,6.18696577384723,2829,2821,2834,0.66085267321666,0,0.0128846795181643,0.0690605368614706,0,0,0,2764,non-mge
858,540483,541448,966,Uncharacterized epimerase/dehydratase SAR0558,PANCAC_00492,contig_1,+,2836,2834,2835.89544513458,0.309503963147942,2836,2836,2836,0.692883396140278,0,0.00804918106247366,0.0605225815387102,0,0,0,9333,non-mge
859,541449,541782,334,non-cds,non-cds,contig_1,.,2836,2826,2834.17065868263,3.04188599978782,2836,2834,2836,0.665652126342791,0,0.00898631474437821,0.0650024107937419,0,0,0,4363,non-mge
860,541783,542859,1077,branched-chain amino acid aminotransferase,PANCAC_00493,contig_1,+,2836,2835,2835.93871866295,0.239957074373116,2836,2836,2836,0.691868644184273,0,0.00787011196155705,0.0549890404471456,0,0,0,8646,non-mge
861,542860,543108,249,non-cds,non-cds,contig_1,.,2836,2835,2835.76706827309,0.423550468483093,2836,2836,2836,0.680914610467916,0,0.00795812232123936,0.0637891851473264,0,0,0,2992,non-mge
862,543109,543792,684,HAD family hydrolase,PANCAC_00494,contig_1,+,2836,2826,2835.37134502924,1.32311268529883,2836,2836,2836,0.660832564310169,0,0.00720985639554676,0.0569138150226451,0,0,0,5741,non-mge
863,543793,543907,115,non-cds,non-cds,contig_1,.,2831,2819,2823.27826086957,2.60413916842843,2823,2822,2824,0.530523806256695,0,0.00584026706042682,0.0503261445486728,0,0,0,704,non-mge
864,543908,544570,663,Deoxyadenosine/deoxycytidine kinase,PANCAC_00495,contig_1,-,2836,2830,2835.66063348416,0.797127143361562,2836,2836,2836,0.669334987305613,0,0.00620803221652851,0.0511249864614872,0,0,0,4447,non-mge
865,544563,545180,618,Deoxynucleoside kinase domain-containing protein,PANCAC_00496,contig_1,-,2836,2825,2834.76860841424,2.61336516332526,2836,2834,2836,0.417757031574634,0,0.00350085677180951,0.0308265594378161,0,0,0,1733,non-mge
866,545181,545246,66,non-cds,non-cds,contig_1,.,2836,2835,2835.42424242424,0.498014706628879,2835,2835,2836,0.0488256193691524,0,0.000739782111653824,0.00601001828613835,0,0,0,24,non-mge
867,545247,545717,471,tRNA adenosine(34) deaminase TadA,PANCAC_00497,contig_1,+,2836,2834,2835.96602972399,0.250346464536837,2836,2836,2836,0.549161233318067,0,0.00646365074159824,0.0413440711169562,0,0,0,2438,non-mge
868,545718,545863,146,non-cds,non-cds,contig_1,.,2836,2832,2834.44520547945,1.28670025401952,2835,2834,2835,0.350647367027096,0,0.00302384414525785,0.0291088510929343,0,0,0,352,non-mge
869,545864,546733,870,Cof-type HAD-IIB family hydrolase,PANCAC_00498,contig_1,+,2836,2836,2836,0,2836,2836,2836,0.690112661124211,0,0.00842956535639174,0.0561170875154571,0,0,0,7806,non-mge
870,546734,546753,20,non-cds,non-cds,contig_1,.,2836,2836,2836,0,2836,2836,2836,0.0151470613380297,0,0.000757353066901483,0.00338698588111932,0,0,0,6,non-mge
871,546754,547320,567,FMN-dependent NADPH-azoreductase,PANCAC_00499,contig_1,+,2836,2835,2835.57671957672,0.494515321861724,2836,2835,2836,0.55584316020778,0,0.00768700709121568,0.0545182241930271,0,0,0,4303,non-mge
872,547321,547750,430,non-cds,non-cds,contig_1,.,2835,1998,2360.43488372093,271.553691140257,2210,2196,2567.5,0.615655402248166,0,0.00996794223757512,0.0574819577349946,0,0,0,3000,non-mge
873,547751,550738,2988,Ser-Asp rich fibrinogen-binding bone sialoprotein-binding protein,PANCAC_00500,contig_1,+,2827,90,2198.19912985274,984.863453276397,2818,1701.25,2826,0.923018272818522,0,0.00593265047287782,0.0520331608989186,0,0,0,19824,29;30
874,550739,551104,366,non-cds,non-cds,contig_1,.,2571,1913,2329.71038251366,281.645250978527,2495.5,1937,2538,0.688206103331026,0,0.0148660381968729,0.0724329791101326,0,0,0,4248,31
875,551105,555154,4050,MSCRAMM family adhesin SdrD,PANCAC_00501,contig_1,+,2831,95,1978.63604938272,806.356091373122,2297,1418,2620,0.693147044976703,0,0.00558024668236742,0.0475472643221798,0,0,0,18934,32;33
876,555155,555272,118,non-cds,non-cds,contig_1,.,2835,2831,2833.99152542373,1.46465924809265,2835,2832,2835,0.693139717234057,0,0.00838795335189984,0.0683788812042166,0,0,0,1617,non-mge
877,555273,556745,1473,Glycosyltransferase,PANCAC_00502,contig_1,+,2836,2831,2835.33197556008,1.12731161997591,2836,2835,2836,0.693134124735511,0,0.013493548258458,0.0790714078299242,0,0,0,25360,non-mge
878,556746,556868,123,non-cds,non-cds,contig_1,.,2836,2820,2834.9918699187,1.39962486167971,2835,2835,2835,0.23937823260844,0,0.00576553383762021,0.0334303768800412,0,0,0,500,non-mge
879,556869,558359,1491,Glycosyl transferase family 1 domain-containing protein,PANCAC_00503,contig_1,-,2836,2831,2835.56874580818,0.91067625682189,2836,2836,2836,0.75066907306382,0,0.00946088638857403,0.0660699461665499,0,0,0,20499,non-mge
880,558360,558640,281,non-cds,non-cds,contig_1,.,2836,2708,2824.64056939502,34.121039671236,2835,2834,2835,0.568755429603496,0,0.00989692479895088,0.0664473518602474,0,0,0,2902,non-mge
881,558641,559519,879,GTP cyclohydrolase FolE2,PANCAC_00504,contig_1,-,2836,2835,2835.94766780432,0.222822848107629,2836,2836,2836,0.686079657738187,0,0.00871489670366471,0.0591277346001594,0,0,0,8912,non-mge
882,559520,559531,12,non-cds,non-cds,contig_1,.,2836,2836,2836,0,2836,2836,2836,0,0,0,0,0,0,0,0,non-mge
883,559532,560197,666,bacillithiol biosynthesis deacetylase BshB2,PANCAC_00505,contig_1,-,2836,2835,2835.88588588589,0.318188782398282,2836,2836,2836,0.648440347943019,0,0.00826465665468089,0.0577622464172302,0,0,0,6653,non-mge
884,560198,560210,13,non-cds,non-cds,contig_1,.,2836,2836,2836,0,2836,2836,2836,0,0,0,0,0,0,0,0,non-mge
885,560211,560573,363,DUF1806 domain-containing protein,PANCAC_00506,contig_1,-,2836,2834,2835.69421487603,0.606269845012485,2836,2836,2836,0.583913096582722,0,0.0069569474416475,0.0543500075975355,0,0,0,2660,non-mge
886,560574,560848,275,non-cds,non-cds,contig_1,.,2836,2835,2835.80727272727,0.395159833436437,2836,2836,2836,0.693147180559945,0,0.00643373394374796,0.0505772068258068,0,0,0,2208,non-mge
887,560849,561607,759,glucosamine-6-phosphate deaminase,PANCAC_00507,contig_1,+,2836,2835,2835.89855072464,0.30212179697476,2836,2836,2836,0.693147180559945,0,0.00701617874505503,0.0496626737602373,0,0,0,7404,non-mge
888,561608,561683,76,non-cds,non-cds,contig_1,.,2835,2835,2835,0,2835,2835,2835,0.0193891330708753,0,0.000824221176095802,0.00356111240720748,0,0,0,25,non-mge
889,561684,562316,633,3-hexulose-6-phosphate synthase,PANCAC_00508,contig_1,+,2836,2834,2835.37124802528,0.626115098990269,2835,2835,2836,0.692816666289909,0,0.00378585246973204,0.0395904315739056,0,0,0,5671,non-mge
890,562317,562317,1,non-cds,non-cds,contig_1,.,2836,2836,2836,NA,2836,2836,2836,0,0,0,NA,0,0,0,0,non-mge
891,562318,562866,549,6-phospho-3-hexuloisomerase (PHI),PANCAC_00509,contig_1,+,2836,2836,2836,0,2836,2836,2836,0.641712741034319,0,0.00880558360504508,0.0561413677787056,0,0,0,4677,non-mge
892,562867,562978,112,non-cds,non-cds,contig_1,.,2836,2822,2831.0625,6.15605063814939,2836,2823,2836,0.550599478636832,0,0.014683498207237,0.0643778624954251,0,0,0,1404,non-mge
893,562979,563626,648,HAD family hydrolase,PANCAC_00510,contig_1,+,2836,2835,2835.95216049383,0.213591411458667,2836,2836,2836,0.598068489124165,0,0.00673241472338038,0.0500103359421409,0,0,0,4231,non-mge
894,563627,564127,501,non-cds,non-cds,contig_1,.,2836,2687,2822.56886227545,31.1465848609923,2834,2818,2835,0.693147180559945,0,0.0112547396903351,0.0694749456727716,0,0,0,6768,non-mge
895,564128,565528,1401,Putative proline/betaine transporter,PANCAC_00511,contig_1,+,2836,2833,2835.8301213419,0.535569709596291,2836,2836,2836,0.853385940533589,0,0.00837317374238536,0.0671402191056667,0,0,0,16526,non-mge
896,565529,566071,543,non-cds,non-cds,contig_1,.,2835,2810,2830.74401473296,6.34049511608721,2834,2830,2834,0.692554404087333,0,0.00619856052692093,0.0484831079949373,0,0,0,3765,non-mge
897,566072,567448,1377,Putative long chain fatty acid-CoA ligase VraA,PANCAC_00512,contig_1,+,2836,2830,2835.16122004357,1.66273476011808,2836,2835,2836,0.681593929363378,0,0.0109551141055615,0.062084025741235,0,0,0,14583,non-mge
898,567449,567449,1,non-cds,non-cds,contig_1,.,2836,2836,2836,NA,2836,2836,2836,0,0,0,NA,0,0,0,0,non-mge
899,567450,568589,1140,Putative acetyl-CoA C-acetyltransferase VraB,PANCAC_00513,contig_1,+,2836,2835,2835.72456140351,0.446931083127625,2836,2835,2836,0.69525450145897,0,0.0117035779742377,0.0717517348366153,0,0,0,15125,non-mge
900,568564,568929,366,Protein VraC,PANCAC_00514,contig_1,+,2836,2834,2835.09016393443,0.662135586338411,2835,2835,2836,0.693147180559945,0,0.0144594581775542,0.0809214765501305,0,0,0,6648,non-mge
901,568930,568931,2,non-cds,non-cds,contig_1,.,2836,2836,2836,0,2836,2836,2836,0,0,0,0,0,0,0,0,non-mge
902,568932,569201,270,Phage protein,PANCAC_00515,contig_1,+,2836,2836,2836,0,2836,2836,2836,0.679880986150905,0,0.00595504795420317,0.0522589244602444,0,0,0,4687,non-mge
903,569202,569401,200,non-cds,non-cds,contig_1,.,2836,2834,2835.05,0.84324093613979,2835,2834,2836,0.500467401354683,0,0.00445791633537751,0.0391181321457401,0,0,0,815,non-mge
904,569402,569569,168,Protein VraX,PANCAC_00516,contig_1,-,2836,2833,2835.8630952381,0.578306377558206,2836,2836,2836,0.527602912123095,0,0.00392469251325852,0.0411449270144114,0,0,0,492,non-mge
905,569570,570075,506,non-cds,non-cds,contig_1,.,2835,1590,1990.44664031621,579.500196156244,1595,1592,2834,0.620584931698663,0,0.00484634767004121,0.0356478088553119,0,0,0,1775,34
906,570076,570906,831,Putative pyridoxine kinase,PANCAC_00517,contig_1,-,2836,2829,2835.95667870036,0.377755631492228,2836,2836,2836,0.69209684695266,0,0.00726422961139223,0.0585518289990449,0,0,0,7678,non-mge
907,570907,571089,183,non-cds,non-cds,contig_1,.,2836,2833,2834.89071038251,0.919311160090769,2835,2834,2836,0.146820491540355,0,0.00165200439409791,0.0135576376417627,0,0,0,177,non-mge
908,571090,571746,657,uracil-DNA glycosylase,PANCAC_00518,contig_1,+,2836,2833,2835.55555555556,0.669708507557468,2836,2835,2836,0.68500946637698,0,0.0048807476336087,0.043152095284427,0,0,0,3373,non-mge
909,571747,572127,381,YwdI family protein,PANCAC_00519,contig_1,+,2836,2828,2834.58005249344,2.75910378229013,2836,2835,2836,0.689661655633777,0,0.0101508925627813,0.0743136683424512,0,0,0,6402,non-mge
910,572128,572259,132,non-cds,non-cds,contig_1,.,2836,2835,2835.73484848485,0.443095435153845,2836,2835,2836,0.559799168179231,0,0.0167827543941639,0.0817370726634828,0,0,0,2250,non-mge
911,572260,572628,369,UPF0382 membrane protein SACOL0629,PANCAC_00520,contig_1,+,2836,2835,2835.61788617886,0.48656390398561,2836,2835,2836,0.693147180559945,0,0.00520990436406392,0.0515374097479162,0,0,0,2660,non-mge
912,572629,572748,120,non-cds,non-cds,contig_1,.,2836,2836,2836,0,2836,2836,2836,0.0785833664171198,0,0.00167266699482039,0.0087106790927382,0,0,0,95,non-mge
913,572749,574233,1485,APC family permease,PANCAC_00521,contig_1,+,2836,2828,2835.59191919192,1.09356825569042,2836,2836,2836,0.693147180559945,0,0.00604166941681819,0.0531156858600844,0,0,0,10995,non-mge
914,574234,574374,141,non-cds,non-cds,contig_1,.,2836,2834,2835.3475177305,0.886290951927807,2836,2834,2836,0.688921564056943,0,0.0116055684962905,0.0787589362296229,0,0,0,2261,non-mge
915,574375,574827,453,Threonine/Serine exporter ThrE domain-containing protein,PANCAC_00522,contig_1,-,2836,2834,2835.86754966887,0.382275962882126,2836,2836,2836,0.668861885857868,0,0.00955213528494481,0.0679849363884004,0,0,0,5167,non-mge
916,574828,574839,12,non-cds,non-cds,contig_1,.,2836,2836,2836,0,2836,2836,2836,0.00315683274376661,0,0.000263069395313884,0.00091129911720014,0,0,0,1,non-mge
917,574840,575604,765,Threonine/serine exporter-like N-terminal domain-containing protein,PANCAC_00523,contig_1,-,2836,2836,2836,0,2836,2836,2836,0.682857937115313,0,0.00808477986778969,0.0637425683325614,0,0,0,8306,non-mge
918,575605,576152,548,non-cds,non-cds,contig_1,.,2836,2813,2826.42700729927,6.1549285095685,2826,2823,2831,0.529389654675731,0,0.00880155404289515,0.0573200517565079,0,0,0,4609,non-mge
919,576153,576905,753,hydrogen peroxide-dependent heme synthase,PANCAC_00525,contig_1,-,2836,2835,2835.88047808765,0.324617262130241,2836,2836,2836,0.659606102730877,0,0.00510911625288052,0.0466171890230408,0,0,0,5166,non-mge
920,576906,577072,167,non-cds,non-cds,contig_1,.,2836,2834,2835.58682634731,0.770272279993078,2836,2836,2836,0.0901085272533193,0,0.000900601707690066,0.00738811460556009,0,0,0,75,non-mge
921,577073,578059,987,phosphate acetyltransferase,PANCAC_00526,contig_1,+,2836,2834,2835.92705167173,0.309988746057488,2836,2836,2836,0.691621834458082,0,0.00794144598788742,0.0600828873163009,0,0,0,9242,non-mge
922,578060,578061,2,non-cds,non-cds,contig_1,.,2835,2835,2835,0,2835,2835,2835,0.0129483595133557,0,0.00647417975667784,0.00915587281713514,0.00647417975667784,0.00323708987833892,0.00971126963501676,5,non-mge
923,578062,578898,837,Octanoyl-[GcvH]:protein N-octanoyltransferase,PANCAC_00527,contig_1,+,2836,2833,2835.81720430108,0.651674561822796,2836,2836,2836,0.693147180559945,0,0.00658917082865942,0.057932783025953,0,0,0,9122,non-mge
924,578899,579484,586,non-cds,non-cds,contig_1,.,2836,2814,2829.42491467577,6.46002781684543,2832,2828,2834,0.702288217935396,0,0.00694140120423278,0.0537137742078266,0,0,0,4529,non-mge
925,579485,580405,921,mevalonate kinase,PANCAC_00528,contig_1,+,2836,2834,2835.67643865364,0.547304381157969,2836,2835,2836,0.956632036691567,0,0.00898311562200743,0.0692187885201444,0,0,0,10717,non-mge
926,580406,580409,4,non-cds,non-cds,contig_1,.,2836,2836,2836,0,2836,2836,2836,0.00582454957683332,0,0.00145613739420833,0.00291227478841666,0,0,0.00145613739420833,2,non-mge
927,580410,581393,984,diphosphomevalonate decarboxylase,PANCAC_00529,contig_1,+,2836,2835,2835.95528455285,0.206783535723201,2836,2836,2836,0.69112150018387,0,0.00939219032719931,0.0645993507367059,0,0,0,11083,non-mge
928,581394,581405,12,non-cds,non-cds,contig_1,.,2836,2836,2836,0,2836,2836,2836,0,0,0,0,0,0,0,0,non-mge
929,581406,582482,1077,phosphomevalonate kinase,PANCAC_00530,contig_1,+,2836,2832,2835.2599814299,0.79566973941914,2835,2835,2836,0.676399999744551,0,0.00621589131717747,0.0526896289118226,0,0,0,7539,non-mge
930,582483,582658,176,non-cds,non-cds,contig_1,.,2835,2834,2834.88068181818,0.32508740083525,2835,2835,2835,0.684864588977953,0,0.00912232838609546,0.067504215026514,0,0,0,2485,non-mge
931,582659,583000,342,UPF0741 protein USA300HOU_0586,PANCAC_00531,contig_1,+,2836,2835,2835.86842105263,0.338527722167213,2836,2836,2836,0.3867189025189,0,0.00407632707401036,0.0314588549506483,0,0,0,1061,non-mge
932,583001,583051,51,non-cds,non-cds,contig_1,.,2836,2836,2836,0,2836,2836,2836,0.661561343438554,0,0.0218763833192594,0.100115782061244,0,0,0,1379,non-mge
933,583052,584374,1323,hypothiocyanous acid reductase MerA,PANCAC_00532,contig_1,-,2836,2833,2835.75283446712,0.558375148909803,2836,2836,2836,1.04227896149413,0,0.0137910088694177,0.0770693189924812,0,0,0,20338,non-mge
934,584361,584801,441,redox-sensitive transcriptional regulator HypR,PANCAC_00533,contig_1,-,2836,2835,2835.91609977324,0.277552990886332,2836,2836,2836,0.459303807203334,0,0.00684697722319596,0.0458087618916252,0,0,0,2571,non-mge
935,584802,585425,624,non-cds,non-cds,contig_1,.,2836,2811,2829.74038461538,7.09553499507118,2833,2824,2836,0.530667280718606,0,0.00663519222792064,0.0413888634785943,0,0,0,3266,non-mge
936,585426,586835,1410,LXG domain-containing protein,PANCAC_00534,contig_1,+,2836,539,2324.75460992908,944.307899399352,2836,2835,2836,0.692944310483886,0,0.00914813044970039,0.0652217364352342,0,0,0,20580,35
937,586836,586838,3,non-cds,non-cds,contig_1,.,540,540,540,0,540,540,540,0,0,0,0,0,0,0,0,35
938,586839,587465,627,DUF443 domain-containing protein,PANCAC_00535,contig_1,+,798,540,786.859649122807,31.6890757605897,790,788,791,0.616223905334009,0,0.00292639396630128,0.0351927827149444,0,0,0,547,35
939,587466,587590,125,non-cds,non-cds,contig_1,.,791,789,789.832,0.726636084983398,790,789,790,0.617263987768466,0,0.00493811190214772,0.0552097694685155,0,0,0,242,35
940,587591,588232,642,DUF443 domain-containing protein,PANCAC_00536,contig_1,+,903,767,881.028037383178,26.3854039251229,887,879,890,0.684404475349362,0,0.00624382790709878,0.0512859829587277,0,0,0,1372,35
941,588233,588319,87,non-cds,non-cds,contig_1,.,1539,903,947.436781609195,161.944341655313,903,903,903,0.30069680273291,0,0.00610819335865214,0.0363476534261809,0,0,0,118,35
942,588320,588937,618,DUF443 domain-containing protein,PANCAC_00537,contig_1,+,1982,1489,1524.12944983819,109.941811956273,1492,1490,1496,0.682302825362486,0,0.00724502253871844,0.0664283788433307,0,0,0,4290,35
943,588938,589011,74,non-cds,non-cds,contig_1,.,1986,1982,1983.72972972973,1.12624113938159,1984,1983,1984,0.624419268326975,0,0.00955173192523554,0.0726658163848714,0,0,0,652,35
944,589012,589641,630,DUF443 domain-containing protein,PANCAC_00538,contig_1,+,1972,1342,1560.2380952381,288.424315046217,1348,1345,1945,0.408665614206412,0,0.00418565242131088,0.0342077586566641,0,0,0,1125,36
945,589642,589836,195,non-cds,non-cds,contig_1,.,1880,1344,1362.93846153846,92.3796308365498,1346,1345,1348,0.692727164902287,0,0.0119599594990138,0.0783694101349007,0,0,0,1723,36
946,589837,590430,594,DUF443 domain-containing protein,PANCAC_00539,contig_1,+,2766,1879,2745.25420875421,37.3117899635423,2745,2738,2756,0.395901270464189,0,0.00107254151229372,0.0166611292095098,0,0,0,472,36
947,590431,590597,167,non-cds,non-cds,contig_1,.,2753,2660,2683.34131736527,37.0409692512679,2661,2660,2734,0.131104418654988,0,0.00152584140067231,0.0137314002012489,0,0,0,147,non-mge
948,590598,591230,633,DUF443 domain-containing protein,PANCAC_00540,contig_1,+,2678,1896,2025.98736176935,240.676603948376,1960,1912,1965,0.683320050132548,0,0.0101559078756131,0.074744538697678,0,0,0,6255,37
949,591231,591276,46,non-cds,non-cds,contig_1,.,1914,1913,1913.21739130435,0.41702882811415,1913,1913,1913,0.622328495195049,0,0.0148083344102122,0.0917958279459118,0,0,0,618,37
950,591277,591744,468,DUF443 domain-containing protein,PANCAC_00541,contig_1,+,1917,1431,1665.24572649573,237.200151036911,1445,1441,1916,0.683238403577875,0,0.0113784504171314,0.0816848999186497,0,0,0,4656,37
951,591745,592357,613,non-cds,non-cds,contig_1,.,1445,1442,1443.48939641109,0.66320310657847,1443,1443,1444,0.68340866721242,0,0.0030302427231354,0.0305173347768665,0,0,0,948,37
952,592358,592987,630,DUF443 domain-containing protein,PANCAC_00542,contig_1,+,1444,1434,1439.20158730159,2.62778307692274,1439.5,1437,1441,0.68757856697494,0,0.00534607621882215,0.0548512043052156,0,0,0,2591,37
953,592988,593110,123,non-cds,non-cds,contig_1,.,1574,1437,1440.9756097561,12.2028372235918,1439,1439,1441,0.0149790483758119,0,0.000458426296770623,0.00241548683746725,0,0,0,11,37
954,593111,593752,642,DUF443 domain-containing protein,PANCAC_00543,contig_1,+,1574,1304,1413.9984423676,119.96372955784,1336,1320,1574,0.684064505598344,0,0.0049966899217724,0.050659148644272,0,0,0,2266,37
955,593753,593788,36,non-cds,non-cds,contig_1,.,1851,1317,1470.72222222222,168.317491003692,1319,1318,1638,0.119937622239708,0,0.00347414312571751,0.0199834629453636,0,0,0,43,37
956,593789,594424,636,DUF443 domain-containing protein,PANCAC_00544,contig_1,+,1855,1698,1774.21698113208,51.5995491740633,1747,1734,1836,0.693147180559945,0,0.00394774209498113,0.0417335022033595,0,0,0,1932,37
957,594390,594635,246,Phage protein,PANCAC_00545,contig_1,+,1795,1747,1774.96341463415,20.0872251750076,1791,1753,1792,0.417840762899817,0,0.00524860972818274,0.0397496152737449,0,0,0,682,37
958,594636,594658,23,non-cds,non-cds,contig_1,.,2402,1791,1952.04347826087,214.283049484654,1881,1881,1881,0.157322797786704,0,0.00741633074578119,0.0327399716983439,0,0,0,72,37
959,594659,595285,627,DUF443 domain-containing protein,PANCAC_00546,contig_1,+,2815,1636,2785.16427432217,125.224718643472,2802,2793,2808,0.128802955045458,0,0.00108232701150341,0.00987074586802488,0,0,0,368,non-mge
960,595286,595554,269,non-cds,non-cds,contig_1,.,2835,1652,2794.75464684015,213.009072460168,2834,2834,2835,0.675114465885593,0,0.0105222229286802,0.0719976594324541,0,0,0,3436,non-mge
961,595555,596493,939,NADP-dependent oxidoreductase domain-containing protein,PANCAC_00547,contig_1,+,2836,2835,2835.38551650692,0.486976469195647,2835,2835,2836,0.680622650299765,0,0.00898795484270936,0.0651770146430956,0,0,0,11653,non-mge
962,596494,596703,210,non-cds,non-cds,contig_1,.,2836,1585,2628.34285714286,454.596910224933,2835,2832,2835,0.527663229056038,0,0.0114844541799349,0.0622313202323364,0,0,0,2121,non-mge
963,596704,597240,537,FMN-dependent NADPH-azoreductase,PANCAC_00548,contig_1,+,2836,2835,2835.73556797021,0.441441523842262,2836,2835,2836,0.529342022418137,0,0.00684320456532601,0.0466119787707444,0,0,0,3235,non-mge
964,597241,597408,168,non-cds,non-cds,contig_1,.,2835,2835,2835,0,2835,2835,2835,0.270323770083812,0,0.00223594843983699,0.0210145203332954,0,0,0,258,non-mge
965,597409,597885,477,N-acetyltransferase domain-containing protein,PANCAC_00549,contig_1,+,2835,2834,2834.99580712788,0.0646843378456635,2835,2835,2835,0.6502312352747,0,0.0067575706728714,0.0488434086248361,0,0,0,3125,non-mge
966,597886,597924,39,non-cds,non-cds,contig_1,.,2835,2834,2834.23076923077,0.426832794918354,2834,2834,2834,0.0323424870814819,0,0.000991284910236099,0.00520037821144906,0,0,0,15,non-mge
967,597925,599220,1296,HD domain-containing protein,PANCAC_00550,contig_1,+,2835,2833,2834.94830246914,0.313820972291957,2835,2835,2835,0.69241889727646,0,0.00846825151302436,0.0645118700898291,0,0,0,15596,non-mge
968,599221,599262,42,non-cds,non-cds,contig_1,.,2835,2835,2835,0,2835,2835,2835,0.331720245698359,0,0.0137953252786429,0.0628292298987566,0,0,0,479,non-mge
969,599263,599769,507,Cytosolic protein,PANCAC_00551,contig_1,+,2835,2835,2835,0,2835,2835,2835,0.639892157341371,0,0.00708463823368067,0.0577951082574242,0,0,0,6348,non-mge
970,599770,600267,498,non-cds,non-cds,contig_1,.,2835,2830,2833.99598393574,1.36645053261782,2835,2833,2835,0.471479615404255,0,0.00438425183148797,0.0334774602837722,0,0,0,1698,non-mge
971,600268,601278,1011,alcohol dehydrogenase AdhP,PANCAC_00552,contig_1,+,2835,2827,2834.56083086053,1.28394846680968,2835,2835,2835,0.806635921021116,0,0.00705091435942357,0.0613388865292747,0,0,0,10163,non-mge
972,601279,601352,74,non-cds,non-cds,contig_1,.,2833,2826,2828.71621621622,2.60936285862136,2827,2827,2831,0.378002234483261,0,0.00762324244725395,0.0472156410614676,0,0,0,468,non-mge
973,601353,601460,108,hypothetical protein,PANCAC_00553,contig_1,+,2833,2831,2832.35185185185,0.899790368263057,2833,2831,2833,0.619723407929572,0,0.0126359239072166,0.0710778762273092,0,0,0,1440,non-mge
974,601461,601552,92,non-cds,non-cds,contig_1,.,2835,2833,2834.1847826087,0.982588505938224,2835,2833,2835,0.184129583134058,0,0.00334158430568965,0.0201540535488115,0,0,0,183,non-mge
975,601553,601969,417,DUF1934 domain-containing protein,PANCAC_00554,contig_1,+,2835,2831,2834.47002398082,0.973044513074062,2835,2834,2835,0.685631731205566,0,0.00595041643805156,0.0493928808577631,0,0,0,2792,non-mge
976,601966,603627,1662,arginine--tRNA ligase,PANCAC_00555,contig_1,+,2835,2832,2834.74789410349,0.657182623186333,2835,2835,2835,0.858863768371579,0,0.00803149751268598,0.0600677926461062,0,0,0,16656,non-mge
977,603628,604015,388,non-cds,non-cds,contig_1,.,2835,2063,2751.98969072165,80.214021836141,2737,2696,2835,0.232723688539445,0,0.000977715224494702,0.0122403498501554,0,0,0,239,non-mge
978,604016,604651,636,Endonuclease III,PANCAC_00557,contig_1,+,2810,2806,2808.21698113208,1.05147560638587,2808,2807,2809,0.692947962680306,0,0.0120473547493553,0.0731081148856548,0,0,0,8783,non-mge
979,604652,605029,378,non-cds,non-cds,contig_1,.,2834,2128,2648.80952380952,199.386275103146,2729,2471,2807,0.532549472013219,0,0.00409639414729771,0.0405274751995241,0,0,0,1520,non-mge
980,605030,605917,888,ABC transporter substrate-binding protein,PANCAC_00558,contig_1,+,2834,2832,2833.67004504504,0.564171927825893,2834,2833,2834,0.671896803722493,0,0.0099442377680856,0.0651673505156438,0,0,0,10193,non-mge
981,605918,606028,111,non-cds,non-cds,contig_1,.,2833,2830,2832,1.1908743922773,2832,2832,2833,0.0173062157357725,0,0.00038401845277711,0.00210275740086429,0,0,0,16,non-mge
982,606029,607015,987,ABC-type Fe3+-siderophore transport system%2C permease component,PANCAC_00559,contig_1,+,2834,2826,2833.33232016211,1.71113729982509,2834,2834,2834,0.762554571045024,0,0.0124838511522834,0.0781203392961725,0,0,0,18020,non-mge
983,607016,607069,54,non-cds,non-cds,contig_1,.,2834,2831,2832.27777777778,1.49737716183328,2831,2831,2834,0.67072191933187,0,0.0125287052306241,0.0912621730314916,0,0,0,1719,non-mge
984,607070,607789,720,HAD family hydrolase,PANCAC_00560,contig_1,+,2834,2832,2833.79166666667,0.546515068817926,2834,2834,2834,0.662057799901906,0,0.00542382512430596,0.0432461934184473,0,0,0,3908,non-mge
985,607773,608573,801,3-oxoadipate enol-lactonase,PANCAC_00561,contig_1,+,2834,2832,2833.57428214732,0.578608473229855,2834,2833,2834,0.682946386487352,0,0.00916574813371894,0.0615892786424313,0,0,0,8439,non-mge
986,608574,608708,135,non-cds,non-cds,contig_1,.,2834,2833,2833.42962962963,0.496866911228492,2833,2833,2834,0.237547933544819,0,0.00439862377545074,0.0293324570434839,0,0,0,418,non-mge
987,608709,609215,507,SA0570 family protein,PANCAC_00562,contig_1,+,2834,2832,2833.74556213018,0.544787580159321,2834,2834,2834,0.699794813529159,0,0.00552673186777176,0.0531656370824607,0,0,0,3082,non-mge
988,609216,609376,161,non-cds,non-cds,contig_1,.,2834,2832,2833.32919254658,0.484463588873405,2833,2833,2834,0.689594423189977,0,0.00527616196671629,0.054676824120563,0,0,0,1616,non-mge
989,609377,610093,717,DUF1129 domain-containing protein,PANCAC_00563,contig_1,+,2834,2827,2832.13668061367,1.5866963059776,2832,2831,2833,0.693046662515059,0,0.00984266615920263,0.0692170243106032,0,0,0,8978,non-mge
990,610094,610261,168,non-cds,non-cds,contig_1,.,2831,2624,2752.39880952381,70.3247505327707,2762,2684.5,2820.25,0.666099288681845,0,0.0085012365425133,0.0564280361613439,0,0,0,1494,non-mge
991,610262,611050,789,AB hydrolase-1 domain-containing protein,PANCAC_00564,contig_1,+,2834,2786,2832.8783269962,5.53946608502579,2834,2833,2834,0.664416199185077,0,0.00534332136775129,0.0426400767978174,0,0,0,4055,non-mge
992,611051,611300,250,non-cds,non-cds,contig_1,.,2834,2779,2799.368,22.5169408780594,2786,2784.25,2833,0.603273716079264,0,0.014393469540398,0.0797867537326514,0,0,0,3930,non-mge
993,611301,611675,375,global transcriptional regulator SarA,PANCAC_00565,contig_1,-,2834,2834,2834,0,2834,2834,2834,0.0311705159547895,0,0.000454368954286532,0.00307601654021413,0,0,0,70,non-mge
994,611676,612622,947,non-cds,non-cds,contig_1,.,2835,2809,2832.28722280887,3.60992808195089,2834,2832,2834,0.805099442630695,0,0.00567057315286736,0.0458629908965708,0,0,0,4550,non-mge
995,612623,613552,930,DMT family transporter,PANCAC_00567,contig_1,-,2836,2827,2834.55268817204,2.22712466247066,2835,2835,2836,0.685413737636337,0,0.0092009924370143,0.0618753349665759,0,0,0,9359,non-mge
996,613553,613746,194,non-cds,non-cds,contig_1,.,2827,1950,2318.5412371134,431.163026343294,1951,1951,2820,0.562757077290508,0,0.0106752778116844,0.0633236620439611,0,0,0,1430,38
997,613747,613971,225,DUF2922 domain-containing protein,PANCAC_00568,contig_1,-,2828,2824,2827.37777777778,0.937533068199866,2828,2827,2828,0.269914887278616,0,0.00194730011017179,0.0188943414357261,0,0,0,295,non-mge
998,613972,613987,16,non-cds,non-cds,contig_1,.,2827,2827,2827,0,2827,2827,2827,0.0438309625599435,0,0.00273943515999647,0.0109577406399859,0,0,0,21,non-mge
999,613988,614191,204,DUF1659 domain-containing protein,PANCAC_00569,contig_1,-,2828,2826,2827.43137254902,0.871099231072865,2828,2826,2828,0.380143862657444,0,0.00747775290948851,0.0423570365691247,0,0,0,1169,non-mge
1000,614192,614349,158,non-cds,non-cds,contig_1,.,2830,2826,2828.25316455696,1.33037377469335,2828,2827,2829,0.589070949788856,0,0.0114233310652279,0.0711514487010707,0,0,0,1947,non-mge
1001,614350,614910,561,DNA integration/recombination/invertion protein,PANCAC_00570,contig_1,+,2831,2829,2830.42780748663,0.659174542255794,2831,2830,2831,0.673724796149359,0,0.0017502240721986,0.0295187495873024,0,0,0,1872,non-mge
1002,614911,614928,18,non-cds,non-cds,contig_1,.,2831,2831,2831,0,2831,2831,2831,0.0151700764864435,0,0.000842782027024639,0.0035756213182276,0,0,0,6,non-mge
1003,614929,617331,2403,Na+/H+ antiporter Mnh2 subunit A,PANCAC_00571,contig_1,+,2836,2828,2834.54057428215,1.68041988620686,2835,2834,2836,0.683711527289162,0,0.00521257619732658,0.0426562396675323,0,0,0,12653,non-mge
1004,617318,617743,426,Na+/H+ antiporter Mnh2 subunit B,PANCAC_00572,contig_1,+,2835,2835,2835,0,2835,2835,2835,0.662883237501372,0,0.00993353740550588,0.068388634789595,0,0,0,5175,non-mge
1005,617740,618084,345,Na+/H+ antiporter Mnh2 subunit C,PANCAC_00573,contig_1,+,2836,2830,2834.22898550725,2.0804391761085,2835,2832,2836,0.665268004505276,0,0.00938087352478422,0.069203191212118,0,0,0,4137,non-mge
1006,618074,619570,1497,Na+/H+ antiporter Mnh2 subunit D,PANCAC_00574,contig_1,+,2836,2829,2834.66666666667,1.70691160786862,2835,2834,2836,0.66246037606976,0,0.00702365306212233,0.0508745628201526,0,0,0,11481,non-mge
1007,619571,620053,483,Na+/H+ antiporter Mnh2 subunit E,PANCAC_00575,contig_1,+,2835,2833,2834.65217391304,0.617122921290369,2835,2834,2835,0.693145395180248,0,0.0119169678413037,0.0751601648111815,0,0,0,7150,non-mge
1008,620050,620352,303,Na+/H+ antiporter Mnh2 subunit F,PANCAC_00576,contig_1,+,2835,2834,2834.86468646865,0.342624005755008,2835,2835,2835,0.681808902959491,0,0.00419520540106343,0.0413416188944924,0,0,0,1404,non-mge
1009,620327,620764,438,Na+/H+ antiporter Mnh2 subunit G,PANCAC_00577,contig_1,+,2835,2835,2835,0,2835,2835,2835,0.895773403747982,0,0.0106427026794631,0.074467552000589,0,0,0,6836,non-mge
1010,620765,621103,339,non-cds,non-cds,contig_1,.,2835,2831,2834.50737463127,1.14190171939225,2835,2835,2835,0.620777369564313,0,0.00925610606057448,0.056555757975387,0,0,0,2978,non-mge
1011,621104,623146,2043,Cation/H+ exchanger transmembrane domain-containing protein,PANCAC_00578,contig_1,+,2835,2824,2834.5810083211,1.63658933269994,2835,2835,2835,0.911333853688784,0,0.00577887078403594,0.0505252943602385,0,0,0,12888,non-mge
1012,623147,624571,1425,non-cds,non-cds,contig_1,.,2836,1076,2378.63859649123,641.512889295968,2826,1814,2835,0.690310093529836,0,0.00377092324545264,0.0391350062525426,0,0,0,5852,39
1013,624572,625510,939,manganese ABC transporter substrate-binding lipoprotein MntC,PANCAC_00580,contig_1,-,2836,2836,2836,0,2836,2836,2836,0.65764020345261,0,0.00434207760892038,0.0398242902442656,0,0,0,3998,non-mge
1014,625507,626343,837,Metal ABC transporter permease,PANCAC_00581,contig_1,-,2836,2831,2835.65949820789,0.974530305984105,2836,2836,2836,0.664564061254578,0,0.00323805098566459,0.033253658998561,0,0,0,2625,non-mge
1015,626337,627080,744,ABC transporter domain-containing protein,PANCAC_00582,contig_1,-,2836,2830,2835.42338709677,1.49275192071274,2836,2836,2836,0.39270635136132,0,0.00336682991817791,0.0261539711143532,0,0,0,1766,non-mge
1016,627081,627201,121,non-cds,non-cds,contig_1,.,2836,2833,2835.28925619835,0.98689763509128,2836,2834,2836,0.0366600364571996,0,0.00164864954240437,0.0061113090475643,0,0,0,83,non-mge
1017,627202,627846,645,Manganese transport regulator,PANCAC_00583,contig_1,+,2836,2834,2835.67131782946,0.608326514979891,2836,2835,2836,0.688921564056943,0,0.00924235071150178,0.0625228606397523,0,0,0,6638,non-mge
1018,627847,627925,79,non-cds,non-cds,contig_1,.,2835,2834,2834.94936708861,0.220647890820344,2835,2835,2835,0.688609483598807,0,0.011959574856471,0.0815704841305399,0,0,0,1465,non-mge
1019,627926,628678,753,M50 family metallopeptidase,PANCAC_00584,contig_1,-,2836,2823,2834.30013280212,3.31465355260991,2836,2834,2836,0.529784494490266,0,0.00624710156009457,0.0435623212753412,0,0,0,4020,non-mge
1020,628679,628913,235,non-cds,non-cds,contig_1,.,2835,2829,2833.25531914894,2.0240866369669,2834,2832,2835,0.649818969457343,0,0.00698003431659954,0.0493838468116763,0,0,0,1643,non-mge
1021,628914,629678,765,N-acetylglucosaminyldiphosphoundecaprenol N-acetyl-beta-D-mannosaminyltransferase TarA,PANCAC_00585,contig_1,+,2836,2833,2835.80653594771,0.652589806723625,2836,2836,2836,0.684447032165402,0,0.00922130862974606,0.0608016423973211,0,0,0,7395,non-mge
1022,629679,629738,60,non-cds,non-cds,contig_1,.,2836,2836,2836,0,2836,2836,2836,0.183983644486281,0,0.00325746590013727,0.023773203397101,0,0,0,132,non-mge
1023,629739,630533,795,teichoic acids export ABC transporter ATP-binding subunit TagH,PANCAC_00586,contig_1,-,2836,2835,2835.92830188679,0.258149800172166,2836,2836,2836,0.689121731023926,0,0.00713733490145538,0.0559004426935765,0,0,0,7738,non-mge
1024,630534,630879,346,non-cds,non-cds,contig_1,.,2836,2796,2823.97398843931,10.1713957966466,2829,2814,2830,0.575902754465927,0,0.00208582902506165,0.031051936208885,0,0,0,2146,non-mge
1025,630880,631692,813,teichoic acids export ABC transporter permease subunit TagG,PANCAC_00587,contig_1,+,2836,2833,2835.77859778598,0.643408795918305,2836,2836,2836,0.690559690084459,0,0.00439211672986361,0.0457995376829133,0,0,0,4452,non-mge
1026,631693,631790,98,non-cds,non-cds,contig_1,.,2836,2835,2835.67346938776,0.471354927974021,2836,2835,2836,0.184032262259887,0,0.00194232557712241,0.0185889057996892,0,0,0,130,non-mge
1027,631791,632894,1104,teichoic acid glycerol-phosphate primase TarB,PANCAC_00588,contig_1,+,2836,2833,2835.35235507246,1.01481942031979,2836,2835,2836,0.690974360042884,0,0.00913322068547354,0.0581094241501551,0,0,0,13223,non-mge
1028,632891,633952,1062,Putative glycosyltransferase TagX,PANCAC_00589,contig_1,+,2836,2827,2835.00376647834,1.90341350545512,2836,2834,2836,0.829615288814612,0,0.00912522583243917,0.0670575901337237,0,0,0,14631,non-mge
1029,633953,634014,62,non-cds,non-cds,contig_1,.,2836,2836,2836,0,2836,2836,2836,0.620969397117501,0,0.0284897163995099,0.115157031299675,0,0,0,2042,non-mge
1030,634015,634413,399,glycerol-3-phosphate cytidylyltransferase,PANCAC_00590,contig_1,+,2836,2836,2836,0,2836,2836,2836,0.623456572560543,0,0.00332082203985822,0.0434428995483735,0,0,0,1604,non-mge
1031,634414,634529,116,non-cds,non-cds,contig_1,.,2836,2835,2835.71551724138,0.453125080778569,2836,2835,2836,0.530667280718606,0,0.00791559624951752,0.0586023251864214,0,0,0,959,non-mge
1032,634530,635825,1296,penicillin-binding protein PBP4,PANCAC_00591,contig_1,-,2836,2835,2835.91512345679,0.27880547770652,2836,2836,2836,0.690613295031506,0,0.0101608707005556,0.0673123234303434,0,0,0,19295,non-mge
1033,635826,636245,420,non-cds,non-cds,contig_1,.,2836,2834,2835.45714285714,0.704957845738784,2836,2835,2836,0.620690153255173,0,0.0100505977914225,0.0683841274881043,0,0,0,4711,non-mge
1034,636246,637973,1728,ABC transporter ATP-binding protein,PANCAC_00592,contig_1,+,2836,2832,2835.92824074074,0.325611848322967,2836,2836,2836,0.691310575073512,0,0.00893837240734407,0.0653771456758198,0,0,0,20829,non-mge
1035,637974,638331,358,non-cds,non-cds,contig_1,.,2836,2816,2829.62290502793,5.24847374874212,2830,2826,2835,0.660508783855789,0,0.00885151191451931,0.0572360307030828,0,0,0,3168,non-mge
1036,638332,639561,1230,NupC/NupG family nucleoside CNT transporter,PANCAC_00593,contig_1,+,2836,2834,2835.87804878049,0.367193429551225,2836,2836,2836,0.691512277206253,0,0.0084135668476487,0.0594528410220474,0,0,0,11607,non-mge
1037,639562,640085,524,non-cds,non-cds,contig_1,.,2836,2833,2834.53625954198,0.7082025138179,2835,2834,2835,0.688254198231216,0,0.00881934779972261,0.0610088827417853,0,0,0,5457,non-mge
1038,640086,640919,834,DUF2179 domain-containing protein,PANCAC_00595,contig_1,+,2836,2828,2835.27458033573,1.75036305721808,2836,2836,2836,0.55584316020778,0,0.00801161295697354,0.0500001001005589,0,0,0,5878,non-mge
1039,640920,641200,281,non-cds,non-cds,contig_1,.,2836,2833,2835.35943060498,0.829581454058089,2836,2835,2836,0.646468488705869,0,0.0131675214384412,0.0738955537026356,0,0,0,5638,non-mge
1040,641201,641998,798,ABC transporter ATP-binding protein,PANCAC_00596,contig_1,+,2836,2834,2835.92857142857,0.280992530673536,2836,2836,2836,0.783579829242931,0,0.00646000795805538,0.0577164675189437,0,0,0,7014,non-mge
1041,641999,642033,35,non-cds,non-cds,contig_1,.,2835,2835,2835,0,2835,2835,2835,0.0106738869741779,0,0.000542400583752817,0.00225371091006897,0,0,0,7,non-mge
1042,642034,643038,1005,Ferrichrome ABC transporter (Permease),PANCAC_00597,contig_1,+,2836,2829,2835.37910447761,1.46491545315431,2836,2835,2836,0.796893140871925,0,0.00869682053773633,0.060989822786511,0,0,0,9692,non-mge
1043,643035,644051,1017,Ferrichrome ABC transporter (Permease),PANCAC_00598,contig_1,+,2836,2833,2835.84955752212,0.409029845190845,2836,2836,2836,0.693147180559945,0,0.00875270620969355,0.0658377658913668,0,0,0,12275,non-mge
1044,644052,644284,233,non-cds,non-cds,contig_1,.,2836,2831,2834.72961373391,1.69934782778882,2835,2834,2836,0.693147180559945,0,0.01318995263103,0.073115319378047,0,0,0,3583,non-mge
1045,644285,645253,969,dihydroxyacetone kinase subunit DhaK,PANCAC_00599,contig_1,+,2836,2834,2835.46852425181,0.765534700564697,2836,2835,2836,0.671837877431538,0,0.0103991956636465,0.0648954658270962,0,0,0,11240,non-mge
1046,645254,645294,41,non-cds,non-cds,contig_1,.,2836,2836,2836,0,2836,2836,2836,0.669647776377257,0,0.0213793985042442,0.107583646405108,0,0,0,1245,non-mge
1047,645295,645879,585,dihydroxyacetone kinase subunit DhaL,PANCAC_00600,contig_1,+,2836,2835,2835.9264957265,0.26118577154796,2836,2836,2836,0.786481622417748,0,0.0135619977045279,0.0790096540692089,0,0,0,9109,non-mge
1048,645872,646234,363,phosphoenolpyruvate--glycerone phosphotransferase,PANCAC_00601,contig_1,+,2836,2835,2835.7741046832,0.418747751777715,2836,2836,2836,0.689756189880478,0,0.0113742773163074,0.0712726546656381,0,0,0,4841,non-mge
1049,646235,646349,115,non-cds,non-cds,contig_1,.,2836,2821,2829.62608695652,5.36306548495177,2831,2823.5,2834,0.033030750187602,0,0.00100611234986612,0.00405596671460604,0,0,0,45,non-mge
1050,646350,646847,498,Immunity protein 30 domain-containing protein,PANCAC_00602,contig_1,+,2836,2834,2835.9156626506,0.402351816894059,2836,2836,2836,0.531986077449738,0,0.00377233231701307,0.0383470877946289,0,0,0,1843,non-mge
1051,646848,647302,455,non-cds,non-cds,contig_1,.,2836,2830,2835.47692307692,1.14143785618507,2836,2836,2836,0.867252843858644,0,0.0173924837640869,0.0891080442491892,0,0,0,8320,non-mge
1052,647303,648370,1068,Branched-chain amino acid transport system II carrier protein,PANCAC_00603,contig_1,+,2836,2813,2833.02808988764,5.30275143019469,2836,2832,2836,0.9725941640225,0,0.0092796433316372,0.0686492755981382,0,0,0,12414,non-mge
1053,648371,648520,150,non-cds,non-cds,contig_1,.,2835,2834,2834.83333333333,0.373926502247132,2835,2835,2835,0.662883237501372,0,0.0108596112611187,0.0777348711102914,0,0,0,3222,non-mge
1054,648521,649564,1044,Alpha/beta hydrolase fold-3 domain-containing protein,PANCAC_00604,contig_1,+,2835,2832,2834.56417624521,0.76894430972482,2835,2834,2835,0.663060257667355,0,0.00991268549510455,0.0648241727417993,0,0,0,14015,non-mge
1055,649565,649892,328,non-cds,non-cds,contig_1,.,2835,2833,2834.57926829268,0.68612064717352,2835,2834,2835,0.678169297981258,0,0.0135906240222922,0.0811855495258336,0,0,0,5573,non-mge
1056,649893,650321,429,Cytosolic protein,PANCAC_00605,contig_1,+,2835,2829,2833.37762237762,1.6225809995371,2834,2833,2834,0.656423928976017,0,0.00819652677255014,0.0573501325298953,0,0,0,3669,non-mge
1057,650322,650529,208,non-cds,non-cds,contig_1,.,2835,2831,2834.15384615385,1.43300792240853,2835,2834,2835,0.666719496414748,0,0.0176726415852423,0.096119195497128,0,0,0,4909,non-mge
1058,650530,651036,507,N-acetyltransferase domain-containing protein,PANCAC_00606,contig_1,-,2835,2832,2834.3392504931,0.957236754375647,2835,2833,2835,0.666948428407974,0,0.00696161203931059,0.0545239928579018,0,0,0,5237,non-mge
1059,651037,651148,112,non-cds,non-cds,contig_1,.,2834,2825,2829.30357142857,3.32568298401506,2830,2826,2832,0.208127099125567,0,0.0031591854166775,0.0205149861341763,0,0,0,213,non-mge
1060,651149,652072,924,auxiliary protein GraX/ApsX,PANCAC_00607,contig_1,+,2835,2831,2834.64935064935,0.926549307407328,2835,2835,2835,0.685592734905407,0,0.00917888095085182,0.0655413045279458,0,0,0,10644,non-mge
1061,652073,652087,15,non-cds,non-cds,contig_1,.,2834,2834,2834,0,2834,2834,2834,0.0173009803376865,0,0.00209612242200243,0.00490252362607371,0,0,0,12,non-mge
1062,652088,652762,675,response regulator transcription factor GraR/ApsR,PANCAC_00608,contig_1,+,2835,2834,2834.92888888889,0.257200941738665,2835,2835,2835,0.803206182378191,0,0.00438287128157154,0.0465251331423493,0,0,0,3191,non-mge
1063,652755,653795,1041,histidine kinase GraS/ApsS,PANCAC_00609,contig_1,+,2835,2818,2830.63784822286,2.76246628590969,2831,2831,2831,0.686557440902288,0,0.00846282129490962,0.0632429242976014,0,0,0,11113,non-mge
1064,653796,653938,143,non-cds,non-cds,contig_1,.,2831,2828,2829.2027972028,1.27577339459573,2829,2828,2830,0.193862771121622,0,0.00196173802018373,0.0164004341500722,0,0,0,170,non-mge
1065,653939,654700,762,ABC transporter ATP-binding protein VraF,PANCAC_00610,contig_1,+,2828,2826,2826.93832020997,0.316229947334246,2827,2827,2827,0.647239849160902,0,0.00311345869337504,0.0336001660273801,0,0,0,2337,non-mge
1066,654690,656579,1890,ABC transporter permease VraG,PANCAC_00611,contig_1,+,2827,1719,2081.43333333333,512.78140338242,1724,1722,2824,0.680778455359983,0,0.00672250584215332,0.0561109904390395,0,0,0,11256,40
1067,656580,657303,724,non-cds,non-cds,contig_1,.,2834,1714,2479.18784530387,505.569194929577,2803,1720,2826,0.662550937361207,0,0.00639977210145211,0.051190835597529,0,0,0,4333,40
1068,657304,657921,618,DUF47 domain-containing protein,PANCAC_00612,contig_1,+,2834,2817,2833.55663430421,2.17564156202404,2834,2834,2834,0.693118711225056,0,0.00368539211075947,0.0440771696224081,0,0,0,4019,non-mge
1069,657922,657936,15,non-cds,non-cds,contig_1,.,2816,2814,2815.8,0.560611910581388,2816,2816,2816,0.0891973691875006,0,0.00650376130835007,0.022977567829224,0,0,0,53,non-mge
1070,657937,658944,1008,Inorganic phosphate transporter,PANCAC_00613,contig_1,+,2834,2813,2833.10416666667,3.32426045116351,2834,2834,2834,0.689565852076764,0,0.00762715308200806,0.0591848184817419,0,0,0,9607,non-mge
1071,658945,659531,587,non-cds,non-cds,contig_1,.,2834,2818,2831.57580919932,2.77155729644762,2832,2830,2834,0.996518630972344,0,0.00972733991460731,0.0740592889570129,0,0,0,6955,non-mge
1072,659532,660329,798,putative autolysin SsaALP,PANCAC_00614,contig_1,-,2834,2833,2833.81704260652,0.386874067338643,2834,2834,2834,0.599222736301275,0,0.00810644626185894,0.0563157082168821,0,0,0,6558,non-mge
1073,660330,660689,360,non-cds,non-cds,contig_1,.,2834,2816,2827.58888888889,4.37807768565191,2827,2825,2832,0.68964092034714,0,0.0116101789147799,0.0732771415604559,0,0,0,5316,non-mge
1074,660690,661334,645,Transporter,PANCAC_00615,contig_1,+,2834,2829,2833.45736434109,1.22225577993463,2834,2833,2834,0.685470211648179,0,0.00974794108837138,0.064499194399954,0,0,0,7730,non-mge
1075,661335,662030,696,non-cds,non-cds,contig_1,.,2834,2741,2824.61494252874,18.3696185130024,2830,2825,2832,0.659320264536787,0,0.00753753261522216,0.0501387043564444,0,0,0,4841,non-mge
1076,662031,664181,2151,HTH araC/xylS-type domain-containing protein,PANCAC_00616,contig_1,+,2835,2829,2834.04649000465,1.21298229430416,2834,2834,2835,0.91678068192858,0,0.00702749838660425,0.0574316906722351,0,0,0,19598,non-mge
1077,664182,664260,79,non-cds,non-cds,contig_1,.,2835,2834,2834.67088607595,0.472893954267891,2835,2834,2835,0.529440317757678,0,0.00951885621351614,0.0606236438977765,0,0,0,734,non-mge
1078,664261,664686,426,HTH-type transcriptional regulator SarX,PANCAC_00617,contig_1,+,2835,2694,2814.25821596244,41.1190980744566,2835,2827,2835,0.685323479392006,0,0.00629953049100227,0.0588263982645275,0,0,0,3742,non-mge
1079,664687,664875,189,non-cds,non-cds,contig_1,.,2831,2827,2829.67724867725,1.15157655419478,2829,2829,2831,0.689199788873304,0,0.012797200881002,0.0844425176197343,0,0,0,3420,non-mge
1080,664876,665592,717,YebC/PmpR family DNA-binding transcriptional regulator,PANCAC_00618,contig_1,+,2835,2830,2834.58437935844,1.1074563492,2835,2835,2835,0.670327579516075,0,0.00812239367575991,0.0640626028316929,0,0,0,7559,non-mge
1081,665592,666065,474,DUF985 domain-containing protein,PANCAC_00619,contig_1,+,2835,2834,2834.94092827004,0.236007988725923,2835,2835,2835,0.687886299679454,0,0.0123743403019895,0.0773660299072657,0,0,0,8164,non-mge
1082,666066,666417,352,non-cds,non-cds,contig_1,.,2835,2820,2828.34090909091,5.27562013721305,2829,2823,2833,0.679458020064077,0,0.00900526479731384,0.0614207970976841,0,0,0,3497,non-mge
1083,666418,667062,645,DUF402 domain-containing protein,PANCAC_00620,contig_1,+,2834,2680,2823.03720930233,33.1922946929332,2833,2831,2834,0.691302369634941,0,0.0111386885356282,0.0759263606675732,0,0,0,9741,non-mge
1084,667063,667177,115,non-cds,non-cds,contig_1,.,2834,2833,2833.84347826087,0.364939416933875,2834,2834,2834,0.609221785365276,0,0.00841451115229939,0.0609998681488857,0,0,0,1081,non-mge
1085,667178,668044,867,HTH lysR-type domain-containing protein,PANCAC_00621,contig_1,+,2834,2832,2833.68050749712,0.61963687561564,2834,2834,2834,0.619742469328374,0,0.00557705629378706,0.0439660041916389,0,0,0,7439,non-mge
1086,668045,668244,200,non-cds,non-cds,contig_1,.,2834,2434,2640.085,127.630070711211,2596,2554,2816,0.534015016795365,0,0.00390183519689495,0.0385171460829256,0,0,0,690,non-mge
1087,668245,669465,1221,Major facilitator superfamily protein superfamily,PANCAC_00622,contig_1,+,2831,2825,2829.64291564292,1.37373226813575,2830,2829,2831,0.686688140088695,0,0.00975480338499919,0.0662952058693613,0,0,0,15536,non-mge
1088,669462,669950,489,DUF456 domain-containing protein,PANCAC_00623,contig_1,+,2831,2574,2816.22494887526,52.7311705112947,2830,2826,2830,0.707432758610868,0,0.0071131711530099,0.0589035732103105,0,0,0,4988,non-mge
1089,669951,670048,98,non-cds,non-cds,contig_1,.,2817,2816,2816.21428571429,0.412435561977268,2816,2816,2816,0.685076714714945,0,0.0150664769809578,0.0930360242218149,0,0,0,2179,non-mge
1090,670049,670738,690,DUF1129 domain-containing protein,PANCAC_00624,contig_1,-,2829,2822,2827.12463768116,1.8052017884385,2828,2826,2828,0.689193953661839,0,0.00808077287653009,0.0610737478812006,0,0,0,8912,non-mge
1091,670739,670864,126,non-cds,non-cds,contig_1,.,2827,2823,2825.28571428571,1.4190540108517,2825,2824,2827,0.619314226263871,0,0.0217913486467097,0.101230356812819,0,0,0,3192,non-mge
1092,670865,671308,444,N-acetyltransferase domain-containing protein,PANCAC_00625,contig_1,+,2827,2743,2809.15315315315,13.0231245609835,2800,2799,2824,0.693147180559945,0,0.00755461330422611,0.0539071680838206,0,0,0,3764,non-mge
1093,671309,671374,66,non-cds,non-cds,contig_1,.,2799,2796,2797.60606060606,1.0652379709398,2797,2797,2799,0.23585220669114,0,0.00411166461037795,0.0290583930815309,0,0,0,190,non-mge
1094,671375,671770,396,SA0632 family lipoprotein,PANCAC_00626,contig_1,+,2832,1297,2402.28282828283,506.260628138432,2746,1902.25,2792,0.561945650172992,0,0.00828764643214772,0.0506728095361085,0,0,0,4002,41
1095,671771,671907,137,non-cds,non-cds,contig_1,.,2834,2832,2832.38686131387,0.769340580727511,2832,2832,2832,0.689746116881391,0,0.0177777086996238,0.0863957823575252,0,0,0,3100,non-mge
1096,671908,672207,300,Phage protein,PANCAC_00627,contig_1,+,2834,2834,2834,0,2834,2834,2834,0.652606063387589,0,0.00946762793343603,0.0596280169600982,0,0,0,2877,non-mge
1097,672208,672286,79,non-cds,non-cds,contig_1,.,2834,2834,2834,0,2834,2834,2834,0.0151562584421409,0,0.000271821302023632,0.00176806173864032,0,0,0,8,non-mge
1098,672287,672829,543,Acetyltransferase%2C GNAT family,PANCAC_00628,contig_1,+,2835,2834,2834.55432780847,0.497498038435733,2835,2834,2835,0.724871935054246,0,0.00776253512715652,0.0538788364306102,0,0,0,3816,non-mge
1099,672830,672924,95,non-cds,non-cds,contig_1,.,2835,2834,2834.28421052632,0.453430374085523,2834,2834,2835,0.684242661911355,0,0.0164085001274414,0.0919068321813046,0,0,0,2079,non-mge
1100,672925,673491,567,Cytokinin riboside 5'-monophosphate phosphoribohydrolase,PANCAC_00629,contig_1,-,2835,2835,2835,0,2835,2835,2835,0.693104168790613,0,0.00889174814595582,0.0613705548938995,0,0,0,6079,non-mge
1101,673492,673492,1,non-cds,non-cds,contig_1,.,2835,2835,2835,NA,2835,2835,2835,0.00582635575576123,0.00582635575576123,0.00582635575576123,NA,0.00582635575576123,0.00582635575576123,0.00582635575576123,2,non-mge
1102,673493,673951,459,YaiI/YqxD family protein,PANCAC_00630,contig_1,-,2835,2834,2834.85838779956,0.349032371003077,2835,2835,2835,0.688468882835905,0,0.00546788576806592,0.0492052630192012,0,0,0,3290,non-mge
1103,673952,673953,2,non-cds,non-cds,contig_1,.,2835,2835,2835,0,2835,2835,2835,0,0,0,0,0,0,0,0,non-mge
1104,673954,674637,684,hypothetical protein,PANCAC_00631,contig_1,-,2835,2809,2830.31286549708,7.28272859903365,2834,2828,2835,0.531947590369152,0,0.00461075950080752,0.0358015616144174,0,0,0,2579,non-mge
1105,674638,674808,171,non-cds,non-cds,contig_1,.,2835,2827,2832.60233918129,3.14077459940686,2835,2830.5,2835,0.648082378313286,0,0.00839898744804177,0.0639155617371884,0,0,0,2393,non-mge
1106,674809,675684,876,undecaprenyl-diphosphate phosphatase,PANCAC_00632,contig_1,-,2835,2832,2834.77853881279,0.511620986591068,2835,2835,2835,0.685681474080454,0,0.00902127635725093,0.0678665057473773,0,0,0,12864,non-mge
1107,675685,675902,218,non-cds,non-cds,contig_1,.,2835,2819,2829.66513761468,4.83104164182324,2831,2828,2833,0.530765563814524,0,0.00528242172207353,0.0390008480767548,0,0,0,956,non-mge
1108,675903,677534,1632,ABC transporter ATP-binding protein/permease,PANCAC_00633,contig_1,+,2835,2832,2834.76164215686,0.58819304662488,2835,2835,2835,0.692943864143816,0,0.00835270451888591,0.0571536986700059,0,0,0,16096,non-mge
1109,677531,679204,1674,Amino acid ABC transporter ATP-binding/permease protein,PANCAC_00634,contig_1,+,2835,2833,2834.92951015532,0.288949907785796,2835,2835,2835,0.702798610652363,0,0.0110905490860267,0.0700483191730714,0,0,0,25766,non-mge
1110,679205,679330,126,non-cds,non-cds,contig_1,.,2835,2834,2834.92857142857,0.2585674822114,2835,2835,2835,0.0106738869741779,0,0.000130954307380469,0.00107969442592581,0,0,0,6,non-mge
1111,679331,679774,444,HTH-type transcriptional regulator MgrA,PANCAC_00635,contig_1,-,2835,2834,2834.80405405405,0.397374858427076,2835,2835,2835,0.68670687996578,0,0.00298192740300843,0.0397431079590513,0,0,0,3624,non-mge
1112,679775,680000,226,non-cds,non-cds,contig_1,.,2835,2783,2823.30088495575,16.9080572276466,2833,2817,2835,0.17357931937564,0,0.00143630050938997,0.0119464544188822,0,0,0,176,non-mge
1113,680001,680927,927,CobW C-terminal domain-containing protein,PANCAC_00636,contig_1,+,2835,2818,2834.43473570658,1.69352773469256,2835,2835,2835,0.690476332652217,0,0.00866111087473514,0.0649331200235676,0,0,0,12287,non-mge
1114,680928,681029,102,non-cds,non-cds,contig_1,.,2835,2835,2835,0,2835,2835,2835,0.600414307733036,0,0.0142534627998135,0.0841801751098714,0,0,0,1757,non-mge
1115,681030,681938,909,NADP-dependent oxidoreductase domain-containing protein,PANCAC_00637,contig_1,+,2835,2832,2834.86798679868,0.567239252758116,2835,2835,2835,0.68603136942343,0,0.00768818684289038,0.0602463415606883,0,0,0,11619,non-mge
1116,681939,681972,34,non-cds,non-cds,contig_1,.,2835,2835,2835,0,2835,2835,2835,0.530765563814524,0,0.0163350202547415,0.0909377499133844,0,0,0,641,non-mge
1117,681973,682260,288,hypothetical protein,PANCAC_00638,contig_1,+,2835,2827,2832.80902777778,2.40099901375117,2833.5,2831,2835,0.68603136942343,0,0.00943654443513025,0.0680144025161236,0,0,0,4015,non-mge
1118,682261,682542,282,non-cds,non-cds,contig_1,.,2835,2827,2834.2695035461,1.0289713110977,2835,2834,2835,0.530765563814524,0,0.0156793223990911,0.0752994485883221,0,0,0,6082,non-mge
1119,682543,684096,1554,Sodium-dependent dicarboxylate transporter SdcS,PANCAC_00639,contig_1,+,2835,2833,2834.82496782497,0.444173301419953,2835,2835,2835,0.720431782553533,0,0.00897256660474056,0.0628933891783549,0,0,0,18264,non-mge
1120,684097,684181,85,non-cds,non-cds,contig_1,.,2787,2786,2786.96470588235,0.185617298527387,2787,2787,2787,0.655455678273085,0,0.0125283736854024,0.0783909215577139,0,0,0,1319,non-mge
1121,684182,685555,1374,Deoxyribodipyrimidine photo-lyase,PANCAC_00640,contig_1,+,2790,2787,2789.34788937409,0.696316852381904,2789,2789,2790,0.68841295584602,0,0.0102928811733289,0.0671253738388997,0,0,0,19859,non-mge
1122,685556,685709,154,non-cds,non-cds,contig_1,.,2789,2661,2664.1038961039,14.3841637827055,2662.5,2662,2663,0.67424911566087,0,0.0182848329041232,0.100452259542822,0,0,0,3783,non-mge
1123,685710,685994,285,Membrane spanning protein,PANCAC_00641,contig_1,-,2668,2662,2666.7298245614,1.28670954297625,2667,2666,2668,0.67297759221489,0,0.00806527428684059,0.0616019444127228,0,0,0,2593,non-mge
1124,685991,686608,618,DUF1361 domain-containing protein,PANCAC_00642,contig_1,-,2669,2665,2667.22006472492,0.991104026787353,2667,2667,2668,0.708473536183943,0,0.00841005645938109,0.0653354228112586,0,0,0,6703,non-mge
1125,686609,686793,185,non-cds,non-cds,contig_1,.,2836,2666,2729.36756756757,81.5144360849461,2668,2667,2836,0.67409788321689,0,0.00427459783251944,0.0497609304403277,0,0,0,1123,non-mge
1126,686794,687216,423,PPC domain-containing protein,PANCAC_00643,contig_1,-,2836,2832,2835.55555555556,1.03544349593818,2836,2836,2836,0.685192892204506,0,0.0110622627060011,0.0701016949344435,0,0,0,5457,non-mge
1127,687217,687424,208,non-cds,non-cds,contig_1,.,2836,2834,2835.54807692308,0.57951850232529,2836,2835,2836,0.621248061825617,0,0.00623142005780312,0.0489301503662995,0,0,0,1325,non-mge
1128,687425,688591,1167,Quinolone resistance protein NorA,PANCAC_00644,contig_1,+,2836,2812,2835.36675235647,1.43200072091187,2836,2835,2836,0.679744353729229,0,0.0046369453867498,0.0454017833186544,0,0,0,6076,non-mge
1129,688592,688883,292,non-cds,non-cds,contig_1,.,2836,2807,2821.72260273973,11.3698417664245,2820,2811,2832,0.59940751871835,0,0.00323106198926338,0.0358657094082648,0,0,0,977,non-mge
1130,688884,689336,453,Lipoprotein,PANCAC_00645,contig_1,+,2836,2836,2836,0,2836,2836,2836,0.68905551272373,0,0.0114039391940074,0.0737812030368569,0,0,0,7180,non-mge
1131,689337,689509,173,non-cds,non-cds,contig_1,.,2836,2835,2835.82658959538,0.37970067664491,2836,2836,2836,0.685769707047699,0,0.0130125334199261,0.0839161317268643,0,0,0,3543,non-mge
1132,689510,689992,483,Cys-tRNA(Pro) deacylase,PANCAC_00646,contig_1,+,2836,2835,2835.8364389234,0.370260295757736,2836,2836,2836,0.866852329565721,0,0.0138378585044559,0.0841889299007039,0,0,0,8737,non-mge
1133,689993,690241,249,non-cds,non-cds,contig_1,.,2836,2834,2835.12851405622,0.950143346996625,2836,2834,2836,0.687505784013782,0,0.0158269609075664,0.0868415082204719,0,0,0,4882,non-mge
1134,690242,691006,765,HTH deoR-type domain-containing protein,PANCAC_00647,contig_1,+,2836,2835,2835.72287581699,0.447871161708736,2836,2835,2836,0.724643661270065,0,0.00839590708012683,0.0612150352817544,0,0,0,6939,non-mge
1135,691003,691923,921,1-phosphofructokinase,PANCAC_00648,contig_1,+,2836,2834,2835.8990228013,0.308589217106363,2836,2836,2836,0.680688491088705,0,0.00873068755225077,0.0562379666116067,0,0,0,7898,non-mge
1136,691924,691928,5,non-cds,non-cds,contig_1,.,2836,2836,2836,0,2836,2836,2836,0,0,0,0,0,0,0,0,non-mge
1137,691929,693887,1959,PTS fructose transporter subunit IIC,PANCAC_00649,contig_1,+,2836,2834,2835.03981623277,0.838578961755527,2835,2834,2836,0.926379865309052,0,0.00896641150305354,0.0651271882023718,0,0,0,24049,non-mge
1138,693888,694194,307,non-cds,non-cds,contig_1,.,2835,2830,2833.5342019544,1.03909035048294,2834,2833,2834,0.652959378532294,0,0.0112701460647507,0.0779937464255869,0,0,0,6350,non-mge
1139,694195,695376,1182,N-acetylglucosamine-6-phosphate deacetylase,PANCAC_00650,contig_1,+,2836,2834,2835.97123519459,0.219733493831778,2836,2836,2836,0.913505597058334,0,0.0131649419463558,0.0808241531129353,0,0,0,26142,non-mge
1140,695377,695596,220,non-cds,non-cds,contig_1,.,2836,2835,2835.80454545455,0.397454540897071,2836,2836,2836,0.66286713291085,0,0.00946718226960368,0.0635101023724312,0,0,0,2049,non-mge
1141,695597,696946,1350,HlyC/CorC family transporter,PANCAC_00651,contig_1,+,2836,2833,2835.67333333333,0.723911211786388,2836,2836,2836,0.691985083578899,0,0.00882843792017925,0.0649005929260199,0,0,0,17659,non-mge
1142,696947,697167,221,non-cds,non-cds,contig_1,.,2836,2827,2832.02714932127,2.62318084503978,2832,2830,2835,0.841504340686387,0,0.0156429428061413,0.08879269257066,0,0,0,3935,non-mge
1143,697168,698007,840,Aldo/keto reductase,PANCAC_00652,contig_1,+,2836,2834,2835.82261904762,0.417966925163555,2836,2836,2836,0.692769095635605,0,0.0100685129534985,0.0594119590621398,0,0,0,8334,non-mge
1144,698008,698138,131,non-cds,non-cds,contig_1,.,2836,2836,2836,0,2836,2836,2836,0.53154719514312,0,0.00453268380513719,0.0464518378229639,0,0,0,657,non-mge
1145,698139,699122,984,lipoteichoic acid-specific glycosylation protein CsbB,PANCAC_00653,contig_1,+,2836,2814,2833.51422764228,4.29433382067413,2836,2832,2836,0.690559690084459,0,0.00771635974756927,0.0602874867108078,0,0,0,10987,non-mge
1146,699123,699193,71,non-cds,non-cds,contig_1,.,2836,2829,2835.18309859155,1.77530568116294,2836,2835,2836,0.292523196797806,0,0.00714912594415334,0.0372006868315403,0,0,0,355,non-mge
1147,699194,700249,1056,two-component system sensor histidine kinase SaeS,PANCAC_00654,contig_1,-,2836,2827,2834.51325757576,1.87318680579947,2835,2834,2836,0.648005983044387,0,0.00428045648845884,0.0438233242970353,0,0,0,8896,non-mge
1148,700249,700935,687,response regulator transcription factor SaeR,PANCAC_00655,contig_1,-,2836,2833,2835.74672489083,0.654575876979565,2836,2836,2836,0.336278286457383,0,0.00195175909873319,0.02283521449457,0,0,0,1058,non-mge
1149,700910,701383,474,DoxX family protein,PANCAC_00656,contig_1,-,2836,2833,2835.6835443038,0.903986526272418,2836,2836,2836,0.43047279586631,0,0.00327327836461278,0.0300591168409298,0,0,0,1251,non-mge
1150,701384,701724,341,non-cds,non-cds,contig_1,.,2836,2827,2833.40469208211,2.52292575994654,2834,2832,2835,0.611536050237896,0,0.00959222780633876,0.0634052528798306,0,0,0,4822,non-mge
1151,701725,702165,441,DM13 domain-containing protein,PANCAC_00657,contig_1,-,2836,2836,2836,0,2836,2836,2836,0.65489511509674,0,0.00588537842639996,0.0495214915451274,0,0,0,2820,non-mge
1152,702166,702444,279,non-cds,non-cds,contig_1,.,2836,2831,2834.11827956989,1.65461723082782,2834,2833,2836,0.690446918369204,0,0.00771037570490655,0.0593224210024535,0,0,0,2734,non-mge
1153,702445,703029,585,hypothetical protein,PANCAC_00658,contig_1,-,2835,2818,2830.5452991453,4.23477320086402,2832,2826,2834,0.66115097789405,0,0.00741911975066534,0.0559120634161448,0,0,0,4680,non-mge
1154,703030,703127,98,non-cds,non-cds,contig_1,.,2836,2819,2830.63265306122,5.00800957457263,2833,2828,2835,0.506380128012458,0,0.00812014275074813,0.054712434763909,0,0,0,2438,non-mge
1155,703128,703841,714,7-carboxy-7-deazaguanine synthase QueE,PANCAC_00659,contig_1,-,2836,2836,2836,0,2836,2836,2836,0.662993436500249,0,0.007643682118284,0.0575371594929145,0,0,0,7560,non-mge
1156,703842,703844,3,non-cds,non-cds,contig_1,.,2836,2836,2836,0,2836,2836,2836,0,0,0,0,0,0,0,0,non-mge
1157,703845,704264,420,6-carboxytetrahydropterin synthase QueD,PANCAC_00660,contig_1,-,2836,2836,2836,0,2836,2836,2836,0.676308599920541,0,0.00736167348716325,0.0589072014432123,0,0,0,3547,non-mge
1158,704265,704265,1,non-cds,non-cds,contig_1,.,2836,2836,2836,NA,2836,2836,2836,0,0,0,NA,0,0,0,0,non-mge
1159,704266,704934,669,7-cyano-7-deazaguanine synthase QueC,PANCAC_00661,contig_1,-,2836,2833,2835.82959641256,0.673019372971014,2836,2836,2836,0.862923180778961,0,0.00616585332455825,0.0538454251426225,0,0,0,4516,non-mge
1160,704935,705284,350,non-cds,non-cds,contig_1,.,2836,2830,2833.69428571429,1.67596234291435,2834,2833,2835,0.66930084159795,0,0.00534503280256997,0.0454658659039068,0,0,0,2003,non-mge
1161,705285,705878,594,Aminodeoxychorismate/anthranilate synthase component II,PANCAC_00662,contig_1,+,2836,2827,2835.08585858586,2.37277319486471,2836,2836,2836,0.671778911039821,0,0.00850539394911892,0.0572422377870875,0,0,0,4925,non-mge
1162,705862,707013,1152,Aminodeoxychorismate synthase component I,PANCAC_00663,contig_1,+,2836,2828,2835.34548611111,1.54303922510022,2836,2835,2836,0.942304879734858,0,0.0111620652886929,0.0765618212822234,0,0,0,20210,non-mge
1163,707013,707621,609,Aminodeoxychorismate lyase,PANCAC_00664,contig_1,+,2836,2834,2835.85057471264,0.489028136047753,2836,2836,2836,0.693147180559945,0,0.0110309453271165,0.0691967160619954,0,0,0,8524,non-mge
1164,707622,707980,359,non-cds,non-cds,contig_1,.,2836,2832,2834.89136490251,1.15401077519559,2835,2834,2836,0.681798685290587,0,0.0104225617601602,0.0687389219260195,0,0,0,4305,non-mge
1165,707981,708691,711,Carboxyltransferase domain-containing protein,PANCAC_00666,contig_1,+,2836,2835,2835.82841068917,0.377288517534056,2836,2836,2836,0.673152678952085,0,0.00777850205337855,0.0560430291085558,0,0,0,5955,non-mge
1166,708675,709679,1005,Carboxyltransferase domain-containing protein,PANCAC_00667,contig_1,+,2836,2834,2835.81492537313,0.425267808055948,2836,2836,2836,0.687156884732273,0,0.00948692783116896,0.0675117114691239,0,0,0,13821,non-mge
1167,709680,710152,473,non-cds,non-cds,contig_1,.,2836,2766,2822.94291754757,17.4118517725097,2832,2819,2834,0.545979172787861,0,0.00830114319718536,0.0546488129782481,0,0,0,3673,non-mge
1168,710153,712093,1941,polyglycerol-phosphate lipoteichoic acid synthase LtaS,PANCAC_00668,contig_1,+,2836,2834,2835.76043276661,0.485671623649744,2836,2836,2836,0.696982283720953,0,0.00635292517348527,0.05607240144516,0,0,0,18610,non-mge
1169,712094,712369,276,non-cds,non-cds,contig_1,.,2836,2801,2834.00362318841,4.27125545810664,2835,2833,2836,0.687156884732273,0,0.0133201450832088,0.0823884502571657,0,0,0,6421,non-mge
1170,712370,714247,1878,ribosomal protection-like ABC-F family protein,PANCAC_00669,contig_1,+,2836,2824,2832.00159744409,4.0043260575411,2833,2828,2836,0.80252324385229,0,0.0106769995366421,0.0654707785508483,0,0,0,21801,non-mge
1171,714248,714258,11,non-cds,non-cds,contig_1,.,2836,2836,2836,0,2836,2836,2836,0.00315683274376661,0,0.000286984794887874,0.000951820885180182,0,0,0,1,non-mge
1172,714259,716040,1782,DNA helicase RecQ,PANCAC_00670,contig_1,+,2836,2834,2835.7822671156,0.432741700647732,2836,2836,2836,0.693134124735511,0,0.00817743063955098,0.0578105138419133,0,0,0,16641,non-mge
1173,716041,716261,221,non-cds,non-cds,contig_1,.,2836,2834,2835.59728506787,0.777987996637726,2836,2836,2836,0.658545520816836,0,0.00776957909052756,0.0629553350626171,0,0,0,2898,non-mge
1174,716262,717239,978,ABC transporter ATP-binding protein,PANCAC_00671,contig_1,+,2836,2836,2836,0,2836,2836,2836,0.686079657738187,0,0.00965069153639659,0.0631762125659927,0,0,0,10567,non-mge
1175,717232,718746,1515,putative ergothioneine transporter EgtUBC,PANCAC_00672,contig_1,+,2836,2834,2835.80132013201,0.47193169448998,2836,2836,2836,0.693054081599425,0,0.00985364307251481,0.0673910704652508,0,0,0,20044,non-mge
1176,718747,718985,239,non-cds,non-cds,contig_1,.,2836,2827,2832.27615062762,2.13393357793328,2832,2831,2834,0.49523437751388,0,0.00480603092567707,0.0402643278994293,0,0,0,2754,non-mge
1177,718986,720044,1059,histidinol-phosphate transaminase,PANCAC_00673,contig_1,+,2836,2835,2835.95089707271,0.216185017949329,2836,2836,2836,0.68590635112569,0,0.00829461630422785,0.0562093514786167,0,0,0,9716,non-mge
1178,720045,720394,350,non-cds,non-cds,contig_1,.,2832,2554,2784.50285714286,46.7988286638264,2788,2745,2832,0.616208366038359,0,0.00362252063308169,0.0459493041643549,0,0,0,2802,non-mge
1179,720395,720937,543,Putative 5'(3')-deoxyribonucleotidase,PANCAC_00675,contig_1,+,2833,2831,2832.61510128913,0.494538753064376,2833,2832,2833,0.619917582611985,0,0.0106010532519308,0.0685297709050459,0,0,0,6295,non-mge
1180,720938,721560,623,non-cds,non-cds,contig_1,.,2836,1913,2526.34510433387,418.811553142854,2834,1977,2836,0.657447611321433,0,0.0066454843560572,0.0473611132162051,0,0,0,4650,non-mge
1181,721561,722478,918,Putative lipid kinase SA0681,PANCAC_00676,contig_1,-,2836,2835,2835.85838779956,0.348842007001459,2836,2836,2836,0.689756189880478,0,0.00897200071364466,0.0607632604662346,0,0,0,9185,non-mge
1182,722479,722747,269,non-cds,non-cds,contig_1,.,2836,2824,2831.35687732342,3.67511791716178,2832,2828,2835,0.530227901903821,0,0.00766509851229882,0.0482428276442008,0,0,0,1764,non-mge
1183,722748,724253,1506,Major facilitator superfamily (MFS) profile domain-containing protein,PANCAC_00677,contig_1,-,2836,2826,2835.2416998672,1.64569734955698,2836,2835,2836,0.692612267936502,0,0.00849812593090682,0.0633496522824636,0,0,0,16403,non-mge
1184,724254,724593,340,non-cds,non-cds,contig_1,.,2836,2783,2820.3,23.1600434071154,2835,2786,2836,0.874673380351803,0,0.0108764065657504,0.0644808490492618,0,0,0,3444,non-mge
1185,724594,725094,501,preQ(1) synthase,PANCAC_00678,contig_1,-,2836,2835,2835.79640718563,0.403072035582058,2836,2836,2836,0.633277177916145,0,0.00863195166432692,0.0559342134038925,0,0,0,4246,non-mge
1186,725095,725113,19,non-cds,non-cds,contig_1,.,2836,2836,2836,0,2836,2836,2836,0.622080584590305,0,0.0331783242267271,0.142621886813259,0,0,0,892,non-mge
1187,725114,725980,867,EamA domain-containing protein,PANCAC_00679,contig_1,-,2836,2827,2834.58708189158,2.20438763529347,2835,2835,2836,0.658784525482496,0,0.00950581343709454,0.0655992804697016,0,0,0,9550,non-mge
1188,725981,726780,800,non-cds,non-cds,contig_1,.,2836,2818,2830.5575,4.58508151133456,2832,2829,2834,0.824444351697608,0,0.00815836300965565,0.0625337408756571,0,0,0,7691,non-mge
1189,726781,727179,399,class Ib ribonucleoside-diphosphate reductase assembly flavoprotein NrdI,PANCAC_00680,contig_1,+,2836,2836,2836,0,2836,2836,2836,0.671927231880321,0,0.00252793270427235,0.0341621438381158,0,0,0,1281,non-mge
1190,727142,729247,2106,class 1b ribonucleoside-diphosphate reductase subunit alpha,PANCAC_00681,contig_1,+,2836,2820,2835.18898385565,2.59917622848521,2836,2836,2836,0.706270670932371,0,0.0100619234862892,0.0689096729437936,0,0,0,25481,non-mge
1191,729248,729364,117,non-cds,non-cds,contig_1,.,2836,2836,2836,0,2836,2836,2836,0.270256504134113,0,0.00468061569356605,0.0335812226917896,0,0,0,418,non-mge
1192,729365,730336,972,class 1b ribonucleoside-diphosphate reductase subunit beta,PANCAC_00682,contig_1,+,2836,2835,2835.95576131687,0.205730810654702,2836,2836,2836,0.67042061718583,0,0.00604116008264826,0.0521324840319853,0,0,0,6807,non-mge
1193,730337,731001,665,non-cds,non-cds,contig_1,.,2836,692,1666.72631578947,836.946641673317,1164,1118,2817,0.677979462868599,0,0.00760100432664702,0.0617485262997166,0,0,0,3974,42
1194,731002,732015,1014,FatD,PANCAC_00683,contig_1,+,2836,2827,2835.59467455621,1.24588611987433,2836,2836,2836,0.633277177916145,0,0.00467312547452111,0.0434700407347382,0,0,0,5006,non-mge
1195,732002,732958,957,Iron (Fe+3) ABC superfamily ATP binding cassette transporter%2C membrane protein,PANCAC_00684,contig_1,+,2836,2833,2835.51306165099,0.86969355046372,2836,2835,2836,0.843562907758597,0,0.00816603482213794,0.0624077976959581,0,0,0,9622,non-mge
1196,732955,733716,762,ABC transporter domain-containing protein,PANCAC_00685,contig_1,+,2836,2833,2835.73097112861,0.633959131573707,2836,2836,2836,0.681610546777106,0,0.00607945371671254,0.0511171533584858,0,0,0,5346,non-mge
1197,733717,733834,118,non-cds,non-cds,contig_1,.,2836,2835,2835.97457627119,0.158079521629548,2836,2836,2836,0.528454916269708,0,0.00891928091940043,0.0541288405946237,0,0,0,952,non-mge
1198,733835,734863,1029,Fe/B12 periplasmic-binding domain-containing protein,PANCAC_00686,contig_1,+,2836,2828,2834.65500485909,1.83208719955839,2836,2833,2836,0.689633331250545,0,0.00614829946585046,0.05097297127363,0,0,0,8013,non-mge
1199,734864,735179,316,non-cds,non-cds,contig_1,.,2836,2834,2835.8164556962,0.578323879104134,2836,2836,2836,0.683866348763978,0,0.00960930995858591,0.0623369791297927,0,0,0,3767,non-mge
1200,735180,735494,315,CHY-type domain-containing protein,PANCAC_00687,contig_1,-,2836,2836,2836,0,2836,2836,2836,0.620690153255173,0,0.0110905844669985,0.0658599815172368,0,0,0,3611,non-mge
1201,735495,735511,17,non-cds,non-cds,contig_1,.,2836,2836,2836,0,2836,2836,2836,0.00830757571750994,0,0.000977361849118817,0.00275899226931684,0,0,0,6,non-mge
1202,735512,736435,924,UDP-N-acetylmuramate dehydrogenase,PANCAC_00688,contig_1,-,2836,2834,2835.84848484848,0.47103293376252,2836,2836,2836,0.671927231880321,0,0.0104667696600577,0.0679438413628735,0,0,0,11829,non-mge
1203,736436,736561,126,non-cds,non-cds,contig_1,.,2835,2819,2823.96825396825,3.43845664899009,2823,2823,2824,0.552587690644477,0,0.010918425066376,0.0632552145025181,0,0,0,1318,non-mge
1204,736562,737080,519,GrpB family protein,PANCAC_00689,contig_1,-,2836,2823,2834.03275529865,3.22168184330252,2835,2834,2836,0.613582385697482,0,0.00611018445875309,0.0467041461132651,0,0,0,3078,non-mge
1205,737081,737199,119,non-cds,non-cds,contig_1,.,2835,2829,2832.63025210084,2.20502333366526,2834,2830,2835,0.414643590868799,0,0.00384244478634676,0.0380378058302666,0,0,0,428,non-mge
1206,737200,738078,879,EMYY motif lipoprotein,PANCAC_00690,contig_1,+,2836,2828,2834.22980659841,1.37980020140984,2834,2834,2835,0.660717622095282,0,0.00692950587853825,0.0475447786177726,0,0,0,7061,non-mge
1207,738079,738231,153,non-cds,non-cds,contig_1,.,2836,2825,2831.52941176471,3.86287802362267,2833,2827,2835,0.530324534488786,0,0.00380906972096791,0.0428813610644833,0,0,0,650,non-mge
1208,738232,738552,321,Bacillithiol system redox-active protein YtxJ,PANCAC_00691,contig_1,+,2836,2836,2836,0,2836,2836,2836,0.484923576741855,0,0.00324036258197021,0.0304850298223937,0,0,0,863,non-mge
1209,738553,738976,424,non-cds,non-cds,contig_1,.,2836,2830,2834.30424528302,1.98204252559418,2835,2832,2836,0.669864325778237,0,0.0102324259397274,0.0670521765974621,0,0,0,9299,non-mge
1210,738977,740101,1125,Glycerate kinase,PANCAC_00692,contig_1,+,2836,2836,2836,0,2836,2836,2836,0.688988790400717,0,0.00964674568494842,0.0625494392237161,0,0,0,13531,non-mge
1211,740102,740289,188,non-cds,non-cds,contig_1,.,2836,2831,2835.1914893617,1.01092001032025,2836,2834,2836,0.461612198726882,0,0.0107260348085384,0.056421115488174,0,0,0,1683,non-mge
1212,740290,741516,1227,peptidase T,PANCAC_00693,contig_1,-,2836,2834,2835.83292583537,0.386085254862237,2836,2836,2836,0.68969501268573,0,0.00791107942928927,0.0566160309736248,0,0,0,11559,non-mge
1213,741517,741529,13,non-cds,non-cds,contig_1,.,2835,2833,2834.23076923077,0.832050294337844,2834,2834,2835,0.01295230664335,0,0.00163596620019935,0.00410398876585857,0,0,0,8,non-mge
1214,741530,742024,495,Threonine/Serine exporter ThrE domain-containing protein,PANCAC_00694,contig_1,-,2836,2829,2834.88888888889,2.0720273516363,2836,2834,2836,0.688293844936743,0,0.00925423064436269,0.0680017859747888,0,0,0,8071,non-mge
1215,742025,742041,17,non-cds,non-cds,contig_1,.,2836,2836,2836,0,2836,2836,2836,0,0,0,0,0,0,0,0,non-mge
1216,742042,742803,762,Threonine/serine exporter-like N-terminal domain-containing protein,PANCAC_00695,contig_1,-,2836,2834,2835.56692913386,0.567502093141871,2836,2835,2836,1.04581793647669,0,0.00817779138541302,0.0667033217356114,0,0,0,9074,non-mge
1217,742804,742998,195,non-cds,non-cds,contig_1,.,2835,2829,2831.80512820513,1.94591148413726,2832,2830,2833,0.664760689984119,0,0.00456803023538793,0.0482925033474959,0,0,0,1869,non-mge
1218,742999,744069,1071,Uncharacterized membrane protein MW0708,PANCAC_00696,contig_1,-,2836,2830,2835.38655462185,1.18950487875969,2836,2835,2836,0.690822656075486,0,0.00661591546351845,0.0506234158151721,0,0,0,7735,non-mge
1219,744070,744386,317,non-cds,non-cds,contig_1,.,2834,2780,2820.87066246057,14.4449738489367,2827,2818,2831,0.58999345103212,0,0.00285093435736069,0.0337705239528921,0,0,0,2180,non-mge
1220,744387,745442,1056,Glycosyl transferase family protein,PANCAC_00697,contig_1,+,2836,2834,2835.35132575758,0.653577935274821,2835,2835,2836,0.689217219276334,0,0.00702282338804298,0.057424581669499,0,0,0,9974,non-mge
1221,745443,745611,169,non-cds,non-cds,contig_1,.,2836,1364,1789.76331360947,667.587895642216,1365,1364,2832,0.387578517527376,0,0.00838957994362494,0.0500513562778162,0,0,0,723,43
1222,745612,746253,642,YigZ family protein,PANCAC_00698,contig_1,-,2836,2835,2835.96417445483,0.185999901284338,2836,2836,2836,0.687471172119105,0,0.00812005874145551,0.0560888879753991,0,0,0,5773,non-mge
1223,746254,746396,143,non-cds,non-cds,contig_1,.,2836,2833,2835.08391608392,0.953100969308726,2835,2834,2836,0.661877734142572,0,0.0108149778591167,0.0734180200198162,0,0,0,1933,non-mge
1224,746397,746780,384,fatty acid kinase FakB1,PANCAC_00699,contig_1,+,2836,2831,2835.90364583333,0.373519342609914,2836,2836,2836,1.08865793661323,0,0.00690258791859976,0.0619260619495887,0,0,0,2781,non-mge
1225,746781,747143,363,non-cds,non-cds,contig_1,.,2836,2834,2835.67768595041,0.588305122937912,2836,2835,2836,0.661561343438554,0,0.0136535470445152,0.0702780353276968,0,0,0,4996,non-mge
1226,747144,748226,1083,Comf operon protein 1,PANCAC_00700,contig_1,+,2836,2828,2835.57802400739,1.31820642562883,2836,2836,2836,1.09541747071663,0,0.0157787791321522,0.0909821714529375,0,0,0,24171,non-mge
1227,748219,748893,675,ComF family protein,PANCAC_00701,contig_1,+,2836,2835,2835.93481481481,0.24703539508961,2836,2836,2836,0.678805944686435,0,0.00546342128839857,0.0460075248639297,0,0,0,3911,non-mge
1228,748894,748953,60,non-cds,non-cds,contig_1,.,2836,2835,2835.6,0.494032181755571,2836,2835,2836,0.0031578221490543,0,0.000157858127276459,0.000693894381750361,0,0,0,3,non-mge
1229,748954,749526,573,ribosome hibernation-promoting factor%2C HPF/YfiA family,PANCAC_00702,contig_1,+,2836,2835,2835.9092495637,0.287504871689922,2836,2836,2836,0.369614180339888,0,0.00240895401979301,0.0219699601541739,0,0,0,966,non-mge
1230,749527,749939,413,non-cds,non-cds,contig_1,.,2836,2797,2827.64648910412,10.2888368445887,2831,2825,2835,0.598994524806863,0,0.00366112524552553,0.0373384241767905,0,0,0,1450,non-mge
1231,749940,752471,2532,preprotein translocase subunit SecA,PANCAC_00703,contig_1,+,2836,2834,2835.91153238547,0.356784032226326,2836,2836,2836,0.960271883194801,0,0.00824944571448215,0.0603654700387582,0,0,0,23428,non-mge
1232,752472,752903,432,non-cds,non-cds,contig_1,.,2836,2835,2835.77314814815,0.419281560201616,2836,2836,2836,0.693147180559945,0,0.0098382237103172,0.0655089250252298,0,0,0,4948,non-mge
1233,752904,753896,993,peptide chain release factor 2,PANCAC_00704,contig_1,+,2836,2835,2835.97482376636,0.156739054510304,2836,2836,2836,0.689445261881517,0,0.00971251177382051,0.0662370889375654,0,0,0,11138,non-mge
1234,753897,754304,408,non-cds,non-cds,contig_1,.,2836,1757,2767.28676470588,259.941703200402,2836,2836,2836,0.335442623389925,0,0.0073606110569117,0.0353520021448184,0,0,0,1931,non-mge
1235,754305,755144,840,putative autolysin LDP,PANCAC_00705,contig_1,+,2836,2829,2834.17619047619,1.76575955473941,2835,2833,2835,1.09170248441595,0,0.0125859752149757,0.0787375821024503,0,0,0,15053,non-mge
1236,755145,755317,173,non-cds,non-cds,contig_1,.,2836,2831,2834.15028901734,1.14651262315471,2834,2833,2835,0.689175757264069,0,0.0110100678944046,0.0757056247012544,0,0,0,2624,non-mge
1237,755318,755968,651,HD domain-containing protein,PANCAC_00706,contig_1,+,2836,2835,2835.89708141321,0.304086158552524,2836,2836,2836,0.682545504294461,0,0.00752992367706845,0.0546548874074787,0,0,0,7123,non-mge
1238,755965,756201,237,DUF2198 domain-containing protein,PANCAC_00707,contig_1,+,2836,2836,2836,0,2836,2836,2836,0.660464985979504,0,0.00990746981417382,0.0630152276273221,0,0,0,2522,non-mge
1239,756202,756469,268,non-cds,non-cds,contig_1,.,2836,2834,2835.5447761194,0.789592144675464,2836,2835,2836,0.624818160980236,0,0.013257096197365,0.0720018824213247,0,0,0,3602,non-mge
1240,756470,757501,1032,Excinuclease ABC%2C B subunit,PANCAC_00708,contig_1,+,2836,0,2772.33333333333,418.8050194998,2836,2836,2836,0.68905551272373,0,0.00729363287780415,0.0564273184772591,0,0,0,10387,44
1241,757502,757546,45,non-cds,non-cds,contig_1,.,0,0,0,0,0,0,0,0,0,0,0,0,0,0,0,44
1242,757547,758527,981,IS5 family IS5 transposase,PANCAC_00709,contig_1,+,3,0,1.01630988786952,1.1674754910656,1,0,2,0.693147180559945,0,0.00423943229700272,0.0540699356299477,0,0,0,10,44
1243,758528,758679,152,non-cds,non-cds,contig_1,.,2836,0,111.282894736842,550.70152031176,0,0,0,0,0,0,0,0,0,0,0,44
1244,758680,759654,975,excinuclease ABC subunit UvrB,PANCAC_00710,contig_1,+,2836,2835,2835.80102564103,0.39943360099094,2836,2836,2836,0.687625288331346,0,0.00624593629612297,0.0521022864041842,0,0,0,8873,non-mge
1245,759655,759661,7,non-cds,non-cds,contig_1,.,2836,2836,2836,0,2836,2836,2836,0,0,0,0,0,0,0,0,non-mge
1246,759662,762508,2847,excinuclease ABC subunit UvrA,PANCAC_00711,contig_1,+,2836,2831,2835.77309448542,0.755727495157648,2836,2836,2836,1.0125554157958,0,0.0104728418089504,0.0717120342974825,0,0,0,37834,non-mge
1247,762509,763169,661,non-cds,non-cds,contig_1,.,2836,2539,2669.76248108926,109.013661289649,2642,2572,2833,0.689174297258911,0,0.00643070923006485,0.0497300578340188,0,0,0,4270,non-mge
1248,763170,764102,933,HPr(Ser) kinase/phosphatase,PANCAC_00713,contig_1,+,2836,2835,2835.95498392283,0.207450611421166,2836,2836,2836,0.702687287116522,0,0.008766628188637,0.0631220473613979,0,0,0,11023,non-mge
1249,764103,764107,5,non-cds,non-cds,contig_1,.,2836,2836,2836,0,2836,2836,2836,0,0,0,0,0,0,0,0,non-mge
1250,764108,764947,840,prolipoprotein diacylglyceryl transferase,PANCAC_00714,contig_1,+,2836,2830,2835.37738095238,1.33592973972504,2836,2835,2836,0.691447035646121,0,0.00900656367752681,0.0592908002682804,0,0,0,8259,non-mge
1251,764948,764954,7,non-cds,non-cds,contig_1,.,2835,2835,2835,0,2835,2835,2835,0.0172957483258034,0,0.00247082118940049,0.00653717840126252,0,0,0,7,non-mge
1252,764955,765440,486,Putative acetyltransferase MW0724,PANCAC_00715,contig_1,+,2836,2829,2834.45267489712,2.17881625036465,2835,2835,2836,0.669177809370336,0,0.00894934293753286,0.0611458323909352,0,0,0,4857,non-mge
1253,765441,765447,7,non-cds,non-cds,contig_1,.,2834,2834,2834,0,2834,2834,2834,0,0,0,0,0,0,0,0,non-mge
1254,765448,766887,1440,Beta-barrel assembly-enhancing protease,PANCAC_00716,contig_1,+,2836,2824,2835.4,1.88251159246389,2836,2836,2836,0.692904364158085,0,0.00681609190011492,0.0565232829957462,0,0,0,13891,non-mge
1255,766888,766953,66,non-cds,non-cds,contig_1,.,2836,2836,2836,0,2836,2836,2836,0.0116486036696298,0,0.000176493994994391,0.00143384399352206,0,0,0,4,non-mge
1256,766954,767889,936,thioredoxin-disulfide reductase,PANCAC_00717,contig_1,+,2836,2836,2836,0,2836,2836,2836,0.693147180559945,0,0.00678125938767401,0.0560280692503226,0,0,0,7734,non-mge
1257,767890,768262,373,non-cds,non-cds,contig_1,.,2836,2626,2754.40214477212,83.501266462036,2833,2665,2833,0.49470304649845,0,0.00386245260109729,0.0333344264233485,0,0,0,1194,non-mge
1258,768263,768688,426,Nitrogen regulation protein NIFR3,PANCAC_00718,contig_1,-,2819,1644,2400.50234741784,373.740893251721,2573,2281.5,2699,0.0522380531846461,0,0.000354907361486394,0.00334679912529032,0,0,0,61,non-mge
1259,768689,768882,194,non-cds,non-cds,contig_1,.,2835,2819,2829.30412371134,5.88625196381427,2832,2822,2834,0.331292251225416,0,0.00578334177886555,0.0342382422106121,0,0,0,798,non-mge
1260,768883,769794,912,RNase adapter RapZ,PANCAC_00720,contig_1,+,2836,2834,2835.54934210526,0.579355413480966,2836,2835,2836,0.685374292981219,0,0.00845285614518853,0.0604374752146608,0,0,0,8546,non-mge
1261,769791,770786,996,Gluconeogenesis factor,PANCAC_00721,contig_1,+,2836,2831,2835.64156626506,0.975601428536942,2836,2836,2836,0.698960083500637,0,0.00767145908732388,0.0631590721339476,0,0,0,11458,non-mge
1262,770787,770895,109,non-cds,non-cds,contig_1,.,2836,2831,2834.80733944954,1.55442655986167,2836,2834,2836,0.138343335816518,0,0.002359843069505,0.014270334390135,0,0,0,139,non-mge
1263,770896,771840,945,DNA-binding protein WhiA,PANCAC_00722,contig_1,+,2836,2835,2835.98835978836,0.107316840773079,2836,2836,2836,0.688365607845477,0,0.00757731431877824,0.0577755133847873,0,0,0,8045,non-mge
1264,771841,772412,572,non-cds,non-cds,contig_1,.,2836,2831,2835.08916083916,1.34597590374233,2836,2835,2836,0.547254664952467,0,0.00563655539061278,0.0413360693758818,0,0,0,2739,non-mge
1265,772413,773000,588,ATP-dependent Clp endopeptidase proteolytic subunit ClpP,PANCAC_00724,contig_1,+,2836,2833,2835.65476190476,0.88419461295115,2836,2836,2836,0.685192892204506,0,0.00834662088375295,0.0595518470872321,0,0,0,5452,non-mge
1266,773001,773242,242,non-cds,non-cds,contig_1,.,2836,1538,1897.88429752066,559.516354428305,1540,1539,2568,0.67135904671958,0,0.00528776200348215,0.0503676072989571,0,0,0,2001,45
1267,773243,774112,870,Epimerase family protein SAUSA300_0753,PANCAC_00725,contig_1,-,2836,1539,2824.0816091954,123.787278123625,2836,2836,2836,0.686079657738187,0,0.0107147663986461,0.0716080423375727,0,0,0,15648,45
1268,774113,774847,735,non-cds,non-cds,contig_1,.,2836,2808,2830.29659863946,6.49537054764579,2832,2828,2835,0.669225290182432,0,0.0076849213521162,0.0557237353652689,0,0,0,6127,non-mge
1269,774848,775477,630,DUF4887 domain-containing protein,PANCAC_00727,contig_1,+,2831,595,2569.61428571429,368.724013169476,2599,2567.5,2822,0.566629418683865,0,0.00746023900671813,0.0550424037005821,0,0,0,4391,non-mge
1270,775478,776118,641,non-cds,non-cds,contig_1,.,2836,1637,2592.90015600624,371.773481122041,2772,2339,2836,0.687795604345095,0,0.0133031636397881,0.0788507976804528,0,0,0,9238,non-mge
1271,776119,777132,1014,Central glycolytic genes regulator,PANCAC_00729,contig_1,+,2836,2832,2835.70710059172,0.772177135039131,2836,2836,2836,0.685283845685115,0,0.004554787716959,0.045831082487419,0,0,0,5548,non-mge
1272,777133,777184,52,non-cds,non-cds,contig_1,.,2836,2836,2836,0,2836,2836,2836,0.00830757571750994,0,0.000393188284266855,0.00150054455880797,0,0,0,7,non-mge
1273,777185,778195,1011,type I glyceraldehyde-3-phosphate dehydrogenase,PANCAC_00730,contig_1,+,2836,2833,2835.83086053412,0.647980221657054,2836,2836,2836,0.620410329880405,0,0.00264659358849446,0.0332384488423879,0,0,0,2777,non-mge
1274,778196,778333,138,non-cds,non-cds,contig_1,.,2836,2834,2835.67391304348,0.581503757615199,2836,2835,2836,0.193557401267416,0,0.001653153756553,0.0165148876758787,0,0,0,149,non-mge
1275,778334,779524,1191,Phosphoglycerate kinase,PANCAC_00731,contig_1,+,2836,2834,2835.76406381192,0.457157762106287,2836,2836,2836,1.04647950746575,0,0.00698664002825353,0.0596674081603271,0,0,0,11073,non-mge
1276,779525,779645,121,non-cds,non-cds,contig_1,.,2836,2836,2836,0,2836,2836,2836,0.42136876957672,0,0.00461873809693519,0.0394341468272041,0,0,0,497,non-mge
1277,779646,780407,762,triose-phosphate isomerase,PANCAC_00732,contig_1,+,2836,2835,2835.91469816273,0.279513799239112,2836,2836,2836,0.693147180559945,0,0.00674608018909712,0.0547237938451848,0,0,0,6179,non-mge
1278,780408,780409,2,non-cds,non-cds,contig_1,.,2836,2836,2836,0,2836,2836,2836,0,0,0,0,0,0,0,0,non-mge
1279,780410,781927,1518,2%2C3-bisphosphoglycerate-independent phosphoglycerate mutase,PANCAC_00733,contig_1,+,2836,2834,2835.84519104084,0.458293454359329,2836,2836,2836,0.685464234169813,0,0.0103847333601151,0.0732544674171295,0,0,0,23917,non-mge
1280,781928,782056,129,non-cds,non-cds,contig_1,.,2835,2832,2833.46511627907,0.875415183890505,2833,2833,2834,0.0173114545234313,0,0.000486285568770561,0.00274758477356424,0,0,0,25,non-mge
1281,782057,783361,1305,phosphopyruvate hydratase,PANCAC_00734,contig_1,+,2836,2835,2835.99770114943,0.0479095473812152,2836,2836,2836,0.684636537014533,0,0.00675610572746523,0.054956179863451,0,0,0,10167,non-mge
1282,783362,783700,339,non-cds,non-cds,contig_1,.,2836,2801,2830.60766961652,9.14233601804567,2834,2830,2836,0.689415353243444,0,0.00430779688225394,0.044797664544784,0,0,0,2143,non-mge
1283,783701,784159,459,DUF2127 domain-containing protein,PANCAC_00735,contig_1,+,2836,2834,2835.32679738562,0.501047793301387,2835,2835,2836,0.685769707047699,0,0.00914584149264559,0.0689381700271811,0,0,0,5694,non-mge
1284,784160,784225,66,non-cds,non-cds,contig_1,.,2834,2824,2828.56060606061,2.92537328520804,2829,2826,2830,0.429317700683665,0,0.00671941660610526,0.0528331390975955,0,0,0,440,non-mge
1285,784226,784459,234,preprotein translocase subunit SecG,PANCAC_00736,contig_1,+,2835,2831,2834.23076923077,1.15260194830567,2835,2834,2835,0.234635506648439,0,0.00115487652104732,0.0153771286755697,0,0,0,191,non-mge
1286,784460,784574,115,non-cds,non-cds,contig_1,.,2836,2825,2830.58260869565,4.26528748685687,2832,2826,2835,0.106567315095575,0,0.00219430349014468,0.0138769031977593,0,0,0,140,non-mge
1287,784575,785315,741,Carboxylesterase%2C putative,PANCAC_00737,contig_1,+,2836,2835,2835.90958164642,0.286973890681646,2836,2836,2836,0.692769095635605,0,0.00541720185975217,0.047614388581466,0,0,0,4603,non-mge
1288,785316,785348,33,non-cds,non-cds,contig_1,.,2836,2836,2836,0,2836,2836,2836,0.00582454957683332,0,0.000176501502328282,0.0010139239373329,0,0,0,2,non-mge
1289,785349,787721,2373,ribonuclease R,PANCAC_00738,contig_1,+,2836,2821,2835.51116729878,1.80604125635004,2836,2836,2836,0.686834521420553,0,0.00764186775144463,0.0572552910329295,0,0,0,22209,non-mge
1290,787722,787742,21,non-cds,non-cds,contig_1,.,2836,2836,2836,0,2836,2836,2836,0,0,0,0,0,0,0,0,non-mge
1291,787743,788207,465,SsrA-binding protein SmpB,PANCAC_00739,contig_1,+,2836,2835,2835.91397849462,0.280697790401923,2836,2836,2836,0.690450963656843,0,0.0106125230623459,0.0689727035103583,0,0,0,5775,non-mge
1292,788208,789528,1321,non-cds,non-cds,contig_1,.,2836,1178,1812.55336866011,777.622335931153,1195,1180,2836,0.679763583960748,0,0.00529934509048679,0.0533532637319942,0,0,0,11094,46
1293,789529,789852,324,Phage protein,PANCAC_00741,contig_1,-,1192,1180,1186.11419753086,3.58133045627205,1186,1184,1188,0.20774480221444,0,0.00114982602042498,0.0125984351312056,0,0,0,97,46
1294,789853,790205,353,non-cds,non-cds,contig_1,.,2772,1190,1209.96600566572,167.467717310239,1192,1192,1193,0.644761939396053,0,0.00302407613098557,0.0353063219211716,0,0,0,500,46
1295,790206,790934,729,DUF5067 domain-containing protein,PANCAC_00742,contig_1,-,2830,2707,2805.6268861454,31.0020495828911,2827,2791,2829,0.675823458556651,0,0.00575344578048577,0.0425145557881951,0,0,0,3805,non-mge
1296,790935,791532,598,non-cds,non-cds,contig_1,.,2834,1833,2718.01672240803,219.667122280543,2803,2755.25,2828,0.693003074116021,0,0.0110587266518045,0.0682544506422521,0,0,0,7378,non-mge
1297,791533,792054,522,SMODS-associated and fused to various effectors domain-containing protein,PANCAC_00743,contig_1,+,2835,2831,2834.49808429119,0.817864458887709,2835,2834,2835,0.674146253283005,0,0.0102438636119659,0.0605142043359942,0,0,0,5289,non-mge
1298,792055,792192,138,non-cds,non-cds,contig_1,.,2835,2834,2834.34782608696,0.478015574266687,2834,2834,2835,0.444784259289266,0,0.00733564284063669,0.0451297746672872,0,0,0,826,non-mge
1299,792193,792723,531,N-acetyltransferase domain-containing protein,PANCAC_00744,contig_1,+,2835,2834,2834.99811676083,0.0433963036602746,2835,2835,2835,0.650654471218779,0,0.0117116211239088,0.0704188232948887,0,0,0,7465,non-mge
1300,792724,792985,262,non-cds,non-cds,contig_1,.,2835,2827,2832.10687022901,2.82097211145255,2833,2829,2835,0.687437977262088,0,0.011900604012486,0.0686510840300728,0,0,0,3398,non-mge
1301,792986,795769,2784,MSCRAMM family adhesin clumping factor ClfA,PANCAC_00745,contig_1,+,2836,88,2147.72054597701,1126.56431307126,2834,1605.75,2836,0.922499795010085,0,0.00633818344381007,0.0511804951054765,0,0,0,19916,47
1302,795770,796105,336,non-cds,non-cds,contig_1,.,2817,1928,2796.41666666667,117.574208597648,2814.5,2814,2816.25,0.687431110675549,0,0.0101174447518291,0.0614613819136499,0,0,0,3824,48
1303,796106,797515,1410,secreted von Willebrand factor-binding protein precursor,PANCAC_00746,contig_1,+,2824,544,1485.73617021277,1019.57992291031,1150.5,547,2824,0.686398757077987,0,0.00484190923358351,0.0441771630136415,0,0,0,7123,48
1304,797516,797865,350,non-cds,non-cds,contig_1,.,2824,2815,2821.85142857143,2.62906080265413,2823,2820,2824,0.530080659902946,0,0.00794134740380389,0.0498008618595465,0,0,0,2419,non-mge
1305,797866,798888,1023,extracellular matrix protein-binding adhesin Emp,PANCAC_00747,contig_1,+,2825,2187,2760.27468230694,189.405790920755,2823,2822,2823,0.631299598252425,0,0.00570420272660485,0.0435270531099933,0,0,0,5282,non-mge
1306,798889,799222,334,non-cds,non-cds,contig_1,.,2824,2820,2823.21856287425,0.822076967856418,2823,2823,2824,0.702064690073604,0,0.00768520376290978,0.0628303690937245,0,0,0,3420,non-mge
1307,799223,799693,471,Extracellular matrix and plasma binding protein,PANCAC_00748,contig_1,+,2823,1011,1964.2059447983,623.550467208608,1974,1703,2279,0.659049467247304,0,0.00911314182190702,0.0597279420468028,0,0,0,3326,49;50
1308,799694,800033,340,non-cds,non-cds,contig_1,.,2823,1575,2634.09705882353,329.569647864733,2815,2686.75,2821,0.646033420087102,0,0.00781503832816272,0.0586860560359265,0,0,0,3845,non-mge
1309,800034,800720,687,Thermonuclease,PANCAC_00749,contig_1,+,2809,2788,2806.26055312955,3.81808665425925,2808,2804,2809,0.871668599138314,0,0.0116486234736881,0.0744715272077029,0,0,0,10877,non-mge
1310,800721,801076,356,non-cds,non-cds,contig_1,.,2831,2257,2724.88764044944,169.3433507356,2807.5,2723.25,2829,0.670987492563872,0,0.00742343070742095,0.0548109576564103,0,0,0,2609,non-mge
1311,801077,801277,201,Cold shock protein CspA,PANCAC_00750,contig_1,+,2831,2831,2831,0,2831,2831,2831,0.0538801720918353,0,0.000551592362778511,0.00468982476606619,0,0,0,51,non-mge
1312,801278,801772,495,non-cds,non-cds,contig_1,.,2831,2800,2826.78383838384,6.99245844574909,2828,2828,2830,0.7468060512036,0,0.0120264367104478,0.0708354951383952,0,0,0,7822,non-mge
1313,801773,801991,219,hypothetical protein,PANCAC_00751,contig_1,-,2830,2828,2829.57534246575,0.661894865799603,2830,2829,2830,0.594788333467455,0,0.00896780250188558,0.0557787902254822,0,0,0,1862,non-mge
1314,801992,802052,61,non-cds,non-cds,contig_1,.,2830,2830,2830,0,2830,2830,2830,0.494128239272595,0,0.0152137413580678,0.0740036326743361,0,0,0,873,non-mge
1315,802053,802337,285,Phage protein,PANCAC_00752,contig_1,-,2831,2829,2829.89824561404,0.563093576664703,2830,2830,2830,0.832856811026785,0,0.0110427030893367,0.0786671396412688,0,0,0,5364,non-mge
1316,802338,802424,87,non-cds,non-cds,contig_1,.,2831,2830,2830.98850574713,0.107211253483779,2831,2831,2831,0.548629912662866,0,0.0171656318263863,0.0749354257081568,0,0,0,2853,non-mge
1317,802425,802994,570,lipoprotein N-acylation protein LnsA,PANCAC_00753,contig_1,-,2831,2826,2830.26666666667,1.04003064260206,2831,2830,2831,0.693147180559945,0,0.0125289757197561,0.0727629303532184,0,0,0,10076,non-mge
1318,802995,803181,187,non-cds,non-cds,contig_1,.,2831,2827,2829.33689839572,0.702435858126818,2829,2829,2830,0.530374751688018,0,0.00916413437914553,0.0502715079241747,0,0,0,1425,non-mge
1319,803182,803370,189,type II toxin-antitoxin system toxin TsaT,PANCAC_00754,contig_1,-,2830,2822,2828.2380952381,2.51409401037613,2830,2825,2830,0.467554150326324,0,0.00379182328711039,0.0350559388364983,0,0,0,2453,non-mge
1320,803371,803398,28,non-cds,non-cds,contig_1,.,2830,2828,2829.03571428571,0.88116685505926,2829,2828,2830,0.17000967523254,0,0.0123622522759303,0.0391096284055205,0,0,0,201,non-mge
1321,803399,803659,261,type II toxin-antitoxin system antitoxin TsaA,PANCAC_00755,contig_1,-,2829,2827,2828.72030651341,0.535588732427752,2829,2829,2829,0.734453255659505,0,0.00527116607081022,0.0481091312742833,0,0,0,1470,non-mge
1322,803660,803999,340,non-cds,non-cds,contig_1,.,2830,2810,2826.08529411765,6.13720374639331,2829,2827,2829,0.680956958252842,0,0.0162454397335377,0.0822391123912687,0,0,0,7597,non-mge
1323,804000,804203,204,YozE SAM-like domain-containing protein,PANCAC_00756,contig_1,+,2831,2827,2830.01470588235,1.2495435272007,2831,2829,2831,0.501934189156547,0,0.00662651786578237,0.0438494229937008,0,0,0,1135,non-mge
1324,804200,804436,237,CobW/HypB/UreG nucleotide-binding domain-containing protein,PANCAC_00757,contig_1,-,2831,2828,2830.66244725738,0.831059617144764,2831,2831,2831,0.701689059088358,0,0.00474663407783938,0.0514833911576415,0,0,0,1597,non-mge
1325,804437,804660,224,non-cds,non-cds,contig_1,.,2831,2831,2831,0,2831,2831,2831,0.632595985049215,0,0.00993219822026622,0.0600771320861889,0,0,0,2182,non-mge
1326,804661,805242,582,Phosphoglycerate mutase,PANCAC_00758,contig_1,+,2831,2824,2830.40549828179,0.560154892364053,2830,2830,2831,0.6888348603322,0,0.0107759760449814,0.0659990239892997,0,0,0,7282,non-mge
1327,805243,805314,72,non-cds,non-cds,contig_1,.,2830,2823,2826.48611111111,2.09622770209482,2827,2825,2828,0.336317427431315,0,0.0189540009451545,0.070859740858529,0,0,0,1108,non-mge
1328,805315,805932,618,Amino acid transporter,PANCAC_00759,contig_1,-,2831,2822,2830.30420711974,1.51855571016552,2831,2830,2831,0.950091237262266,0,0.0110234401292771,0.0749483010755071,0,0,0,8585,non-mge
1329,805933,806086,154,non-cds,non-cds,contig_1,.,2834,2634,2789.53246753247,73.7830390229778,2830,2790,2833,0.347136470101308,0,0.00555213393629024,0.0370796065224493,0,0,0,648,non-mge
1330,806087,806581,495,N-acetyltransferase domain-containing protein,PANCAC_00760,contig_1,-,2834,2832,2833.42828282828,0.743669695632753,2834,2833,2834,0.592657503169389,0,0.0041612926841299,0.0383279105851479,0,0,0,1957,non-mge
1331,806582,806979,398,non-cds,non-cds,contig_1,.,2834,2824,2831.92713567839,2.47449810939184,2833,2830,2834,0.685146720143916,0,0.0125983368591715,0.0768021836120432,0,0,0,6855,non-mge
1332,806980,807402,423,Organic hydroperoxide resistance protein-like,PANCAC_00761,contig_1,-,2834,2833,2833.9598108747,0.19663511128602,2834,2834,2834,0.691786290273486,0,0.00933393327534444,0.0666286336193001,0,0,0,5057,non-mge
1333,807403,807549,147,non-cds,non-cds,contig_1,.,2834,2833,2833.69387755102,0.462456882817408,2834,2833,2834,0.691261179248604,0,0.0157429554423433,0.0921622982793187,0,0,0,4617,non-mge
1334,807550,808266,717,3-dehydroquinate dehydratase,PANCAC_00762,contig_1,+,2834,2833,2833.93723849372,0.242702809903714,2834,2834,2834,0.630289695785228,0,0.012718463803233,0.0725230636900757,0,0,0,11146,non-mge
1335,808267,808348,82,non-cds,non-cds,contig_1,.,2834,2834,2834,0,2834,2834,2834,0.060289117172426,0,0.00167437993820706,0.00744749493039325,0,0,0,61,non-mge
1336,808349,808888,540,Nitroreductase domain-containing protein,PANCAC_00763,contig_1,+,2834,2829,2833.06296296296,0.964931730942122,2833,2833,2834,0.687574780265314,0,0.00654331579161176,0.054393440342847,0,0,0,4426,non-mge
1337,808889,809037,149,non-cds,non-cds,contig_1,.,2833,2829,2831.68456375839,1.09103997203107,2832,2831,2832,0.632341245580298,0,0.0166785273745375,0.0910818705815643,0,0,0,4374,non-mge
1338,809038,809358,321,Thioredoxin%2C putative,PANCAC_00764,contig_1,-,2834,2829,2833.8722741433,0.517696942825232,2834,2834,2834,0.686651473218526,0,0.0118480195996051,0.0704884541254023,0,0,0,5782,non-mge
1339,809359,809501,143,non-cds,non-cds,contig_1,.,2829,2825,2827.55244755245,1.48550897844705,2828,2826,2829,0.529784742999667,0,0.0133263631412596,0.0727589825685988,0,0,0,3512,non-mge
1340,809502,809858,357,Arsenate reductase,PANCAC_00765,contig_1,+,2834,2828,2833.83753501401,0.875023323625464,2834,2834,2834,0.529981111495891,0,0.00410928369392795,0.0417967765884915,0,0,0,1513,non-mge
1341,809859,810015,157,non-cds,non-cds,contig_1,.,2834,2829,2832.3821656051,2.03663571207057,2834,2830,2834,0.537823091906061,0,0.00639049007050602,0.0485982253485333,0,0,0,966,non-mge
1342,810016,810396,381,glycine cleavage system protein GcvH,PANCAC_00766,contig_1,+,2834,2833,2833.95275590551,0.212439504077431,2834,2834,2834,0.658355327606341,0,0.00847091038724676,0.0596069655480299,0,0,0,5024,non-mge
1343,810397,810459,63,non-cds,non-cds,contig_1,.,2834,2814,2824.11111111111,8.80819103963356,2831,2815,2832,0.258944432659328,0,0.00446822577743648,0.0326715237788146,0,0,0,213,non-mge
1344,810460,810573,114,hypothetical protein,PANCAC_00767,contig_1,+,2833,2829,2831.88596491228,1.43137270540094,2833,2830,2833,0.64888482013161,0,0.00636344409944713,0.0608078029373648,0,0,0,1866,non-mge
1345,810574,810574,1,non-cds,non-cds,contig_1,.,2833,2833,2833,NA,2833,2833,2833,0,0,0,NA,0,0,0,0,non-mge
1346,810575,811453,879,DUF1963 domain-containing protein,PANCAC_00768,contig_1,+,2834,2818,2833.53583617747,0.993498890801873,2834,2833,2834,0.693147180559945,0,0.012563488232987,0.0736367923660401,0,0,0,14354,non-mge
1347,811454,812191,738,non-cds,non-cds,contig_1,.,2836,1931,2681.73848238482,281.650029012498,2779,2755,2829,0.535252189058054,0,0.00418448727949164,0.0369585402580236,0,0,0,2734,non-mge
1348,812192,812581,390,Toprim domain-containing protein,PANCAC_00770,contig_1,+,2836,2834,2835.72564102564,0.624363099123021,2836,2836,2836,0.687227608184347,0,0.0085154609588958,0.0598562150991232,0,0,0,3767,non-mge
1349,812574,812870,297,Thioredoxin domain-containing protein,PANCAC_00771,contig_1,+,2836,2836,2836,0,2836,2836,2836,0.71776402374166,0,0.00872118463642501,0.0718149603083788,0,0,0,3813,non-mge
1350,812871,813119,249,non-cds,non-cds,contig_1,.,2836,2834,2835.35742971888,0.612993563548539,2835,2835,2836,0.18938014495853,0,0.00199260264197693,0.0170025154675004,0,0,0,312,non-mge
1351,813120,814145,1026,Methionine import ATP-binding protein MetN 2,PANCAC_00772,contig_1,+,2836,2833,2835.86647173489,0.554103651200274,2836,2836,2836,0.80928598272662,0,0.0089188751145673,0.0638863197088233,0,0,0,12041,non-mge
1352,814138,814833,696,ABC transmembrane type-1 domain-containing protein,PANCAC_00773,contig_1,+,2836,2835,2835.93103448276,0.253577724018852,2836,2836,2836,0.659909627942323,0,0.00804076668130852,0.0585905689554168,0,0,0,6958,non-mge
1353,814834,814850,17,non-cds,non-cds,contig_1,.,2836,2836,2836,0,2836,2836,2836,0.340708495398574,0,0.0205303571244755,0.0825325201317894,0,0,0,307,non-mge
1354,814851,815672,822,Lipoprotein,PANCAC_00774,contig_1,+,2836,2834,2835.94890510949,0.225785985671988,2836,2836,2836,0.704593181589957,0,0.0111083954424225,0.0752076058617229,0,0,0,14827,non-mge
1355,815673,816025,353,non-cds,non-cds,contig_1,.,2831,1770,2340.58923512748,510.370969800993,2700,1772,2830,0.356115151660573,0,0.005944154910419,0.0379123217868991,0,0,0,1204,51
1356,816026,816220,195,UPF0337 protein SAR0874,PANCAC_00775,contig_1,+,2833,2828,2831.52307692308,1.28561861607986,2832,2830,2833,0.277503615912259,0,0.00314677832223597,0.0262168273930577,0,0,0,446,non-mge
1357,816221,816452,232,non-cds,non-cds,contig_1,.,2836,2832,2834.12931034483,0.971722907912874,2834,2834,2834.25,0.649516715702563,0,0.00859316994547361,0.0537647675211972,0,0,0,2777,non-mge
1358,816453,817304,852,Polyprenyl-phosphate transporter,PANCAC_00776,contig_1,-,2836,2834,2835.75469483568,0.607175290924988,2836,2836,2836,0.692827864131936,0,0.00947133872125519,0.0630286088503057,0,0,0,8956,non-mge
1359,817305,817631,327,non-cds,non-cds,contig_1,.,2836,2813,2832.25993883792,7.01508129963007,2836,2834,2836,0.315379217405631,0,0.0033935358418464,0.0256223940661398,0,0,0,752,non-mge
1360,817632,818393,762,Fe-S cluster assembly ATPase SufC,PANCAC_00777,contig_1,+,2836,2836,2836,0,2836,2836,2836,0.667901561912501,0,0.00690432809965334,0.0562683660523059,0,0,0,6163,non-mge
1361,818394,818490,97,non-cds,non-cds,contig_1,.,2836,2830,2833.53608247423,2.20823202127716,2833,2831,2836,0.036692496777915,0,0.000732042792948802,0.00405510667299708,0,0,0,29,non-mge
1362,818491,819798,1308,Fe-S cluster assembly protein SufD,PANCAC_00778,contig_1,+,2836,2835,2835.94342507645,0.231116937411782,2836,2836,2836,0.640522007602051,0,0.00725234816382534,0.0501032787341891,0,0,0,9948,non-mge
1363,819799,819912,114,non-cds,non-cds,contig_1,.,2836,2832,2834.42105263158,1.68751132066792,2835,2833,2836,0.12863774502507,0,0.00337955112188427,0.0154766395941316,0,0,0,202,non-mge
1364,819913,821154,1242,putative cysteine desulfurase,PANCAC_00779,contig_1,+,2836,2834,2835.92512077295,0.323702681755514,2836,2836,2836,0.662348997991107,0,0.00907143339071185,0.0613032379782487,0,0,0,14783,non-mge
1365,821144,821608,465,Fe-S cluster assembly sulfur transfer protein SufU,PANCAC_00780,contig_1,+,2836,2829,2835.15913978495,1.71970304668571,2836,2835,2836,0.574255995350045,0,0.0036255318445083,0.0389388446942309,0,0,0,1495,non-mge
1366,821609,821758,150,non-cds,non-cds,contig_1,.,2836,2836,2836,0,2836,2836,2836,0.534604373044455,0,0.00467092583098092,0.0441972833785374,0,0,0,2275,non-mge
1367,821759,823156,1398,Fe-S cluster assembly protein SufB,PANCAC_00781,contig_1,+,2836,2829,2835.49570815451,0.940413047178491,2836,2835,2836,0.66162925360266,0,0.00500403738854719,0.0437919090870491,0,0,0,6775,non-mge
1368,823157,823485,329,non-cds,non-cds,contig_1,.,2835,2818,2831.09726443769,3.37985763248027,2832,2827,2834,0.612813507873519,0,0.00636122370226494,0.0466800584018525,0,0,0,3091,non-mge
1369,823486,823800,315,hypothetical protein,PANCAC_00782,contig_1,-,2827,2823,2826.55238095238,1.0218718217165,2827,2827,2827,0.666297655273126,0,0.0109743210659548,0.0680833577536096,0,0,0,4451,non-mge
1370,823801,824164,364,non-cds,non-cds,contig_1,.,2833,2772,2811.46703296703,18.0562790522032,2818,2799.75,2826,0.69233409989637,0,0.0145940522460146,0.0836553990305555,0,0,0,7412,non-mge
1371,824165,825205,1041,CNNM transmembrane domain-containing protein,PANCAC_00783,contig_1,+,2836,2833,2834.99807877041,0.436326621594801,2835,2835,2835,0.884024570184539,0,0.0107286241191571,0.0687326663095981,0,0,0,15180,non-mge
1372,825206,825218,13,non-cds,non-cds,contig_1,.,2834,2834,2834,0,2834,2834,2834,0.529095461473912,0,0.0548597207647003,0.151300785331584,0,0,0,756,non-mge
1373,825219,826286,1068,putative nitronate monooxygenase,PANCAC_00784,contig_1,+,2836,2834,2835.84831460674,0.371711720151478,2836,2836,2836,0.747238625161153,0,0.0121427944745191,0.0741714979211743,0,0,0,19278,non-mge
1374,826287,826498,212,non-cds,non-cds,contig_1,.,2836,2528,2825.83018867925,24.0305775582722,2834,2821,2835,0.363280260059778,0,0.00626000724384003,0.0409785585514073,0,0,0,1027,non-mge
1375,826499,827347,849,Cytosolic protein,PANCAC_00785,contig_1,+,2836,2826,2835.41578327444,1.70813415532776,2836,2836,2836,0.712653641156397,0,0.00746401074913779,0.0503406879729512,0,0,0,6728,non-mge
1376,827348,827359,12,non-cds,non-cds,contig_1,.,2835,2835,2835,0,2835,2835,2835,0,0,0,0,0,0,0,0,non-mge
1377,827360,828187,828,putative membrane transporter protein,PANCAC_00786,contig_1,+,2836,2834,2835.7693236715,0.519208798663388,2836,2836,2836,0.825724557360348,0,0.0106098132158683,0.0686303607827559,0,0,0,9846,non-mge
1378,828188,828213,26,non-cds,non-cds,contig_1,.,2836,2835,2835.57692307692,0.503831473655779,2836,2835,2836,0.23748739959496,0,0.0144740426940972,0.049298783234141,0,0,0,255,non-mge
1379,828214,829533,1320,UDP-sugar hydrolase 5-nucleotidase,PANCAC_00787,contig_1,+,2836,2833,2835.62727272727,0.684839722049087,2836,2835,2836,0.693031755746422,0,0.0129575749560372,0.0759226827911029,0,0,0,24207,non-mge
1380,829534,829616,83,non-cds,non-cds,contig_1,.,2835,2835,2835,0,2835,2835,2835,0.190474243174871,0,0.00296776184092776,0.0210644799299302,0,0,0,154,non-mge
1381,829617,830534,918,lipoyl synthase,PANCAC_00788,contig_1,+,2836,2835,2835.43899782135,0.49653530010287,2835,2835,2836,0.843684006577468,0,0.00583086824867113,0.0574125052250279,0,0,0,7878,non-mge
1382,830535,830663,129,non-cds,non-cds,contig_1,.,2836,2836,2836,0,2836,2836,2836,0.490021280289366,0,0.00874851380690688,0.0512580233033125,0,0,0,968,non-mge
1383,830664,831047,384,DUF1027 domain-containing protein,PANCAC_00789,contig_1,+,2836,2834,2835.73697916667,0.605533439457419,2836,2836,2836,0.684351519404334,0,0.00538778492906971,0.0522646673179227,0,0,0,2662,non-mge
1384,831048,831125,78,non-cds,non-cds,contig_1,.,2836,2836,2836,0,2836,2836,2836,0.0785833664171198,0,0.00245951045171497,0.011366804687783,0,0,0,93,non-mge
1385,831126,831392,267,Cytosolic protein,PANCAC_00790,contig_1,-,2836,2835,2835.9138576779,0.281100994558817,2836,2836,2836,0.29997524778915,0,0.00477534798811533,0.0320218535179761,0,0,0,922,non-mge
1386,831393,831489,97,non-cds,non-cds,contig_1,.,2836,2835,2835.58762886598,0.494818513017391,2836,2835,2836,0.591221158603814,0,0.00807747357265223,0.0626774711106747,0,0,0,2179,non-mge
1387,831490,831924,435,DUF86 domain-containing protein,PANCAC_00791,contig_1,+,2836,2833,2835.2,1.0983859125568,2836,2834,2836,0.686447641628883,0,0.00640881444657692,0.0522905351975831,0,0,0,5665,non-mge
1388,831924,832703,780,Acid sugar phosphatase,PANCAC_00792,contig_1,+,2836,2836,2836,0,2836,2836,2836,0.915253204243381,0,0.00774699307177445,0.0547962907899133,0,0,0,5962,non-mge
1389,832704,832735,32,non-cds,non-cds,contig_1,.,2836,2836,2836,0,2836,2836,2836,0.530667280718606,0,0.0167653696967325,0.0937820404309003,0,0,0,634,non-mge
1390,832736,833695,960,Glyoxylate reductase,PANCAC_00793,contig_1,+,2836,2827,2835.71770833333,0.752125218601285,2836,2836,2836,0.690229141450825,0,0.0120303598202897,0.0714653367694845,0,0,0,14365,non-mge
1391,833696,834106,411,non-cds,non-cds,contig_1,.,2834,2822,2828.96107055961,3.48843983890268,2829,2826,2833,0.632937332850043,0,0.0098392001550448,0.0588922520084697,0,0,0,3880,non-mge
1392,834107,834259,153,Teichoic acid D-Ala incorporation-associated protein DltX,PANCAC_00794,contig_1,+,2836,2833,2835,0.917662935482247,2835,2834,2836,0.156150350506048,0,0.00254348667362832,0.0155922064549631,0,0,0,218,non-mge
1393,834260,834274,15,non-cds,non-cds,contig_1,.,2836,2836,2836,0,2836,2836,2836,0,0,0,0,0,0,0,0,non-mge
1394,834275,835732,1458,D-alanine--poly(phosphoribitol) ligase subunit DltA,PANCAC_00795,contig_1,+,2836,2835,2835.97873799726,0.144305969064296,2836,2836,2836,0.693147180559945,0,0.00629620576429309,0.0505677388542059,0,0,0,10723,non-mge
1395,835729,836943,1215,PG:teichoic acid D-alanyltransferase DltB,PANCAC_00796,contig_1,+,2836,2827,2834.84691358025,1.82051414925812,2835,2834,2836,0.68667031021538,0,0.00443701215547776,0.0401661266555657,0,0,0,5400,non-mge
1396,836944,836960,17,non-cds,non-cds,contig_1,.,2835,2835,2835,0,2835,2835,2835,0,0,0,0,0,0,0,0,non-mge
1397,836961,837197,237,D-alanine--poly(phosphoribitol) ligase subunit 2,PANCAC_00797,contig_1,+,2836,2835,2835.96624472574,0.180980823568705,2836,2836,2836,0.237426899863485,0,0.00198510621080533,0.0172990434220634,0,0,0,300,non-mge
1398,837194,838369,1176,D-alanyl-lipoteichoic acid biosynthesis protein DltD,PANCAC_00798,contig_1,+,2836,2831,2835.8137755102,0.558277622338559,2836,2836,2836,0.819844877865206,0,0.0050107806930482,0.0442404863367493,0,0,0,5715,non-mge
1399,838370,838631,262,non-cds,non-cds,contig_1,.,2836,2832,2835.60305343511,1.0146768869316,2836,2836,2836,0.427462227311755,0,0.00479727039354434,0.0349059003585532,0,0,0,983,non-mge
1400,838632,838874,243,NIF system FeS cluster assembly NifU C-terminal domain-containing protein,PANCAC_00799,contig_1,-,2836,2836,2836,0,2836,2836,2836,0.689936695547886,0,0.00619739655762618,0.0552932261892526,0,0,0,1933,non-mge
1401,838875,838974,100,non-cds,non-cds,contig_1,.,2836,2830,2832.65,2.47563888295282,2833,2830,2835.25,0.530422855753129,0,0.00926316142631667,0.05816688500832,0,0,0,883,non-mge
1402,838975,839298,324,Disulfide oxidoreductase,PANCAC_00800,contig_1,+,2833,2818,2829.35185185185,4.90652212960716,2832,2828,2832,0.596063778528226,0,0.00542421780479956,0.0473712972528277,0,0,0,3054,non-mge
1403,839299,839356,58,non-cds,non-cds,contig_1,.,2836,2830,2830.96551724138,1.22782816732206,2831,2830,2831,0.610788576102328,0,0.0118876509901164,0.0806834048883106,0,0,0,891,non-mge
1404,839357,840421,1065,Type II NADH:quinone oxidoreductase,PANCAC_00801,contig_1,-,2836,2835,2835.88262910798,0.32201293361461,2836,2836,2836,0.685464234169813,0,0.00905314600948076,0.0675182740896847,0,0,0,16779,non-mge
1405,840422,840737,316,non-cds,non-cds,contig_1,.,2836,2834,2835.64240506329,0.493100885237393,2836,2835,2836,0.622356936241647,0,0.0068189927947262,0.0544741088083655,0,0,0,2374,non-mge
1406,840738,840974,237,UPF0349 protein SACOL0942,PANCAC_00802,contig_1,+,2836,2829,2834.76793248945,2.11955812364059,2836,2833,2836,0.57110101516952,0,0.00290157569339902,0.0371709891675228,0,0,0,776,non-mge
1407,840975,840986,12,non-cds,non-cds,contig_1,.,2833,2830,2832.25,1.13818036595899,2833,2831,2833,0,0,0,0,0,0,0,0,non-mge
1408,840987,841346,360,FeS cluster biogenesis domain-containing protein,PANCAC_00803,contig_1,+,2835,2833,2834.90555555556,0.390660068837463,2835,2835,2835,0.692220525178729,0,0.0106689874439218,0.073007764702292,0,0,0,10051,non-mge
1409,841347,841799,453,non-cds,non-cds,contig_1,.,2836,2834,2835.28697571744,0.649528686738144,2835,2835,2836,0.599452264909367,0,0.0100507070375959,0.0647014165592577,0,0,0,4814,non-mge
1410,841800,843008,1209,Type II NADH:quinone oxidoreductase,PANCAC_00804,contig_1,+,2836,2835,2835.96443341605,0.185283559512143,2836,2836,2836,0.662816279160253,0,0.00317142964333593,0.0331598637285672,0,0,0,3659,non-mge
1411,843009,843138,130,non-cds,non-cds,contig_1,.,2836,2835,2835.78461538462,0.412679190764643,2836,2836,2836,0.0437154563826568,0,0.000666985853840793,0.00444431007054349,0,0,0,38,non-mge
1412,843139,844614,1476,Leucyl aminopeptidase family protein,PANCAC_00805,contig_1,+,2836,2835,2835.96544715447,0.182706219459507,2836,2836,2836,0.685993257230323,0,0.00881992657824293,0.0624214893507312,0,0,0,17028,non-mge
1413,844615,845024,410,non-cds,non-cds,contig_1,.,2836,2831,2834.40487804878,1.3638632063837,2835,2833,2835,0.693147180559945,0,0.015812867551471,0.0855595674534042,0,0,0,8418,non-mge
1414,845025,846341,1317,Na+/H+ antiporter family protein,PANCAC_00806,contig_1,+,2836,2830,2834.93697798026,1.46638348535112,2835,2834,2836,0.934481552467599,0,0.00923694414621314,0.0653461659810845,0,0,0,18814,non-mge
1415,846342,846359,18,non-cds,non-cds,contig_1,.,2835,2832,2832.38888888889,0.849836585598797,2832,2832,2832,0,0,0,0,0,0,0,0,non-mge
1416,846360,846734,375,ComA operon protein 2,PANCAC_00807,contig_1,+,2836,2835,2835.60533333333,0.489431989161171,2836,2835,2836,0.693147180559945,0,0.0100794170800354,0.0685142787724391,0,0,0,4889,non-mge
1417,846735,846789,55,non-cds,non-cds,contig_1,.,2836,2836,2836,0,2836,2836,2836,0.42866932563567,0,0.00847920928219592,0.0578020516281142,0,0,0,450,non-mge
1418,846790,847944,1155,FAD/NAD(P)-binding domain-containing protein,PANCAC_00808,contig_1,-,2836,2835,2835.96796536797,0.176168342109059,2836,2836,2836,0.691946788644907,0,0.0100991692016441,0.0661344695138538,0,0,0,15557,non-mge
1419,847945,848192,248,non-cds,non-cds,contig_1,.,2836,2831,2834.38306451613,1.7362634631975,2835,2835,2835,0.520438490635965,0,0.00434827077311448,0.0375874043305457,0,0,0,960,non-mge
1420,848193,848549,357,Na+/H+ antiporter Mnh1 subunit G,PANCAC_00809,contig_1,-,2836,2831,2835.49579831933,1.21697231773447,2836,2836,2836,0.773750373023428,0,0.00877125475896165,0.0710434034205396,0,0,0,3452,non-mge
1421,848527,848820,294,Na+/H+ antiporter Mnh1 subunit F,PANCAC_00810,contig_1,-,2836,2835,2835.81972789116,0.385069375564437,2836,2836,2836,0.671480710054397,0,0.00593400055694977,0.0522256080164397,0,0,0,2685,non-mge
1422,848820,849299,480,Na+/H+ antiporter Mnh1 subunit E,PANCAC_00811,contig_1,-,2836,2835,2835.95416666667,0.209341679465195,2836,2836,2836,0.68667031021538,0,0.00870224841208072,0.0638809966624566,0,0,0,5634,non-mge
1423,849300,849300,1,non-cds,non-cds,contig_1,.,2836,2836,2836,NA,2836,2836,2836,0,0,0,NA,0,0,0,0,non-mge
1424,849301,850797,1497,Na+/H+ antiporter Mnh1 subunit D,PANCAC_00812,contig_1,-,2836,2820,2834.44555778223,2.9892647674248,2836,2834,2836,0.693147180559945,0,0.00841756664093244,0.0569228957242045,0,0,0,14649,non-mge
1425,850790,851131,342,Na+/H+ antiporter Mnh1 subunit C,PANCAC_00813,contig_1,-,2836,2833,2835.33333333333,1.03033178040504,2836,2835,2836,0.579308104717724,0,0.00959439871488872,0.0629825667763263,0,0,0,3384,non-mge
1426,851131,851559,429,Na+/H+ antiporter Mnh1 subunit B,PANCAC_00814,contig_1,-,2836,2836,2836,0,2836,2836,2836,0.29997524778915,0,0.00324984614388313,0.0250020140609511,0,0,0,964,non-mge
1427,851552,853957,2406,Na+/H+ antiporter Mnh1 subunit A,PANCAC_00815,contig_1,-,2836,2832,2835.60266001663,0.798684723325697,2836,2836,2836,0.806351693815821,0,0.00582922399562819,0.0469472956322174,0,0,0,14815,non-mge
1428,853958,854087,130,non-cds,non-cds,contig_1,.,2836,2833,2835.16153846154,1.18651235487739,2836,2835,2836,0.0771290135754009,0,0.00102491423287278,0.00697328512975165,0,0,0,62,non-mge
1429,854088,854471,384,Kinase associated B family protein,PANCAC_00816,contig_1,-,2836,2832,2835.92708333333,0.37534434436852,2836,2836,2836,0.685731021845731,0,0.00718313772603938,0.0566217304917003,0,0,0,3263,non-mge
1430,854472,854534,63,non-cds,non-cds,contig_1,.,2832,2830,2831.11111111111,0.698179917451524,2831,2831,2832,0,0,0,0,0,0,0,0,non-mge
1431,854535,855128,594,Putative peptidyl-prolyl cis-trans isomerase,PANCAC_00817,contig_1,+,2836,2832,2835.89393939394,0.603975282065422,2836,2836,2836,0.693147180559945,0,0.0097923386134726,0.0753079164557659,0,0,0,10562,non-mge
1432,855129,855543,415,non-cds,non-cds,contig_1,.,2836,2834,2834.69879518072,0.571778726479058,2835,2834,2835,0.670541252667001,0,0.0158252458164297,0.088773466197793,0,0,0,12561,non-mge
1433,855544,855921,378,S1 domain-containing post-transcriptional regulator Ygs,PANCAC_00818,contig_1,+,2836,2835,2835.72486772487,0.447172796923446,2836,2835,2836,0.622719345041354,0,0.00370047043761456,0.0427717517831336,0,0,0,1629,non-mge
1434,855922,856282,361,non-cds,non-cds,contig_1,.,2836,2822,2833.54847645429,3.75255530052148,2835,2834,2835,0.688254198231216,0,0.00891862365554218,0.0605486507999693,0,0,0,3606,non-mge
1435,856283,857410,1128,Putative NADH-dependent flavin oxidoreductase YqiG,PANCAC_00819,contig_1,+,2836,2835,2835.95124113475,0.215459028794431,2836,2836,2836,0.692769095635605,0,0.0111606811258748,0.0700211751864693,0,0,0,14597,non-mge
1436,857411,857717,307,non-cds,non-cds,contig_1,.,2835,2826,2831.18892508143,2.6315347203799,2831,2829,2833,0.362821827294065,0,0.0046696061711208,0.0303736365577551,0,0,0,999,non-mge
1437,857718,858908,1191,ornithine--oxo-acid transaminase,PANCAC_00820,contig_1,+,2836,2833,2835.83543240974,0.515103605723546,2836,2836,2836,1.02243218482386,0,0.00767113903578392,0.0600005951989918,0,0,0,13880,non-mge
1438,858909,859016,108,non-cds,non-cds,contig_1,.,2836,2835,2835.84259259259,0.365882291399257,2836,2836,2836,0.0785833664171198,0,0.00125308917122601,0.00792722188446249,0,0,0,64,non-mge
1439,859017,860261,1245,NAD-specific glutamate dehydrogenase,PANCAC_00821,contig_1,+,2836,2835,2835.94859437751,0.220912387808681,2836,2836,2836,0.686504078692568,0,0.00530855171424159,0.0459669378175416,0,0,0,8138,non-mge
1440,860262,860763,502,non-cds,non-cds,contig_1,.,2836,933,2313.03386454183,603.157216315463,2538,1632.75,2828,0.610788576102328,0,0.00714600957650464,0.0530896252749695,0,0,0,3444,52
1441,860764,861693,930,GP-PDE domain-containing protein,PANCAC_00823,contig_1,-,2836,2828,2835.19677419355,1.78348792972035,2836,2836,2836,0.690357668224152,0,0.00837864975320201,0.0549480626791499,0,0,0,7846,non-mge
1442,861694,861934,241,non-cds,non-cds,contig_1,.,2836,2835,2835.65145228216,0.47750214528857,2836,2835,2836,0.826192495997254,0,0.0120223208026033,0.0789777395513713,0,0,0,4233,non-mge
1443,861935,863314,1380,argininosuccinate lyase,PANCAC_00824,contig_1,-,2836,2834,2835.92536231884,0.324615373274353,2836,2836,2836,0.689995855280962,0,0.00743847460546546,0.0562493690313108,0,0,0,12390,non-mge
1444,863304,864509,1206,argininosuccinate synthase,PANCAC_00825,contig_1,-,2836,2832,2835.24129353234,1.33475208884029,2836,2835,2836,0.758261426638036,0,0.0110049069947137,0.0753296617009562,0,0,0,16291,non-mge
1445,864510,864859,350,non-cds,non-cds,contig_1,.,2836,2831,2834.94,1.24819640655667,2835,2835,2836,0.656814499939832,0,0.00806733919276778,0.0567201118638705,0,0,0,2956,non-mge
1446,864860,866191,1332,glucose-6-phosphate isomerase,PANCAC_00826,contig_1,+,2836,2832,2835.67342342342,0.765983793197947,2836,2836,2836,0.68731503771216,0,0.00682073670717541,0.0547539439878704,0,0,0,14699,non-mge
1447,866192,866515,324,non-cds,non-cds,contig_1,.,2836,2321,2622.43518518519,251.581706249005,2832,2322,2834,0.690920925712917,0,0.0105001350243529,0.0813206317619759,0,0,0,5351,non-mge
1448,866516,867091,576,Putative undecaprenyl phosphate transporter SAOUHSC_00901,PANCAC_00827,contig_1,+,2836,2830,2835.02430555556,1.72029306008028,2836,2834,2836,0.693139773832989,0,0.0092949221266324,0.0682332866211885,0,0,0,7887,non-mge
1449,867092,867095,4,non-cds,non-cds,contig_1,.,2836,2836,2836,0,2836,2836,2836,0,0,0,0,0,0,0,0,non-mge
1450,867096,867620,525,signal peptidase I,PANCAC_00828,contig_1,+,2836,2825,2834.93333333333,2.68678795526172,2836,2836,2836,0.527755344861247,0,0.00447020623248036,0.0369161334394222,0,0,0,2000,non-mge
1451,867621,867635,15,non-cds,non-cds,contig_1,.,2836,2836,2836,0,2836,2836,2836,0,0,0,0,0,0,0,0,non-mge
1452,867636,868211,576,signal peptidase I,PANCAC_00829,contig_1,+,2836,2832,2835.68229166667,0.790002063838801,2836,2836,2836,0.691788432882637,0,0.0111903593798408,0.0749694564877154,0,0,0,13087,non-mge
1453,868212,868370,159,non-cds,non-cds,contig_1,.,2836,2835,2835.8679245283,0.33964254380026,2836,2836,2836,0.364696075883496,0,0.00504116672319397,0.0327002590706141,0,0,0,578,non-mge
1454,868371,871847,3477,helicase-exonuclease AddAB subunit AddB,PANCAC_00830,contig_1,+,2836,2833,2835.89329882082,0.394661536001654,2836,2836,2836,0.976538961500091,0,0.009749497597288,0.0662364702868793,0,0,0,41510,non-mge
1455,871848,875501,3654,helicase-exonuclease AddAB subunit AddA,PANCAC_00831,contig_1,+,2836,2834,2835.84373289546,0.397697824514871,2836,2836,2836,0.791697224282114,0,0.0104249811185454,0.067838389884455,0,0,0,47860,non-mge
1456,875502,875666,165,non-cds,non-cds,contig_1,.,2836,2835,2835.93939393939,0.239332651879613,2836,2836,2836,0.535471443653983,0,0.00617379385457763,0.0533794128147477,0,0,0,1102,non-mge
1457,875667,876569,903,Uncharacterized protein SAS0838,PANCAC_00832,contig_1,+,2836,2835,2835.9634551495,0.187745463668525,2836,2836,2836,0.668384078935174,0,0.00486948590460141,0.0466367925998841,0,0,0,6197,non-mge
1458,876570,876897,328,non-cds,non-cds,contig_1,.,2836,2586,2814.32926829268,67.1583650106245,2835,2833,2836,0.663871288920967,0,0.00574182655512783,0.0484344569518986,0,0,0,2051,non-mge
1459,876898,877287,390,UPF0344 protein MW0851,PANCAC_00833,contig_1,+,2836,2820,2834.34615384615,2.93821082556169,2836,2834,2836,0.65489511509674,0,0.0053984319721694,0.0450922644225848,0,0,0,2154,non-mge
1460,877288,877457,170,non-cds,non-cds,contig_1,.,2828,1273,2689.84705882353,383.673138312163,2824,2818,2827,0.324779968027304,0,0.00608397580646994,0.0344205716261311,0,0,0,566,non-mge
1461,877458,878774,1317,CoA-disulfide reductase,PANCAC_00834,contig_1,-,2833,2828,2831.46697038724,1.54904942217616,2832,2830,2833,0.692742137495133,0,0.0120095817022848,0.0738310284641244,0,0,0,21267,non-mge
1462,878775,878825,51,non-cds,non-cds,contig_1,.,2833,2833,2833,0,2833,2833,2833,0.0194008289253519,0,0.000566279170527767,0.00279281560256284,0,0,0,11,non-mge
1463,878826,879650,825,Cof-type HAD-IIB family hydrolase,PANCAC_00835,contig_1,-,2833,2830,2832.82181818182,0.413379501829854,2833,2833,2833,0.685402541283742,0,0.00564534978274291,0.0497265401927134,0,0,0,5321,non-mge
1464,879651,879763,113,non-cds,non-cds,contig_1,.,2833,2828,2830.93805309735,2.03225414011453,2832,2829,2833,0.528352336997652,0,0.00480684136853812,0.0496975866191015,0,0,0,630,non-mge
1465,879764,880072,309,Fe-S protein maturation auxiliary factor SufT,PANCAC_00836,contig_1,+,2833,2833,2833,0,2833,2833,2833,0.550075895673027,0,0.00462377961918828,0.0457006550555019,0,0,0,3078,non-mge
1466,880073,880618,546,non-cds,non-cds,contig_1,.,2833,2699,2824.77106227106,11.6539069153844,2828,2825,2831,0.680712669391069,0,0.0109831725319351,0.0612955107412418,0,0,0,5788,non-mge
1467,880619,882433,1815,Putative O-acetyltransferase MW0856,PANCAC_00837,contig_1,+,2833,2814,2831.72892561983,2.99104059108323,2833,2832,2833,0.691436482773085,0,0.00796696826612642,0.0586448143679999,0,0,0,21666,non-mge
1468,882434,882635,202,non-cds,non-cds,contig_1,.,2832,2825,2829.80693069307,1.72985246118309,2830,2829,2831,0.184324566915548,0,0.00381482105953264,0.0196287784286306,0,0,0,430,non-mge
1469,882636,885245,2610,ATP-dependent chaperone ClpB,PANCAC_00838,contig_1,+,2833,2828,2832.75823754789,0.683947208563136,2833,2833,2833,0.69203887969249,0,0.00564160105127072,0.0482618447832228,0,0,0,18902,non-mge
1470,885246,885303,58,non-cds,non-cds,contig_1,.,2833,2829,2830.84482758621,1.2110851178734,2830,2830,2832,0.0742557575027493,0,0.00229081808205477,0.0103960466120475,0,0,0,62,non-mge
1471,885304,886173,870,HTH lysR-type domain-containing protein,PANCAC_00839,contig_1,-,2833,2802,2830.13793103448,6.64533444023896,2833,2830,2833,0.644233348712348,0,0.00663010396181564,0.0495121857993925,0,0,0,6630,non-mge
1472,886174,886282,109,non-cds,non-cds,contig_1,.,2833,2012,2697.4495412844,305.963822789998,2833,2833,2833,0.587321785702849,0,0.0121862328087188,0.0679278644352664,0,0,0,1228,non-mge
1473,886283,887428,1146,2-isopropylmalate synthase,PANCAC_00840,contig_1,+,2019,2007,2013.45113438045,2.98024991263341,2013,2012,2015,0.616158757459354,0,0.00655954584742345,0.0475342987213782,0,0,0,5883,non-mge
1474,887412,888053,642,L-threonylcarbamoyladenylate synthase,PANCAC_00841,contig_1,+,2017,2002,2010.70093457944,4.50352253173462,2009,2007,2017,0.662038605553171,0,0.00571597060838063,0.0525094646136184,0,0,0,3091,non-mge
1475,888046,889164,1119,MFS transporter,PANCAC_00842,contig_1,+,2817,1578,2011.85522788204,162.076718695861,2007,2000,2010,0.667703425520396,0,0.00541430854384303,0.045337889600836,0,0,0,4315,non-mge
1476,889148,889663,516,YbhB/YbcL family Raf kinase inhibitor-like protein,PANCAC_00843,contig_1,+,2823,2799,2820.76937984496,3.27317909107243,2822,2821,2822,0.688809371152165,0,0.0104823868253699,0.0735915433965862,0,0,0,7287,non-mge
1477,889664,889973,310,non-cds,non-cds,contig_1,.,2835,1622,2630.67741935484,323.038886424198,2788,2624.75,2814,0.619827472009528,0,0.0132683074869319,0.0663408162982728,0,0,0,6371,non-mge
1478,889974,890408,435,Cell surface like-protein Map-w,PANCAC_00844,contig_1,+,2836,2833,2835.18620689655,0.811662175445611,2835,2835,2836,0.59935997251929,0,0.00766892792335453,0.0536925909939794,0,0,0,3284,non-mge
1479,890409,890664,256,non-cds,non-cds,contig_1,.,2836,2835,2835.8046875,0.397217651603121,2836,2836,2836,0.543567995005021,0,0.00659401828790516,0.0508901651662692,0,0,0,3252,non-mge
1480,890665,890850,186,DUF2929 domain-containing protein,PANCAC_00845,contig_1,-,2836,2835,2835.78494623656,0.411968573075637,2836,2836,2836,0.29997524778915,0,0.00689007522328609,0.0381059927982502,0,0,0,922,non-mge
1481,890851,891144,294,non-cds,non-cds,contig_1,.,2836,2834,2835.31632653061,0.948470355826029,2836,2834,2836,0.600322199313472,0,0.0066124524149261,0.0558363298296606,0,0,0,2224,non-mge
1482,891145,892086,942,Beta-ketoacyl-[acyl-carrier-protein] synthase III,PANCAC_00846,contig_1,+,2836,2835,2835.96072186836,0.194359104106572,2836,2836,2836,0.69314393265925,0,0.00638384816364142,0.0566485907955752,0,0,0,15040,non-mge
1483,892087,892097,11,non-cds,non-cds,contig_1,.,2836,2836,2836,0,2836,2836,2836,0,0,0,0,0,0,0,0,non-mge
1484,892098,893342,1245,beta-ketoacyl-ACP synthase II,PANCAC_00847,contig_1,+,2836,2835,2835.96465863454,0.184715345269084,2836,2836,2836,0.937726285621857,0,0.007611796562195,0.0622187872528197,0,0,0,15056,non-mge
1485,893343,893396,54,non-cds,non-cds,contig_1,.,2836,2834,2835.16666666667,0.946692355041668,2836,2834,2836,0.640446073929831,0,0.033591114674237,0.139613417637436,0,0,0,3485,non-mge
1486,893397,893768,372,DUF3899 domain-containing protein,PANCAC_00848,contig_1,-,2836,2815,2831.64784946237,6.04717935173484,2834.5,2829,2836,0.661266195673665,0,0.00697028398994464,0.0599693903696457,0,0,0,3016,non-mge
1487,893769,894010,242,non-cds,non-cds,contig_1,.,2831,2672,2781.54545454545,54.5398708320202,2822,2727,2830,0.666643554038705,0,0.0125385841319739,0.0780436325646441,0,0,0,4068,non-mge
1488,894011,894937,927,oligopeptide ABC transporter permease,PANCAC_00849,contig_1,+,2836,2250,2799.45631067961,117.62078016743,2836,2836,2836,0.689187445296075,0,0.00930548780392398,0.0610470889441378,0,0,0,9194,non-mge
1489,894937,896007,1071,oligopeptide ABC transporter permease,PANCAC_00850,contig_1,+,2836,2835,2835.9766573296,0.151059910254,2836,2836,2836,0.787362826516967,0,0.0057736036491036,0.0509694010316834,0,0,0,9789,non-mge
1490,896008,896023,16,non-cds,non-cds,contig_1,.,2836,2836,2836,0,2836,2836,2836,0,0,0,0,0,0,0,0,non-mge
1491,896024,897106,1083,ABC transporter domain-containing protein,PANCAC_00851,contig_1,+,2836,2835,2835.91412742382,0.280305237664276,2836,2836,2836,0.692981497951276,0,0.00696339218072383,0.0540302358616959,0,0,0,9443,non-mge
1492,897096,898037,942,Oligopeptide transport ATP-binding protein oppF,PANCAC_00852,contig_1,+,2836,2834,2835.91082802548,0.296112886931191,2836,2836,2836,0.691535457856555,0,0.00555189935786254,0.0477766991658974,0,0,0,5777,non-mge
1493,898038,898055,18,non-cds,non-cds,contig_1,.,2836,2836,2836,0,2836,2836,2836,0.209032825976401,0,0.0191113817963639,0.0558558292687275,0,0,0,233,non-mge
1494,898056,899711,1656,Oligopeptide ABC transporter%2C periplasmic oligopeptide-binding protein oppA,PANCAC_00853,contig_1,+,2836,2829,2834.52053140097,1.47840485858969,2835,2834,2835,0.693147180559945,0,0.0113012635957955,0.0713973932558316,0,0,0,23568,non-mge
1495,899712,899922,211,non-cds,non-cds,contig_1,.,2829,2054,2320.17535545024,366.397289654201,2057,2056,2829,0.540770105903035,0,0.0115726829709024,0.0670201802657098,0,0,0,1826,non-mge
1496,899923,901638,1716,oligopeptide ABC transporter substrate-binding protein,PANCAC_00854,contig_1,+,2066,2015,2060.99067599068,2.50688274897614,2061,2059,2062,0.650255187634596,0,0.00984694625694629,0.0640553326313172,0,0,0,13730,non-mge
1497,901639,901688,50,non-cds,non-cds,contig_1,.,2066,2064,2065.06,0.766918030369688,2065,2064.25,2066,0.0779645044049315,0,0.00189390573409123,0.0110371356200968,0,0,0,35,non-mge
1498,901689,902675,987,Oligopeptide ABC transporter (ATP-binding protein),PANCAC_00855,contig_1,+,2065,2051,2060.726443769,3.45884816762499,2061,2059,2063,0.611623196621763,0,0.00973690956829864,0.0630045968554404,0,0,0,8123,non-mge
1499,902676,902677,2,non-cds,non-cds,contig_1,.,2053,2053,2053,0,2053,2053,2053,0,0,0,0,0,0,0,0,non-mge
1500,902678,903658,981,Dipeptide ABC transporter ATP-binding protein,PANCAC_00856,contig_1,+,2066,2053,2061.09785932722,2.89097919725592,2061,2060,2062,0.661622040504813,0,0.00707289886669778,0.0542894908530863,0,0,0,5357,non-mge
1501,903651,904613,963,oligopeptide ABC transporter permease,PANCAC_00857,contig_1,+,2063,1808,1980.42990654206,114.805829110757,2052,1812,2061,0.692375477232833,0,0.0114123118462472,0.0781418741627401,0,0,0,11297,53
1502,904614,904624,11,non-cds,non-cds,contig_1,.,2060,2058,2058.54545454545,0.687551650952329,2058,2058,2059,0.678512047872506,0,0.0620640975989189,0.204456525025333,0,0,0,852,non-mge
1503,904625,905506,882,oligopeptide ABC transporter permease,PANCAC_00858,contig_1,+,2066,2054,2061.20181405896,3.00776088416762,2062,2060,2063,0.715136336127472,0,0.00630710405982952,0.0503787643314453,0,0,0,5414,non-mge
1504,905507,905547,41,non-cds,non-cds,contig_1,.,2835,1759,2024.41463414634,344.656784033751,2007,1759,2149,0.114923648066709,0,0.00348639859969324,0.0181348242911862,0,0,0,51,non-mge
1505,905548,906537,990,tryptophan--tRNA ligase,PANCAC_00859,contig_1,-,2836,2835,2835.9505050505,0.217008681674002,2836,2836,2836,0.610848640378911,0,0.00768931697562688,0.055872059825925,0,0,0,9238,non-mge
1506,906538,906831,294,non-cds,non-cds,contig_1,.,2836,2832,2834.40476190476,1.00990543492239,2835,2834,2835,0.597278913349533,0,0.00286774092237987,0.0354356193258541,0,0,0,922,non-mge
1507,906832,907227,396,transcriptional regulator SpxA,PANCAC_00860,contig_1,+,2835,2833,2834.7601010101,0.513635826167751,2835,2835,2835,0.0873217503063055,0,0.000583148282402165,0.00529077339122847,0,0,0,108,non-mge
1508,907228,907597,370,non-cds,non-cds,contig_1,.,2833,2663,2815.59189189189,42.6744586277937,2831,2821,2832,0.684652973750731,0,0.00562179673971956,0.046834691710117,0,0,0,2277,non-mge
1509,907598,908317,720,adaptor protein MecA,PANCAC_00861,contig_1,+,2836,2831,2834.00833333333,1.6736317143978,2833,2833,2836,0.735070496690549,0,0.00750087624907769,0.061655293800855,0,0,0,8423,non-mge
1510,908318,908437,120,non-cds,non-cds,contig_1,.,2836,2836,2836,0,2836,2836,2836,0.220027525252233,0,0.00255245371932835,0.0211396380018916,0,0,0,207,non-mge
1511,908438,909424,987,Competence protein CoiA,PANCAC_00862,contig_1,+,2836,2832,2835.38399189463,1.06458148788909,2836,2835,2836,0.693147180559945,0,0.0109555759503123,0.0704574642189042,0,0,0,12982,non-mge
1512,909425,909471,47,non-cds,non-cds,contig_1,.,2836,2835,2835.91489361702,0.282056672846969,2836,2836,2836,0.00830757571750994,0,0.00024392358428248,0.0012869323794837,0,0,0,4,non-mge
1513,909472,911280,1809,oligoendopeptidase F,PANCAC_00863,contig_1,+,2836,2827,2834.67440574903,2.15536285600102,2836,2834,2836,0.844574535026756,0,0.00721712008277635,0.0575436496950517,0,0,0,17474,non-mge
1514,911281,911739,459,non-cds,non-cds,contig_1,.,2836,2831,2834.82788671024,1.52947964016203,2835,2835,2836,0.662348997991107,0,0.0128983887043685,0.0739376244150606,0,0,0,6646,non-mge
1515,911740,912546,807,protease adaptor protein YjbH,PANCAC_00866,contig_1,-,2836,2828,2835.27633209418,1.83208851215645,2836,2836,2836,0.661198016256736,0,0.00682212136610034,0.0500046986925161,0,0,0,7227,non-mge
1516,912547,912568,22,non-cds,non-cds,contig_1,.,2836,2836,2836,0,2836,2836,2836,0,0,0,0,0,0,0,0,non-mge
1517,912569,912934,366,truncated hemoglobin YjbI,PANCAC_00867,contig_1,-,2836,2834,2835.69945355191,0.655722733566647,2836,2836,2836,0.684824014863611,0,0.00684635376370562,0.0534960287596157,0,0,0,3281,non-mge
1518,912935,913037,103,non-cds,non-cds,contig_1,.,2835,2832,2834.2427184466,0.944187786837581,2835,2833,2835,0.568364794272842,0,0.0114030837051257,0.0670321761031342,0,0,0,1184,non-mge
1519,913038,913631,594,CYTH domain-containing protein,PANCAC_00868,contig_1,-,2836,2828,2834.74747474747,1.69719598733578,2835,2834,2836,0.932995876636662,0,0.0114938994036324,0.076612043585388,0,0,0,9612,non-mge
1520,913632,913816,185,non-cds,non-cds,contig_1,.,2833,2828,2830.95135135135,1.3199188095958,2831,2831,2832,0.44158466351616,0,0.00421045139082063,0.0367632061167972,0,0,0,675,non-mge
1521,913817,914164,348,UPF0738 protein SAS0874,PANCAC_00869,contig_1,+,2836,2831,2834.19540229885,1.99474283383496,2835,2832,2836,0.66949164291861,0,0.00706465422661574,0.0537949768219912,0,0,0,2677,non-mge
1522,914165,914180,16,non-cds,non-cds,contig_1,.,2836,2836,2836,0,2836,2836,2836,0.265841853140109,0,0.0199870255808791,0.066293846954431,0,0,0,236,non-mge
1523,914181,914816,636,GTP pyrophosphokinase,PANCAC_00870,contig_1,+,2836,2835,2835.90094339623,0.298973134869413,2836,2836,2836,0.633949633019037,0,0.00488639471742082,0.0484893680116814,0,0,0,3674,non-mge
1524,914817,914832,16,non-cds,non-cds,contig_1,.,2836,2836,2836,0,2836,2836,2836,0.0129444149479594,0,0.000809025934247465,0.00323610373698986,0,0,0,5,non-mge
1525,914833,915642,810,NAD kinase,PANCAC_00871,contig_1,+,2836,2835,2835.98024691358,0.139236620048486,2836,2836,2836,0.693147180559945,0,0.00576292673035935,0.0490246823997334,0,0,0,7579,non-mge
1526,915639,916493,855,Ribosomal large subunit pseudouridine synthase D,PANCAC_00872,contig_1,+,2836,2828,2835.28888888889,1.47803767482494,2836,2835,2836,0.693147180559945,0,0.0130115434783858,0.0712557172722769,0,0,0,13362,non-mge
1527,916494,916513,20,non-cds,non-cds,contig_1,.,2836,2836,2836,0,2836,2836,2836,0.0172905196967579,0,0.000864525984837893,0.00386627774082496,0,0,0,7,non-mge
1528,916514,917899,1386,magnesium transporter,PANCAC_00873,contig_1,+,2836,2835,2835.95165945166,0.214562241373539,2836,2836,2836,0.693147180559945,0,0.00859893898715789,0.0664792148556614,0,0,0,19380,non-mge
1529,917900,917908,9,non-cds,non-cds,contig_1,.,2836,2836,2836,0,2836,2836,2836,0.00582454957683332,0,0.000647172175203702,0.00194151652561111,0,0,0,2,non-mge
1530,917909,919753,1845,Sodium:proton antiporter,PANCAC_00874,contig_1,+,2836,2830,2835.53224932249,1.13352845093734,2836,2836,2836,0.688068116471765,0,0.00762945998454696,0.0571644639971202,0,0,0,16099,non-mge
1531,919754,920030,277,non-cds,non-cds,contig_1,.,2836,2806,2829.49819494585,9.62508217496879,2835,2824,2835,0.688226003476061,0,0.0114657516686669,0.0715037509876801,0,0,0,3952,non-mge
1532,920031,920801,771,enoyl-ACP reductase FabI,PANCAC_00875,contig_1,+,2836,2835,2835.90531776913,0.292965573853087,2836,2836,2836,0.693147180559945,0,0.00911585211847966,0.0680864284158681,0,0,0,13190,non-mge
1533,920802,920995,194,non-cds,non-cds,contig_1,.,2836,2834,2835.30927835052,0.920248048812027,2836,2834,2836,0.776608248589934,0,0.0125338507603026,0.0813925478909195,0,0,0,2682,non-mge
1534,920996,922081,1086,AI-2E family transporter,PANCAC_00876,contig_1,-,2836,2830,2834.8241252302,1.23966991257231,2835,2834,2836,0.679458020064077,0,0.00439030156378285,0.041160901849533,0,0,0,5387,non-mge
1535,922082,922422,341,non-cds,non-cds,contig_1,.,2836,2834,2835.53958944282,0.716846735859031,2836,2835,2836,0.600960649699667,0,0.00672549470279497,0.0493378492744311,0,0,0,2217,non-mge
1536,922423,923991,1569,Alanine:cation symporter family protein,PANCAC_00877,contig_1,+,2836,2835,2835.81453154876,0.388801042229815,2836,2836,2836,0.691447035646121,0,0.00701041882246891,0.055134572539056,0,0,0,17021,non-mge
1537,923992,924132,141,non-cds,non-cds,contig_1,.,2835,2834,2834.47517730496,0.501163792496852,2834,2834,2835,0.529095461473912,0,0.00396008278934597,0.0446084477807866,0,0,0,641,non-mge
1538,924133,924891,759,Esterase family protein,PANCAC_00878,contig_1,+,2836,2451,2821.05138339921,72.4167340612254,2836,2835,2836,0.686437906628752,0,0.0093761590321717,0.0652777359170319,0,0,0,10593,non-mge
1539,924892,925084,193,non-cds,non-cds,contig_1,.,2836,2237,2698.26424870466,221.259198529548,2823,2539,2835,0.672159162436444,0,0.00787602435055118,0.0664355980815489,0,0,0,2025,non-mge
1540,925085,925594,510,Putative phosphoesterase SA0873,PANCAC_00879,contig_1,+,2836,2833,2835.92549019608,0.352283115992409,2836,2836,2836,0.691747554188111,0,0.00444045094776505,0.0443192778646771,0,0,0,2795,non-mge
1541,925595,925706,112,non-cds,non-cds,contig_1,.,2836,2827,2831.30357142857,2.51782576630048,2832,2830,2833,0.0829630065017483,0,0.000966954972207846,0.00793086727106867,0,0,0,55,non-mge
1542,925707,926897,1191,lipoteichoic acid biosynthesis MFS flippase LtaA,PANCAC_00880,contig_1,-,2836,2833,2835.74307304786,0.671997119244548,2836,2836,2836,1.02427035127027,0,0.00708057545989724,0.0572399140985344,0,0,0,12324,non-mge
1543,926875,928050,1176,diglucosyl diacylglycerol synthase,PANCAC_00881,contig_1,-,2836,2835,2835.89795918367,0.302830761023334,2836,2836,2836,0.693146454206542,0,0.00799543521454556,0.0643983568403595,0,0,0,12763,non-mge
1544,928051,928482,432,non-cds,non-cds,contig_1,.,2836,2807,2829.81481481481,7.66030313036981,2833,2828,2834,0.66544333238516,0,0.0051881949416114,0.0409175875198705,0,0,0,2142,non-mge
1545,928483,929964,1482,UDP-N-acetylmuramoyl-L-alanyl-D-glutamate--L-lysine ligase,PANCAC_00882,contig_1,+,2836,2835,2835.98380566802,0.126264932751205,2836,2836,2836,0.688988790400717,0,0.0092973291669851,0.0618526519819385,0,0,0,15335,non-mge
1546,929957,930208,252,YueH-like family protein,PANCAC_00883,contig_1,+,2836,2835,2835.89285714286,0.309910299688731,2836,2836,2836,0.667901561912501,0,0.013819875010595,0.087451884089221,0,0,0,4651,non-mge
1547,930208,931770,1563,peptide chain release factor 3,PANCAC_00884,contig_1,+,2836,2835,2835.87332053743,0.332720007417568,2836,2836,2836,0.680230125279848,0,0.00804956604496374,0.0592794552872042,0,0,0,15375,non-mge
1548,931771,932071,301,non-cds,non-cds,contig_1,.,2836,2835,2835.72425249169,0.447634362736044,2836,2835,2836,0.427462227311755,0,0.00651503944049898,0.0466290365688251,0,0,0,1745,non-mge
1549,932072,932875,804,TerC family protein,PANCAC_00885,contig_1,+,2836,2835,2835.92164179104,0.268901720962351,2836,2836,2836,0.685101432461432,0,0.00890585451654115,0.0608941834442004,0,0,0,7855,non-mge
1550,932876,933108,233,non-cds,non-cds,contig_1,.,2836,2826,2832.69527896996,3.09432517771824,2833,2832,2835,0.677644973838003,0,0.0117307652467018,0.077344513774825,0,0,0,3663,non-mge
1551,933109,935418,2310,Serine protease HtrA-like,PANCAC_00886,contig_1,+,2836,2830,2835.3380952381,1.17924663045461,2836,2835,2836,0.693147180559945,0,0.0118812635205552,0.0715862470133908,0,0,0,33711,non-mge
1552,935419,935434,16,non-cds,non-cds,contig_1,.,2836,2836,2836,0,2836,2836,2836,0,0,0,0,0,0,0,0,non-mge
1553,935435,936793,1359,K+-transporting ATPase,PANCAC_00887,contig_1,+,2836,2833,2835.52906548933,0.767818243505569,2836,2835,2836,0.67679221929978,0,0.00554890961124928,0.0486412044727996,0,0,0,9019,non-mge
1554,936794,936928,135,non-cds,non-cds,contig_1,.,2836,2835,2835.80740740741,0.395804419822077,2836,2836,2836,0.554643243811613,0,0.0134809797837095,0.0776372451518352,0,0,0,1965,non-mge
1555,936929,938443,1515,5'-Nucleotidase C-terminal domain-containing protein,PANCAC_00888,contig_1,+,2836,2834,2835.76171617162,0.522277515445468,2836,2836,2836,0.693147180559945,0,0.0117121719617697,0.0746956115877008,0,0,0,22349,non-mge
1556,938444,938929,486,non-cds,non-cds,contig_1,.,2836,2728,2812.54320987654,29.4969015529062,2830,2814,2833,0.692963257939902,0,0.00488036110682599,0.0461749447747579,0,0,0,3011,non-mge
1557,938930,939499,570,Competence protein ComK,PANCAC_00891,contig_1,-,2836,2827,2834.60701754386,2.36478705232736,2836,2833,2836,0.639335593181731,0,0.00514506996762675,0.0453601478094683,0,0,0,3044,non-mge
1558,939500,939708,209,non-cds,non-cds,contig_1,.,2836,2835,2835.88038277512,0.325292541252001,2836,2836,2836,0.524074244865571,0,0.00697985719621108,0.0440016610982341,0,0,0,2789,non-mge
1559,939709,939927,219,IDEAL domain-containing protein,PANCAC_00892,contig_1,+,2836,2835,2835.97260273973,0.163611988389461,2836,2836,2836,0.579308104717724,0,0.00476355861523491,0.0446123864397755,0,0,0,1093,non-mge
1560,939928,940007,80,non-cds,non-cds,contig_1,.,2836,2833,2834.175,1.24040622174218,2834,2833,2835,0.529784494490266,0,0.023346659162507,0.0927185060858711,0,0,0,1833,non-mge
1561,940008,940994,987,Lipoate--protein ligase 1,PANCAC_00893,contig_1,-,2836,2814,2834.68490374873,2.59954065724261,2835,2835,2836,0.781127877137398,0,0.00843282118157536,0.0619685399668149,0,0,0,11844,non-mge
1562,940995,941192,198,non-cds,non-cds,contig_1,.,2836,2802,2826.52525252525,12.4646451765596,2835,2814.5,2835,0.621720345618046,0,0.00865126580578891,0.0651451494266621,0,0,0,2075,non-mge
1563,941193,941369,177,DUF2187 domain-containing protein,PANCAC_00894,contig_1,+,2836,2836,2836,0,2836,2836,2836,0.00830757571750994,0,0.000267739761263708,0.00117225772753058,0,0,0,16,non-mge
1564,941370,941383,14,non-cds,non-cds,contig_1,.,2836,2836,2836,0,2836,2836,2836,0,0,0,0,0,0,0,0,non-mge
1565,941384,941986,603,CPBP family intramembrane metalloprotease,PANCAC_00895,contig_1,+,2836,2833,2834.92371475954,0.957997356527679,2835,2835,2836,0.654365998991441,0,0.00506659224706982,0.046890553985176,0,0,0,3430,non-mge
1566,941987,942286,300,non-cds,non-cds,contig_1,.,2836,2705,2820.07333333333,41.5483916864177,2835,2835,2836,0.65039548224633,0,0.0118691967409817,0.0732223991415219,0,0,0,3966,non-mge
1567,942287,942364,78,Holin-like toxin,PANCAC_00897,contig_1,+,2835,2831,2834.20512820513,0.77892657338584,2834,2834,2835,0.243258741644106,0,0.00368175992815342,0.0276318468425754,0,0,0,204,non-mge
1568,942365,943329,965,non-cds,non-cds,contig_1,.,2835,2774,2821.29637305699,21.4871677739953,2833,2825,2835,0.729676910478584,0,0.0120348545139918,0.0716286805212997,0,0,0,13261,non-mge
1569,943330,945294,1965,Bacteriocin-associated integral membrane family protein,PANCAC_00898,contig_1,+,2836,2791,2832.33078880407,7.72849447973512,2835,2833,2836,1.07022045584886,0,0.0127201794736455,0.0780257369326607,0,0,0,34690,non-mge
1570,945295,945296,2,non-cds,non-cds,contig_1,.,2829,2829,2829,0,2829,2829,2829,0,0,0,0,0,0,0,0,non-mge
1571,945297,945617,321,YxeA family protein,PANCAC_00899,contig_1,+,2835,2827,2833.50778816199,2.39154142865735,2834,2834,2835,0.595549223025082,0,0.0123747497257976,0.0733305340530566,0,0,0,4224,non-mge
1572,945614,946255,642,ABC transporter ATP-binding protein,PANCAC_00900,contig_1,+,2836,2801,2830.77570093458,7.92237111075369,2833,2832,2836,0.835967634206086,0,0.011653942590261,0.0769230398537817,0,0,0,11017,non-mge
1573,946256,946342,87,non-cds,non-cds,contig_1,.,2836,2836,2836,0,2836,2836,2836,0.693147180559945,0,0.0147671202980929,0.0931264357492074,0,0,0,2095,non-mge
1574,946343,946588,246,Membrane protein,PANCAC_00901,contig_1,-,2836,2835,2835.80081300813,0.400203200419507,2836,2836,2836,0.671778911039821,0,0.00773504875453345,0.060947748060107,0,0,0,2334,non-mge
1575,946589,946911,323,non-cds,non-cds,contig_1,.,2836,558,1485.17647058824,998.812261939113,967,633,2827,0.692942968094172,0,0.00755493084028732,0.0540608641614089,0,0,0,2610,54
1576,946912,947199,288,Phage protein,PANCAC_00902,contig_1,+,969,957,964.645833333333,3.36402105086488,965,963,967,0.583572522607271,0,0.00233038463573274,0.0344453486096473,0,0,0,272,54
1577,947200,947204,5,non-cds,non-cds,contig_1,.,967,967,967,0,967,967,967,0,0,0,0,0,0,0,0,54
1578,947205,947912,708,Putative glycosyl transferases,PANCAC_00903,contig_1,+,973,962,968.65395480226,2.8518881128861,969,967,971,0.644619109273244,0,0.0017471252643083,0.025955950573898,0,0,0,448,54
1579,947905,948687,783,Poly(ribitol-phosphate) alpha-N-acetylglucosaminyltransferase,PANCAC_00904,contig_1,+,2654,970,1396.58365261814,727.751412223495,974,972,2647,0.58133999697051,0,0.00357895823299174,0.0336937083424775,0,0,0,1677,54
1580,948688,948775,88,non-cds,non-cds,contig_1,.,2835,2611,2713.94318181818,103.986555049867,2653,2611,2834,0.682228470740038,0,0.0166917010480341,0.0965078576343378,0,0,0,3350,non-mge
1581,948776,949132,357,DoxX family protein,PANCAC_00905,contig_1,-,2836,2834,2835.68347338936,0.483527804404856,2836,2835,2836,0.619848943155048,0,0.0143927847540318,0.0779991050899218,0,0,0,5482,non-mge
1582,949133,949619,487,non-cds,non-cds,contig_1,.,2835,2798,2817.72895277207,11.60958006616,2821,2807.5,2826,0.691497320727509,0,0.0115145652120346,0.0646025429139515,0,0,0,5412,non-mge
1583,949620,950579,960,ABC transporter substrate-binding protein,PANCAC_00906,contig_1,+,2836,2834,2835.9,0.393375807018486,2836,2836,2836,0.67526584596075,0,0.0115969790997136,0.0662602737072127,0,0,0,11298,non-mge
1584,950580,950624,45,non-cds,non-cds,contig_1,.,2836,2834,2834.42222222222,0.722649446289293,2834,2834,2835,0.565035898715973,0,0.0130107829027021,0.0842017174537872,0,0,0,723,non-mge
1585,950625,950741,117,SAR1012 family small protein,PANCAC_00907,contig_1,-,2836,2832,2835.15384615385,1.55150307886047,2836,2835,2836,0.548119805964811,0,0.0048113310928397,0.0506683533767656,0,0,0,677,non-mge
1586,950742,950819,78,non-cds,non-cds,contig_1,.,2836,2830,2832.80769230769,2.12014268269968,2833,2831,2835,0.178706990977286,0,0.00424185866747094,0.0218575280234737,0,0,0,194,non-mge
1587,950820,951035,216,TM2 domain-containing protein,PANCAC_00908,contig_1,-,2836,2836,2836,0,2836,2836,2836,0.682440342765428,0,0.00930017890632297,0.0669564772867855,0,0,0,2495,non-mge
1588,951036,951199,164,non-cds,non-cds,contig_1,.,2836,2835,2835.67073170732,0.471386885996091,2836,2835,2836,0.662281629927393,0,0.00949538945626065,0.0719840780803258,0,0,0,2114,non-mge
1589,951200,951751,552,N-acetyltransferase domain-containing protein,PANCAC_00909,contig_1,+,2836,2832,2835.42210144928,1.10653098506338,2836,2835,2836,0.689816862789871,0,0.00940914908653259,0.0590904633533912,0,0,0,5752,non-mge
1590,951752,951801,50,non-cds,non-cds,contig_1,.,2836,2835,2835.62,0.490314351478015,2836,2835,2836,0.624818160980236,0,0.0247299885955635,0.122068153626713,0,0,0,1742,non-mge
1591,951802,952740,939,1%2C4-dihydroxy-2-naphthoate polyprenyltransferase,PANCAC_00910,contig_1,-,2836,2828,2834.79126730564,2.09758933417041,2836,2834,2836,0.736394125944448,0,0.00504403770984765,0.0446981202564597,0,0,0,7757,non-mge
1592,952741,952921,181,non-cds,non-cds,contig_1,.,2836,2836,2836,0,2836,2836,2836,0.18826660892418,0,0.00217807822268471,0.0179657468332335,0,0,0,251,non-mge
1593,952922,954283,1362,isochorismate synthase,PANCAC_00911,contig_1,+,2836,2823,2835.20411160059,2.26061980262453,2836,2836,2836,0.68905551272373,0,0.00793880401635281,0.058438351303568,0,0,0,13151,non-mge
1594,954270,955943,1674,2-succinyl-5-enolpyruvyl-6-hydroxy-3-cyclohexene-1-carboxylic-acid synthase,PANCAC_00912,contig_1,+,2836,2832,2835.54002389486,0.784571183543435,2836,2835,2836,0.693147180559945,0,0.0101135362678675,0.0642818640070963,0,0,0,23312,non-mge
1595,955930,956733,804,2-succinyl-6-hydroxy-2%2C4-cyclohexadiene-1-carboxylate synthase,PANCAC_00913,contig_1,+,2836,2831,2835.24875621891,1.28805642740254,2836,2835,2836,0.687927467555812,0,0.00764031394791136,0.0535719159970346,0,0,0,7316,non-mge
1596,956726,957547,822,1%2C4-dihydroxy-2-naphthoyl-CoA synthase,PANCAC_00914,contig_1,+,2836,2833,2835.81630170316,0.559778054566883,2836,2836,2836,0.9996192419379,0,0.008124333391763,0.0632749628959261,0,0,0,7632,non-mge
1597,957548,957785,238,non-cds,non-cds,contig_1,.,2836,2833,2835.19327731092,1.00863203449128,2836,2834,2836,0.548962892196106,0,0.0111883835062373,0.0641311036861007,0,0,0,2545,non-mge
1598,957786,958115,330,staphostatin B,PANCAC_00915,contig_1,-,2836,2835,2835.98181818182,0.133811429842755,2836,2836,2836,0.651628651480434,0,0.00924078740826932,0.0610971225768494,0,0,0,3268,non-mge
1599,958116,958152,37,non-cds,non-cds,contig_1,.,2835,2834,2834.56756756757,0.502247202333923,2835,2834,2835,0.00898401616453017,0,0.000552755993804193,0.00203058390113797,0,0,0,7,non-mge
1600,958153,959334,1182,cysteine protease staphopain B,PANCAC_00916,contig_1,-,2836,2828,2834.62182741117,1.4900053284267,2835,2834,2836,0.685141443300564,0,0.00960090280325958,0.0637173945112931,0,0,0,15321,non-mge
1601,959335,959415,81,non-cds,non-cds,contig_1,.,2831,2821,2827.65432098765,3.96598188922731,2830,2823,2830,0.648028983147364,0,0.00964276449712712,0.0733236185583198,0,0,0,1063,non-mge
1602,959416,960426,1011,Glu-specific serine endopeptidase SspA,PANCAC_00917,contig_1,-,2836,2426,2816.65084075173,72.5157118296699,2836,2836,2836,0.680688491088705,0,0.00795605318364883,0.0569227132163644,0,0,0,9693,non-mge
1603,960427,960953,527,non-cds,non-cds,contig_1,.,2836,2383,2787.81593927894,106.330633872977,2833,2813,2834,0.68457079592703,0,0.0154954886267501,0.0746786241428999,0,0,0,8087,non-mge
1604,960954,962108,1155,Aminotransferase,PANCAC_00918,contig_1,-,2836,2831,2835.55670995671,0.973227179014147,2836,2836,2836,0.703338730960253,0,0.00803189979184629,0.058763964827778,0,0,0,13849,non-mge
1605,962109,962303,195,non-cds,non-cds,contig_1,.,2834,2828,2832.31282051282,2.1224353216111,2834,2831,2834,0.693109240570129,0,0.0125695262548051,0.0802157611024234,0,0,0,3386,non-mge
1606,962304,963314,1011,Acyltransferase 3 domain-containing protein,PANCAC_00919,contig_1,-,2836,2819,2832.42729970326,4.5202959826194,2835,2830,2836,0.700050590237173,0,0.00802973300384476,0.0632580994353068,0,0,0,12075,non-mge
1607,963315,963466,152,non-cds,non-cds,contig_1,.,2834,2828,2831.09210526316,1.397041638549,2831,2830,2832,0.386468497975946,0,0.00635222690594268,0.0338441170216065,0,0,0,613,non-mge
1608,963467,963886,420,Transcriptional regulator%2C MarR family%2C putative,PANCAC_00920,contig_1,+,2836,2832,2835.84285714286,0.556215844310448,2836,2836,2836,0.634949069002184,0,0.00747599594532904,0.0499874082686568,0,0,0,2917,non-mge
1609,963887,964092,206,non-cds,non-cds,contig_1,.,2836,2835,2835.79126213592,0.407396683563858,2836,2836,2836,0.662281629927393,0,0.0104258445549848,0.0713847747372693,0,0,0,4124,non-mge
1610,964093,967863,3771,Bifunctional autolysin,PANCAC_00921,contig_1,-,2836,2821,2835.38186157518,1.81257904477724,2836,2836,2836,0.69102391417742,0,0.00907939864590268,0.0613399498075571,0,0,0,41623,non-mge
1611,967864,968090,227,non-cds,non-cds,contig_1,.,2836,2833,2835.31718061674,1.10742265475283,2836,2835,2836,0.685642598527548,0,0.0121133552186093,0.0794719050205852,0,0,0,3803,non-mge
1612,968091,968525,435,Putative acetyltransferase MW0937,PANCAC_00922,contig_1,-,2836,2832,2835.9908045977,0.191785320594154,2836,2836,2836,0.669177809370336,0,0.00772938775755762,0.0623310487872964,0,0,0,4179,non-mge
1613,968526,968679,154,non-cds,non-cds,contig_1,.,2836,2825,2830.6038961039,3.71434039776139,2832,2827,2833,0.653499419554538,0,0.00919067578791036,0.065762869282758,0,0,0,1686,non-mge
1614,968680,969150,471,osmotic stress response protein,PANCAC_00923,contig_1,-,2836,2831,2835.47133757962,1.32356952676484,2836,2836,2836,0.693147180559945,0,0.0121990675026955,0.0827287313423509,0,0,0,8508,non-mge
1615,969151,969197,47,non-cds,non-cds,contig_1,.,2836,2836,2836,0,2836,2836,2836,0.529342022418137,0,0.0158555506598314,0.0824278056913027,0,0,0,784,non-mge
1616,969198,970415,1218,polyisoprenyl-teichoic acid--peptidoglycan teichoic acid transferase,PANCAC_00924,contig_1,-,2836,2833,2835.24055829228,0.716352270521784,2835,2835,2836,0.693147180559945,0,0.00779914370668028,0.0573231448352312,0,0,0,10708,non-mge
1617,970416,970865,450,non-cds,non-cds,contig_1,.,2835,1758,2540.31333333333,446.227554930789,2806,2637,2809,0.631101753623229,0,0.00395252822208831,0.037915628054042,0,0,0,1620,55
1618,970866,972059,1194,teichoic acid D-Ala esterase FmtA,PANCAC_00925,contig_1,+,2646,2637,2643.56700167504,2.38694757958613,2645,2642,2645,0.649089670743868,0,0.0066287610956066,0.0548937241867934,0,0,0,9941,non-mge
1619,972060,972595,536,non-cds,non-cds,contig_1,.,2835,1710,2196.40671641791,514.561083875294,1717,1716,2769.5,0.654161822491107,0,0.00838764737821899,0.0531942891526828,0,0,0,3681,56
1620,972596,972886,291,cytochrome aa3 quinol oxidase subunit IV,PANCAC_00926,contig_1,-,2836,2831,2835.22680412371,1.32486945073852,2836,2835,2836,0.43047279586631,0,0.00428560773545724,0.036902307674348,0,0,0,1076,non-mge
1621,972883,973488,606,cytochrome aa3 quinol oxidase subunit III,PANCAC_00927,contig_1,-,2836,2830,2835.50495049505,1.23146432254877,2836,2836,2836,0.286638471852264,0,0.00175885662417081,0.0194075722102794,0,0,0,772,non-mge
1622,973478,975466,1989,cytochrome aa3 quinol oxidase subunit I,PANCAC_00928,contig_1,-,2836,2833,2835.71794871795,0.534884307790891,2836,2836,2836,0.690974360042884,0,0.00390710746385852,0.0417969752003429,0,0,0,10915,non-mge
1623,975466,976566,1101,cytochrome aa3 quinol oxidase subunit II,PANCAC_00929,contig_1,-,2836,2831,2835.57039055404,0.913432453621435,2836,2836,2836,0.68969501268573,0,0.00297228072223199,0.0348480709828002,0,0,0,3666,non-mge
1624,976567,977137,571,non-cds,non-cds,contig_1,.,2836,2812,2831.98248686515,5.80227191871312,2834,2832,2835,0.688982670935671,0,0.0172006398845413,0.0867263418654209,0,0,0,12356,non-mge
1625,977138,977455,318,Pesticidal crystal protein Cry22Aa Ig-like domain-containing protein,PANCAC_00930,contig_1,-,2835,2832,2834.89308176101,0.497199665616977,2835,2835,2835,0.0649898875313653,0,0.000506784428637807,0.00400490545665256,0,0,0,69,non-mge
1626,977456,978260,805,non-cds,non-cds,contig_1,.,2835,2585,2736.94161490683,74.5530150938102,2757,2673,2805,0.665486399089067,0,0.00762970150561196,0.0551139097737322,0,0,0,6092,non-mge
1627,978261,979121,861,bifunctional methylenetetrahydrofolate dehydrogenase/methenyltetrahydrofolate cyclohydrolase FolD,PANCAC_00931,contig_1,-,2836,2773,2835.80603948897,2.27744466010355,2836,2836,2836,0.708833729128111,0,0.0120811355482381,0.0721044303262228,0,0,0,12061,non-mge
1628,979122,979321,200,non-cds,non-cds,contig_1,.,2836,2826,2833.285,3.15173638032359,2835,2832,2835,0.560288236125114,0,0.00704199772628299,0.0544180681557755,0,0,0,3284,non-mge
1629,979322,979804,483,N5-carboxyaminoimidazole ribonucleotide mutase,PANCAC_00932,contig_1,+,2836,2836,2836,0,2836,2836,2836,0.68057466568784,0,0.00696604615932543,0.0519597672449312,0,0,0,3475,non-mge
1630,979791,980915,1125,5-(carboxyamino)imidazole ribonucleotide synthase,PANCAC_00933,contig_1,+,2836,2835,2835.88533333333,0.318760946361481,2836,2836,2836,0.67042061718583,0,0.00861134690506437,0.0617046336331258,0,0,0,16152,non-mge
1631,980916,980918,3,non-cds,non-cds,contig_1,.,2836,2836,2836,0,2836,2836,2836,0,0,0,0,0,0,0,0,non-mge
1632,980919,981623,705,phosphoribosylaminoimidazolesuccinocarboxamide synthase,PANCAC_00934,contig_1,+,2836,2833,2835.67943262411,0.837297951416053,2836,2836,2836,0.689756189880478,0,0.0064569329356846,0.0538168284231703,0,0,0,5949,non-mge
1633,981623,981886,264,phosphoribosylformylglycinamidine synthase subunit PurS,PANCAC_00935,contig_1,+,2836,2835,2835.93939393939,0.239059492971644,2836,2836,2836,0.49751820152194,0,0.00326817520997681,0.0318804787253624,0,0,0,728,non-mge
1634,981887,981887,1,non-cds,non-cds,contig_1,.,2836,2836,2836,NA,2836,2836,2836,0,0,0,NA,0,0,0,0,non-mge
1635,981888,982559,672,phosphoribosylformylglycinamidine synthase I,PANCAC_00936,contig_1,+,2836,2833,2835.53869047619,0.739551206820568,2836,2835,2836,0.651628651480434,0,0.0112815201601393,0.0671888046025718,0,0,0,7940,non-mge
1636,982552,984741,2190,phosphoribosylformylglycinamidine synthase subunit PurL,PANCAC_00937,contig_1,+,2836,2831,2835.3,0.977101932444347,2836,2835,2836,0.790201362521895,0,0.0090649629245766,0.0670841729597599,0,0,0,26260,non-mge
1637,984720,986204,1485,amidophosphoribosyltransferase,PANCAC_00938,contig_1,+,2836,2834,2835.79663299663,0.453039424707232,2836,2836,2836,0.686079657738187,0,0.00749119095331123,0.0553498448483145,0,0,0,12732,non-mge
1638,986197,987225,1029,Phosphoribosylformylglycinamidine cyclo-ligase,PANCAC_00939,contig_1,+,2836,2835,2835.92905733722,0.256853880581831,2836,2836,2836,0.73603211663685,0,0.0135565661080466,0.0801839133062761,0,0,0,19451,non-mge
1639,987226,987227,2,non-cds,non-cds,contig_1,.,2836,2836,2836,0,2836,2836,2836,0.00315683274376661,0,0.00157841637188331,0.00223221784018911,0.00157841637188331,0.000789208185941653,0.00236762455782496,1,non-mge
1640,987228,987794,567,phosphoribosylglycinamide formyltransferase,PANCAC_00940,contig_1,+,2836,2835,2835.9241622575,0.264972086910183,2836,2836,2836,0.63089720691594,0,0.010741017016143,0.0692995508619285,0,0,0,9220,non-mge
1641,987795,987808,14,non-cds,non-cds,contig_1,.,2836,2835,2835.64285714286,0.497245158098847,2836,2835,2836,0.0756222543561804,0,0.00562714832180248,0.0201635429184952,0,0,0,42,non-mge
1642,987809,989287,1479,bifunctional phosphoribosylaminoimidazolecarboxamide formyltransferase/IMP cyclohydrolase,PANCAC_00941,contig_1,+,2836,2834,2835.74509803922,0.532376626063317,2836,2836,2836,0.693147180559945,0,0.00806068096776684,0.0583378677935395,0,0,0,13797,non-mge
1643,989288,989308,21,non-cds,non-cds,contig_1,.,2836,2836,2836,0,2836,2836,2836,0,0,0,0,0,0,0,0,non-mge
1644,989309,990556,1248,Phosphoribosylamine--glycine ligase,PANCAC_00942,contig_1,+,2836,2835,2835.97275641026,0.162857694530461,2836,2836,2836,0.692636650665935,0,0.0105211783500794,0.0642270676961389,0,0,0,14548,non-mge
1645,990557,990820,264,non-cds,non-cds,contig_1,.,2835,2832,2833.95833333333,0.756572385431805,2834,2833,2835,0.528305296896115,0,0.00719219856280966,0.0473473051669368,0,0,0,1655,non-mge
1646,990821,991627,807,Energy-coupling factor transporter transmembrane protein EcfT,PANCAC_00943,contig_1,-,2836,2832,2835.41387856258,0.821368282929404,2836,2835,2836,0.693130736693395,0,0.0112596687575437,0.0694896673328672,0,0,0,10587,non-mge
1647,991620,993020,1401,heme ABC exporter ATP-binding protein CcmA,PANCAC_00944,contig_1,-,2836,2835,2835.97002141328,0.170589103984654,2836,2836,2836,1.02757173426727,0,0.00778543795217007,0.0635894360591195,0,0,0,18141,non-mge
1648,993021,993034,14,non-cds,non-cds,contig_1,.,2836,2836,2836,0,2836,2836,2836,0.00830757571750994,0,0.000593398265536424,0.00222029300354321,0,0,0,3,non-mge
1649,993035,993610,576,Thiamine ABC transporter permease,PANCAC_00945,contig_1,-,2836,2835,2835.921875,0.268601450350579,2836,2836,2836,0.661198016256736,0,0.00782968898282519,0.0590570240456245,0,0,0,8282,non-mge
1650,993611,994193,583,non-cds,non-cds,contig_1,.,2836,2591,2796.9897084048,59.632032292589,2833,2783,2834,0.680670578622906,0,0.00828064283212866,0.0563365224520702,0,0,0,5114,non-mge
1651,994194,994328,135,glycopeptide resistance-associated protein GraF,PANCAC_00946,contig_1,-,2807,2419,2584.62222222222,125.984947375368,2567,2470,2646.5,0.675224955328084,0,0.0121733450606033,0.08271049417242,0,0,0,2236,non-mge
1652,994329,994479,151,non-cds,non-cds,contig_1,.,2833,2810,2816.96026490066,6.03752796509961,2814,2813,2819,0.528004857447765,0,0.00568904301766825,0.0461588216791418,0,0,0,823,non-mge
1653,994480,995775,1296,lipoteichoic acid stability factor AuxA,PANCAC_00947,contig_1,+,2836,2825,2834.95756172839,2.19909877909159,2836,2835,2836,0.690559690084459,0,0.00550341794282529,0.0497771729106656,0,0,0,8781,non-mge
1654,995776,996199,424,non-cds,non-cds,contig_1,.,2836,2819,2832.00471698113,4.44934467138896,2834,2832,2834,0.643103631592107,0,0.0108099532690243,0.0665612239614688,0,0,0,5927,non-mge
1655,996200,997372,1173,Class I SAM-dependent rRNA methyltransferase,PANCAC_00949,contig_1,+,2836,2832,2834.54475703325,1.10185240232713,2834,2834,2836,0.689181607565929,0,0.0112639504621944,0.073716451377379,0,0,0,21171,non-mge
1656,997373,997425,53,non-cds,non-cds,contig_1,.,2834,2833,2833.45283018868,0.502533494323783,2833,2833,2834,0.667603675955294,0,0.0130987734203874,0.091663041087224,0,0,0,1106,non-mge
1657,997426,997968,543,DUF697 domain-containing protein,PANCAC_00950,contig_1,+,2834,2833,2833.74033149171,0.438856994778733,2834,2833,2834,0.66930084159795,0,0.00570147828585832,0.0517253196872873,0,0,0,3775,non-mge
1658,997969,998121,153,non-cds,non-cds,contig_1,.,2833,2832,2832.60130718954,0.491237284301023,2833,2832,2833,0.670046916195788,0,0.00465398234188527,0.054167689966705,0,0,0,1126,non-mge
1659,998122,998388,267,phosphocarrier protein HPr,PANCAC_00951,contig_1,+,2834,2833,2833.98127340824,0.135812329619538,2834,2834,2834,0.66868223183269,0,0.0067605765821761,0.0602003393869328,0,0,0,2456,non-mge
1660,998389,998390,2,non-cds,non-cds,contig_1,.,2834,2834,2834,0,2834,2834,2834,0.0887441292989427,0,0.0443720646494713,0.0627515756177781,0.0443720646494713,0.0221860323247357,0.066558096974207,50,non-mge
1661,998391,1000109,1719,Phosphoenolpyruvate-protein phosphotransferase,PANCAC_00952,contig_1,+,2834,2832,2833.75043630017,0.541597458637933,2834,2834,2834,0.689811917782003,0,0.00781303033557967,0.0603747441969557,0,0,0,17345,non-mge
1662,1000110,1000345,236,non-cds,non-cds,contig_1,.,2833,2792,2823.70762711864,12.214889113193,2830,2823,2831,0.682842212781218,0,0.0116459895912809,0.0752168834804441,0,0,0,5229,non-mge
1663,1000346,1000579,234,glutaredoxin-like protein NrdH,PANCAC_00953,contig_1,-,2836,2831,2834.32478632479,0.867427352380405,2834,2834,2834,0.619567379082405,0,0.0116816694482787,0.0687986253699337,0,0,0,2858,non-mge
1664,1000580,1000776,197,non-cds,non-cds,contig_1,.,2836,2833,2834.56852791878,0.953845260566052,2834,2834,2835,0.350401777553893,0,0.00401632562364302,0.027283320137613,0,0,0,534,non-mge
1665,1000777,1002138,1362,Putative cytochrome bd menaquinol oxidase subunit I,PANCAC_00954,contig_1,+,2836,2829,2835.48751835536,1.38435888817071,2836,2836,2836,0.676268230331819,0,0.00702077531855428,0.0521422320139663,0,0,0,11827,non-mge
1666,1002135,1003154,1020,Cytochrome d ubiquinol oxidase%2C subunit II%2C putative,PANCAC_00955,contig_1,+,2836,2830,2835.55882352941,1.14480118917792,2836,2836,2836,0.684255499637734,0,0.00871972580130986,0.0629149826186026,0,0,0,12051,non-mge
1667,1003155,1003286,132,non-cds,non-cds,contig_1,.,2836,2835,2835.9696969697,0.172072856014558,2836,2836,2836,0.53154719514312,0,0.00924196425901582,0.053889028731908,0,0,0,1080,non-mge
1668,1003287,1003949,663,TrkA family potassium uptake protein,PANCAC_00956,contig_1,+,2836,2833,2835.56711915535,0.754406188509159,2836,2835,2836,0.692652968719407,0,0.00691435452487937,0.0534834597295537,0,0,0,5322,non-mge
1669,1003950,1004297,348,non-cds,non-cds,contig_1,.,2835,2676,2764.29310344828,40.0768031912429,2745,2737,2812,0.686951794266948,0,0.0021134072353034,0.0368419725538436,0,0,0,1270,non-mge
1670,1004298,1005995,1698,ribonuclease J1,PANCAC_00958,contig_1,-,2836,2831,2835.28445229682,1.22477122336348,2836,2835,2836,0.681138688697039,0,0.0073363450144675,0.0558039305392134,0,0,0,17152,non-mge
1671,1005995,1006213,219,DNA-directed RNA polymerase subunit epsilon,PANCAC_00959,contig_1,-,2836,2836,2836,0,2836,2836,2836,0.237426899863485,0,0.00194979458163345,0.0178471808542953,0,0,0,279,non-mge
1672,1006214,1006693,480,non-cds,non-cds,contig_1,.,2836,2823,2833.35833333333,3.36392710491084,2835,2833,2836,0.618123552099317,0,0.00402415561552094,0.0350320538570029,0,0,0,1687,non-mge
1673,1006694,1007245,552,peptide deformylase,PANCAC_00960,contig_1,-,2836,2836,2836,0,2836,2836,2836,0.946127069490883,0,0.0132288041780807,0.0839179744700612,0,0,0,9577,non-mge
1674,1007246,1007609,364,non-cds,non-cds,contig_1,.,2836,2830,2834.05494505495,1.83394762979166,2834,2833,2836,0.632341245580298,0,0.00840100276633879,0.0573365110224397,0,0,0,3171,non-mge
1675,1007610,1008236,627,Lipoprotein,PANCAC_00961,contig_1,+,2836,2833,2835.64274322169,0.797334298447232,2836,2836,2836,0.671630070483828,0,0.00768023660452979,0.058562489316036,0,0,0,7133,non-mge
1676,1008237,1008406,170,non-cds,non-cds,contig_1,.,2836,2835,2835.91764705882,0.275713800067228,2836,2836,2836,0.457637347116444,0,0.00681327207819729,0.0485068627898757,0,0,0,1048,non-mge
1677,1008407,1009519,1113,pyruvate dehydrogenase (acetyl-transferring) E1 component subunit alpha,PANCAC_00962,contig_1,+,2836,2836,2836,0,2836,2836,2836,0.669086651133538,0,0.00499791526564895,0.0436616353431886,0,0,0,6776,non-mge
1678,1009520,1009522,3,non-cds,non-cds,contig_1,.,2836,2836,2836,0,2836,2836,2836,0,0,0,0,0,0,0,0,non-mge
1679,1009523,1010500,978,Pyruvate dehydrogenase E1 component subunit beta,PANCAC_00963,contig_1,+,2836,2835,2835.95194274029,0.213996692102386,2836,2836,2836,0.686335826362985,0,0.00469191726662331,0.0419831654168377,0,0,0,4705,non-mge
1680,1010501,1010590,90,non-cds,non-cds,contig_1,.,2836,2836,2836,0,2836,2836,2836,0.529342022418137,0,0.0121020527325366,0.0680577483462111,0,0,0,1068,non-mge
1681,1010591,1011883,1293,Dihydrolipoyllysine-residue acetyltransferase component of pyruvate dehydrogenase complex,PANCAC_00964,contig_1,+,2836,2836,2836,0,2836,2836,2836,0.690924298826588,0,0.00529611513426128,0.0467029537126745,0,0,0,10806,non-mge
1682,1011884,1011886,3,non-cds,non-cds,contig_1,.,2836,2836,2836,0,2836,2836,2836,0,0,0,0,0,0,0,0,non-mge
1683,1011887,1013293,1407,dihydrolipoyl dehydrogenase,PANCAC_00965,contig_1,+,2836,2834,2835.92466240227,0.339456320648298,2836,2836,2836,0.970037299899446,0,0.00496343743905746,0.045782561122574,0,0,0,9577,non-mge
1684,1013294,1013460,167,non-cds,non-cds,contig_1,.,2836,2835,2835.74850299401,0.435178441094445,2836,2835.5,2836,0.64331286193097,0,0.00902456569256563,0.0690342681458075,0,0,0,3167,non-mge
1685,1013461,1013736,276,UPF0223 protein SaurJH1_1179,PANCAC_00966,contig_1,+,2836,2829,2835.77173913043,1.24552955545735,2836,2836,2836,0.656399511461229,0,0.00820051688926627,0.05808952492408,0,0,0,2427,non-mge
1686,1013737,1013879,143,non-cds,non-cds,contig_1,.,2836,2829,2831.83216783217,3.35459746328052,2829,2829,2836,0.615604851722025,0,0.00721325633293113,0.0571710974295517,0,0,0,2266,non-mge
1687,1013880,1014419,540,HTH cro/C1-type domain-containing protein,PANCAC_00967,contig_1,+,2836,2831,2835.23888888889,1.37036168819133,2836,2835,2836,0.690924298826588,0,0.00574071289637835,0.0491494809153263,0,0,0,3604,non-mge
1688,1014420,1014431,12,non-cds,non-cds,contig_1,.,2836,2836,2836,0,2836,2836,2836,0.107899316663626,0,0.0101438974550932,0.030941743493844,0,0,0.000789208185941653,69,non-mge
1689,1014432,1015526,1095,Spermidine/putrescine import ATP-binding protein PotA,PANCAC_00968,contig_1,+,2836,2833,2835.70228310502,0.682066097306232,2836,2836,2836,0.683267397121575,0,0.00877488869608258,0.0627854001784212,0,0,0,10941,non-mge
1690,1015519,1016316,798,Spermidine/putrescine ABC transporter-like protein,PANCAC_00969,contig_1,+,2836,2832,2835.1365914787,0.986808556791365,2835,2835,2836,0.689085697586443,0,0.0114184543328802,0.0695230618310261,0,0,0,10154,non-mge
1691,1016317,1016321,5,non-cds,non-cds,contig_1,.,2835,2835,2835,0,2835,2835,2835,0.585750361793325,0,0.117150072358665,0.261955525362994,0,0,0,772,non-mge
1692,1016322,1017131,810,ABC transporter permease,PANCAC_00970,contig_1,+,2836,2835,2835.8012345679,0.399317658791987,2836,2836,2836,1.04577620300755,0,0.00474539696580797,0.0491313192072859,0,0,0,3886,non-mge
1693,1017131,1018204,1074,ABC transporter%2C periplasmic spermidine putrescine-binding protein potD,PANCAC_00971,contig_1,+,2836,2833,2835.85009310987,0.410560717992414,2836,2836,2836,0.690505579579365,0,0.0102432160656846,0.0693177862630664,0,0,0,15794,non-mge
1694,1018205,1018277,73,non-cds,non-cds,contig_1,.,2833,2826,2828.35616438356,1.91753504251406,2828,2827,2829,0.237083086513698,0,0.00645576314679882,0.0349712033879443,0,0,0,328,non-mge
1695,1018278,1019297,1020,lipoteichoic acid stability factor AuxB,PANCAC_00972,contig_1,+,2836,2830,2834.90588235294,1.0280485939695,2835,2835,2836,0.693147180559945,0,0.00475386800624781,0.0417482569543716,0,0,0,5236,non-mge
1696,1019298,1019579,282,non-cds,non-cds,contig_1,.,2836,2821,2832.64184397163,5.12645300681519,2835,2832,2836,0.698059676812939,0,0.015312445337199,0.0881932073764341,0,0,0,5788,non-mge
1697,1019580,1019999,420,DUF4064 domain-containing protein,PANCAC_00973,contig_1,+,2836,2833,2835.26428571429,1.09202389855816,2836,2835,2836,0.868025488561066,0,0.0114284328332571,0.0774084881549189,0,0,0,7266,non-mge
1698,1020000,1020080,81,non-cds,non-cds,contig_1,.,2836,2835,2835.34567901235,0.478552343719067,2835,2835,2836,0.529342022418137,0,0.0186526908217958,0.0845155375195323,0,0,0,1491,non-mge
1699,1020081,1021433,1353,Nramp family divalent metal transporter,PANCAC_00974,contig_1,-,2836,2830,2835.58980044346,1.06008095527906,2836,2836,2836,0.731384035340193,0,0.00948502994631622,0.0690868818583594,0,0,0,21406,non-mge
1700,1021434,1021616,183,non-cds,non-cds,contig_1,.,2836,2794,2835.07103825137,5.34320792166402,2836,2836,2836,0.688326264256087,0,0.00909908583827378,0.0715265656566766,0,0,0,3349,non-mge
1701,1021617,1022231,615,UPF0637 protein MW0989,PANCAC_00975,contig_1,-,2836,2826,2835.69105691057,1.22094960440443,2836,2836,2836,0.68265015712897,0,0.00713829108997192,0.0519332507521302,0,0,0,6322,non-mge
1702,1022232,1022387,156,non-cds,non-cds,contig_1,.,2836,2826,2833.8141025641,3.98028121421734,2836,2835,2836,0.550191357964427,0,0.00996006748529022,0.0609867330074663,0,0,0,1505,non-mge
1703,1022388,1023215,828,Inositol monophosphatase,PANCAC_00976,contig_1,+,2836,2833,2835.69082125604,0.715056792922822,2836,2836,2836,0.701020801612986,0,0.00838869693896821,0.0653942822214188,0,0,0,11126,non-mge
1704,1023216,1023368,153,non-cds,non-cds,contig_1,.,2836,2833,2834.67973856209,1.39855938460016,2836,2833,2836,0.69112150018387,0,0.0178418702079557,0.0968991261584667,0,0,0,3877,non-mge
1705,1023369,1023560,192,YlaF family protein,PANCAC_00977,contig_1,-,2836,2834,2835.82291666667,0.445919056037665,2836,2836,2836,0.677435631013859,0,0.00498395617718137,0.0517198458531405,0,0,0,1361,non-mge
1706,1023561,1023661,101,non-cds,non-cds,contig_1,.,2835,2832,2833.41584158416,1.15123695851613,2834,2832,2834,0.0129602086073812,0,0.000222203876153072,0.00138907176937193,0,0,0,8,non-mge
1707,1023662,1025509,1848,translational GTPase TypA,PANCAC_00978,contig_1,+,2836,2835,2835.95508658009,0.207170049535576,2836,2836,2836,0.837654850628848,0,0.00709725516599719,0.0581204470747278,0,0,0,18481,non-mge
1708,1025510,1025817,308,non-cds,non-cds,contig_1,.,2836,2836,2836,0,2836,2836,2836,0.620690153255173,0,0.00646897383996779,0.0468961318098597,0,0,0,1885,non-mge
1709,1025818,1026300,483,Phage protein,PANCAC_00979,contig_1,-,2836,2831,2835.84679089027,0.566459715875164,2836,2836,2836,0.620410329880405,0,0.00800622909208454,0.0550650133348082,0,0,0,3891,non-mge
1710,1026301,1026440,140,non-cds,non-cds,contig_1,.,2836,2828,2833.52142857143,3.34893488306004,2836,2831,2836,0.237426899863485,0,0.00189770892717065,0.0200895141377723,0,0,0,191,non-mge
1711,1026441,1026716,276,UPF0358 protein SaurJH1_1194,PANCAC_00980,contig_1,+,2836,2836,2836,0,2836,2836,2836,0.541038530668691,0,0.00475459934027041,0.0392069228390241,0,0,0,1180,non-mge
1712,1026717,1027029,313,non-cds,non-cds,contig_1,.,2836,2820,2831.89137380192,5.72844530449747,2836,2827,2836,0.689121731023926,0,0.0104204496967378,0.0765801101631568,0,0,0,4578,non-mge
1713,1027030,1028256,1227,cell division protein FtsW,PANCAC_00981,contig_1,+,2836,2818,2833.72534637327,3.51255517019265,2836,2832,2836,0.693146454206542,0,0.00947146665162993,0.0652275071609516,0,0,0,16759,non-mge
1714,1028257,1028809,553,non-cds,non-cds,contig_1,.,2836,2833,2835.43942133816,0.866256119484219,2836,2835,2836,0.685464234169813,0,0.0120081392629455,0.0698904755680567,0,0,0,7058,non-mge
1715,1028810,1032262,3453,pyruvate carboxylase,PANCAC_00982,contig_1,+,2836,2818,2835.57688966116,2.08167776748104,2836,2836,2836,1.04019442180013,0,0.00998977118166323,0.0692025780781064,0,0,0,45931,non-mge
1716,1032263,1032401,139,non-cds,non-cds,contig_1,.,2836,2577,2768.60431654676,113.611696855526,2836,2580,2836,0.598392273569859,0,0.00718563884780613,0.0552918498249835,0,0,0,1059,non-mge
1717,1032402,1033472,1071,Heme A synthase,PANCAC_00983,contig_1,-,2836,2829,2834.75070028011,1.80974438603752,2836,2834,2836,0.675114465885593,0,0.00655148241789662,0.0523563359913989,0,0,0,7737,non-mge
1718,1033473,1033752,280,non-cds,non-cds,contig_1,.,2836,2832,2834.29285714286,1.63736140816632,2834,2833,2836,0.529735407275309,0,0.00559168100599909,0.0464742518354022,0,0,0,1533,non-mge
1719,1033753,1034664,912,heme o synthase,PANCAC_00984,contig_1,+,2836,2834,2835.66557017544,0.660139112762176,2836,2836,2836,0.693147180559945,0,0.00519592140731174,0.0427415325848614,0,0,0,7605,non-mge
1720,1034665,1034688,24,non-cds,non-cds,contig_1,.,2836,2836,2836,0,2836,2836,2836,0,0,0,0,0,0,0,0,non-mge
1721,1034689,1035150,462,DUF420 domain-containing protein,PANCAC_00985,contig_1,+,2836,2829,2835.1645021645,1.501624453354,2836,2835,2836,0.599452264909367,0,0.0101108333614933,0.0601152800145167,0,0,0,4497,non-mge
1722,1035151,1035476,326,non-cds,non-cds,contig_1,.,2836,2834,2835.53067484663,0.691026553054873,2836,2835,2836,0.686951855442651,0,0.0122841426079139,0.0776783364942143,0,0,0,4858,non-mge
1723,1035477,1036514,1038,CAP domain-containing protein,PANCAC_00986,contig_1,+,2836,2835,2835.95086705202,0.216249747695081,2836,2836,2836,0.648223438444162,0,0.00781246756629403,0.0537235707850689,0,0,0,7956,non-mge
1724,1036515,1036529,15,non-cds,non-cds,contig_1,.,2836,2836,2836,0,2836,2836,2836,0.0172905196967579,0,0.0013631568293683,0.00448055095650944,0,0,0,8,non-mge
1725,1036530,1036964,435,YlbF family regulator,PANCAC_00987,contig_1,+,2836,2836,2836,0,2836,2836,2836,0.690505579579365,0,0.0127791383097908,0.0757189242640536,0,0,0,8570,non-mge
1726,1036965,1037026,62,non-cds,non-cds,contig_1,.,2836,2833,2835.33870967742,1.12997241206852,2836,2835,2836,0.3618596693015,0,0.0060213720510978,0.0459460622470501,0,0,0,337,non-mge
1727,1037027,1037953,927,Glycerophosphodiester phosphodiesterase,PANCAC_00988,contig_1,-,2836,2828,2835.7216828479,0.944573094721294,2836,2836,2836,0.765215466569471,0,0.0121742622565539,0.0687029372305409,0,0,0,11961,non-mge
1728,1037954,1038191,238,non-cds,non-cds,contig_1,.,2836,2833,2835.09243697479,1.16916499208259,2836,2835,2836,0.620392082677634,0,0.0162660427778689,0.0842762693894781,0,0,0,4238,non-mge
1729,1038192,1038446,255,UPF0298 protein SACOL1131,PANCAC_00989,contig_1,+,2836,2834,2835.02745098039,0.717629088327939,2835,2835,2836,0.566564886275433,0,0.00483849408247078,0.0395837966432371,0,0,0,1117,non-mge
1730,1038447,1038448,2,non-cds,non-cds,contig_1,.,2835,2835,2835,0,2835,2835,2835,0,0,0,0,0,0,0,0,non-mge
1731,1038449,1038838,390,Methylthioribose kinase,PANCAC_00990,contig_1,-,2836,2834,2835.76153846154,0.58871800269035,2836,2836,2836,0.67843837865056,0,0.00865503413157436,0.0676177065503236,0,0,0,6172,non-mge
1732,1038839,1038907,69,non-cds,non-cds,contig_1,.,2836,2836,2836,0,2836,2836,2836,0.0106706200537258,0,0.000366548713895202,0.00168705466176372,0,0,0,9,non-mge
1733,1038908,1039450,543,16S rRNA (guanine(966)-N(2))-methyltransferase RsmD,PANCAC_00991,contig_1,+,2836,2835,2835.92081031308,0.27028358573915,2836,2836,2836,0.651210607822297,0,0.0065176585142899,0.0498575613222265,0,0,0,4784,non-mge
1734,1039451,1039451,1,non-cds,non-cds,contig_1,.,2836,2836,2836,NA,2836,2836,2836,0,0,0,NA,0,0,0,0,non-mge
1735,1039452,1039934,483,pantetheine-phosphate adenylyltransferase,PANCAC_00992,contig_1,+,2836,2834,2835.59420289855,0.651305373106367,2836,2835,2836,0.528898829951468,0,0.00220996207537224,0.0308867046084535,0,0,0,1100,non-mge
1736,1039935,1039995,61,non-cds,non-cds,contig_1,.,2836,2836,2836,0,2836,2836,2836,0.0172905196967579,0,0.000566902285139602,0.00310462040758946,0,0,0,14,non-mge
1737,1039996,1041135,1140,nucleotidyltransferase,PANCAC_00993,contig_1,-,2836,2829,2834.71228070175,1.62714788694319,2836,2834,2836,0.692665974144538,0,0.0109342226099097,0.0700823750325637,0,0,0,15625,non-mge
1738,1041136,1041261,126,non-cds,non-cds,contig_1,.,2836,2835,2835.7619047619,0.427617987059879,2836,2836,2836,0.0602717251568349,0,0.000549642171875895,0.00539520338566819,0,0,0,34,non-mge
1739,1041262,1041819,558,DUF177 domain-containing protein,PANCAC_00994,contig_1,+,2836,2835,2835.82616487455,0.379307677065314,2836,2836,2836,0.657902809281076,0,0.00587141738936848,0.0491679522205856,0,0,0,4199,non-mge
1740,1041820,1041898,79,non-cds,non-cds,contig_1,.,2836,2835,2835.67088607595,0.472893954267891,2836,2835,2836,0.00582635575576123,0,0.000187439722485584,0.000980984812750823,0,0,0,5,non-mge
1741,1041899,1042030,132,Large ribosomal subunit protein bL32,PANCAC_00995,contig_1,+,2836,2836,2836,0,2836,2836,2836,0.00582454957683332,0,6.80407751560601e-05,0.000574787518191727,0,0,0,3,non-mge
1742,1042031,1042226,196,non-cds,non-cds,contig_1,.,2836,2827,2834.8112244898,1.70972378354299,2835,2835,2836,0.654967564599781,0,0.0127472852519198,0.078604336723535,0,0,0,3810,non-mge
1743,1042227,1044164,1938,iron-regulated surface determinant protein B%2C haemoglobin receptor,PANCAC_00996,contig_1,-,2835,2820,2833.77038183695,2.36791711201547,2835,2834,2835,0.693031456897326,0,0.00827554333210215,0.0565095511606176,0,0,0,16463,non-mge
1744,1044165,1044367,203,non-cds,non-cds,contig_1,.,2834,2827,2831.44827586207,2.10163408435281,2832,2830,2833,0.695668191950025,0,0.0127900818609417,0.0766413753096391,0,0,0,3228,non-mge
1745,1044368,1045420,1053,iron-regulated surface determinant protein A,PANCAC_00997,contig_1,-,2835,2807,2829.73979107312,8.12992773961522,2834,2831,2835,0.825074746440097,0,0.00761883286911367,0.0626770103630802,0,0,0,9814,non-mge
1746,1045421,1045628,208,non-cds,non-cds,contig_1,.,2834,2820,2829.52884615385,4.32821711522272,2831,2829,2832,0.642568474316741,0,0.00752325547530027,0.0534617787775275,0,0,0,1606,non-mge
1747,1045629,1046312,684,iron-regulated surface determinant protein C,PANCAC_00998,contig_1,+,2835,2817,2832.79824561404,4.48947979565921,2835,2834,2835,0.693147180559945,0,0.0105174181125383,0.0742658246284352,0,0,0,10656,non-mge
1748,1046312,1047388,1077,iron-regulated surface determinant protein D,PANCAC_00999,contig_1,+,2835,2821,2833.36861652739,2.62895289886445,2834,2833,2835,0.909924059735465,0,0.0110560987369419,0.0709968129702971,0,0,0,12755,non-mge
1749,1047385,1048263,879,iron-regulated surface determinant protein E,PANCAC_01000,contig_1,+,2835,2833,2834.66666666667,0.687782522884318,2835,2835,2835,0.686624210731798,0,0.00804960810588276,0.0554987182708496,0,0,0,7289,non-mge
1750,1048264,1048272,9,non-cds,non-cds,contig_1,.,2833,2833,2833,0,2833,2833,2833,0.184129583134058,0,0.0342306598830514,0.0673621767101461,0,0,0.0106804272080875,200,non-mge
1751,1048273,1049052,780,iron compound ABC transporter permease,PANCAC_01001,contig_1,+,2835,2830,2834.47435897436,1.04977971861793,2835,2834,2835,0.954931780819189,0,0.0120678328032521,0.0736512951969869,0,0,0,9999,non-mge
1752,1049053,1049301,249,non-cds,non-cds,contig_1,.,2835,2835,2835,0,2835,2835,2835,0.233680660599729,0,0.00444571509257695,0.027166231920518,0,0,0,740,non-mge
1753,1049302,1050036,735,NPQTN specific sortase B,PANCAC_01002,contig_1,+,2835,2833,2834.8462585034,0.429858367911685,2835,2835,2835,0.666655658039835,0,0.00960624048420449,0.060493293957661,0,0,0,9917,non-mge
1754,1050037,1050054,18,non-cds,non-cds,contig_1,.,2835,2835,2835,0,2835,2835,2835,0.191499672049767,0,0.0117479176121367,0.0449344825849695,0,0,0,142,non-mge
1755,1050055,1050378,324,staphylobilin-forming heme oxygenase IsdG,PANCAC_01003,contig_1,+,2835,2822,2832.5462962963,4.16988523780413,2835,2832,2835,0.750478428058396,0,0.012629670725639,0.0703813494258219,0,0,0,5351,non-mge
1756,1050379,1050761,383,non-cds,non-cds,contig_1,.,2835,2633,2798.45430809399,58.6317585972696,2830,2801,2833,0.693147180559945,0,0.00916038343239655,0.0616058111386986,0,0,0,3978,non-mge
1757,1050762,1051502,741,RNA methyltransferase,PANCAC_01004,contig_1,+,2835,2835,2835,0,2835,2835,2835,0.688952158365032,0,0.00917812477581957,0.0588048860669717,0,0,0,7058,non-mge
1758,1051503,1051882,380,non-cds,non-cds,contig_1,.,2835,2835,2835,0,2835,2835,2835,0.654767581580842,0,0.00555476341046711,0.0472330059076178,0,0,0,3016,non-mge
1759,1051883,1052941,1059,phenylalanine--tRNA ligase subunit alpha,PANCAC_01005,contig_1,+,2835,2834,2834.95467422096,0.208115958039665,2835,2835,2835,0.693093093295874,0,0.00706253857052338,0.0540253491044493,0,0,0,9030,non-mge
1760,1052941,1055343,2403,phenylalanine--tRNA ligase subunit beta,PANCAC_01006,contig_1,+,2835,2832,2834.55347482314,0.624199232304739,2835,2834,2835,0.750947761378692,0,0.012502736040227,0.0756686931415525,0,0,0,37476,non-mge
1761,1055344,1055513,170,non-cds,non-cds,contig_1,.,2835,2184,2794.74117647059,152.155024724468,2835,2833,2835,0.663060257667355,0,0.0141555656162739,0.0705333345761447,0,0,0,2413,non-mge
1762,1055514,1056452,939,ribonuclease HIII,PANCAC_01007,contig_1,-,2835,2824,2834.83919062833,1.11048395339313,2835,2835,2835,1.05644205542983,0,0.0131460247041857,0.081470960785546,0,0,0,14027,non-mge
1763,1056453,1056821,369,non-cds,non-cds,contig_1,.,2835,2811,2828.41463414634,6.90965789430496,2830,2826,2834,0.693147180559945,0,0.00766813343274302,0.0537343638245274,0,0,0,3180,non-mge
1764,1056822,1057082,261,cell division protein ZapA,PANCAC_01008,contig_1,+,2835,2834,2834.65134099617,0.477461358288819,2835,2834,2835,0.493139022273541,0,0.00476704073278173,0.0375178733949019,0,0,0,2780,non-mge
1765,1057083,1057089,7,non-cds,non-cds,contig_1,.,2835,2835,2835,0,2835,2835,2835,0,0,0,0,0,0,0,0,non-mge
1766,1057090,1057611,522,CvpA family protein,PANCAC_01009,contig_1,+,2835,2833,2834.51340996169,0.653362967653771,2835,2834,2835,0.599452264909367,0,0.00591180092739352,0.0427470122369499,0,0,0,2714,non-mge
1767,1057612,1057683,72,non-cds,non-cds,contig_1,.,2834,2830,2832.05555555556,1.13694536255419,2832,2831,2833,0.0173114545234313,0,0.000399889586875146,0.00227466779109919,0,0,0,11,non-mge
1768,1057684,1059396,1713,DNA polymerase/3'-5' exonuclease PolX,PANCAC_01010,contig_1,+,2835,2830,2834.52539404553,0.961023524363692,2835,2834,2835,0.692971465059646,0,0.00813878913426762,0.0615045055250901,0,0,0,18174,non-mge
1769,1059397,1059405,9,non-cds,non-cds,contig_1,.,2835,2835,2835,0,2835,2835,2835,0.0129483595133557,0,0.00143870661259508,0.00431611983778523,0,0,0,5,non-mge
1770,1059406,1061754,2349,endonuclease MutS2,PANCAC_01011,contig_1,+,2835,2834,2834.93699446573,0.243024648857524,2835,2835,2835,0.795460854845504,0,0.00920573878948793,0.0625134015007689,0,0,0,24815,non-mge
1771,1061755,1061926,172,non-cds,non-cds,contig_1,.,2835,2834,2834.72674418605,0.446932211876459,2835,2834,2835,0.662705687630466,0,0.0043919511241286,0.0505699269286031,0,0,0,1104,non-mge
1772,1061927,1062241,315,thioredoxin,PANCAC_01012,contig_1,+,2835,2834,2834.9746031746,0.157577454383605,2835,2835,2835,0.682167318999034,0,0.00910729887157386,0.0714545776637146,0,0,0,4446,non-mge
1773,1062242,1062564,323,non-cds,non-cds,contig_1,.,2835,2834,2834.93188854489,0.252327968501807,2835,2835,2835,0.658854425870929,0,0.0130781855604059,0.0645189255224911,0,0,0,3883,non-mge
1774,1062565,1064346,1782,excinuclease ABC subunit UvrC,PANCAC_01013,contig_1,+,2835,2834,2834.9455667789,0.226934230941723,2835,2835,2835,0.689661655633777,0,0.0110350678268105,0.0710936786358195,0,0,0,24183,non-mge
1775,1064347,1064669,323,non-cds,non-cds,contig_1,.,2835,2835,2835,0,2835,2835,2835,0.613314582658579,0,0.00723759483697956,0.0522524369416761,0,0,0,2293,non-mge
1776,1064670,1065284,615,succinate dehydrogenase%2C cytochrome b556 subunit,PANCAC_01014,contig_1,+,2835,2831,2834.55772357724,0.885736423217366,2835,2834,2835,0.690472321880471,0,0.00626587091158746,0.0536732112158676,0,0,0,4522,non-mge
1777,1065285,1065335,51,non-cds,non-cds,contig_1,.,2835,2833,2834.41176470588,0.920357986616845,2835,2833,2835,0.636021475351018,0,0.024398910987977,0.12200160011272,0,0,0,1758,non-mge
1778,1065336,1067102,1767,succinate dehydrogenase flavoprotein subunit,PANCAC_01015,contig_1,+,2835,2833,2834.63667232598,0.526072023797493,2835,2834,2835,0.791764431404696,0,0.00666949233797348,0.0573973395823455,0,0,0,17988,non-mge
1779,1067102,1067917,816,succinate dehydrogenase iron-sulfur subunit,PANCAC_01016,contig_1,+,2835,2833,2834.92034313725,0.356916418738498,2835,2835,2835,0.691423280898514,0,0.00794776529768534,0.0578082864927008,0,0,0,7560,non-mge
1780,1067918,1068152,235,non-cds,non-cds,contig_1,.,2835,2832,2834.17446808511,1.13575685166933,2835,2833,2835,0.529637010178964,0,0.00595103517004135,0.0510193905671596,0,0,0,1476,non-mge
1781,1068153,1068953,801,glutamate racemase,PANCAC_01017,contig_1,+,2835,2833,2834.21223470662,0.614329003746319,2834,2834,2835,0.689963973268192,0,0.00786634526655368,0.0591112895507157,0,0,0,7294,non-mge
1782,1068954,1068964,11,non-cds,non-cds,contig_1,.,2834,2834,2834,0,2834,2834,2834,0,0,0,0,0,0,0,0,non-mge
1783,1068965,1069552,588,XTP/dITP diphosphatase,PANCAC_01018,contig_1,+,2834,2833,2833.9268707483,0.260570211371704,2834,2834,2834,0.634365622564217,0,0.00796292345801393,0.0500309107376732,0,0,0,4130,non-mge
1784,1069545,1070048,504,Phosphoesterase,PANCAC_01019,contig_1,+,2834,2831,2832.82341269841,0.988284987751695,2833,2832,2834,0.620672240593247,0,0.00694855814252456,0.0509720046280987,0,0,0,3464,non-mge
1785,1070049,1070536,488,non-cds,non-cds,contig_1,.,2833,2817,2827.82172131148,3.19377273768761,2828,2826,2831,0.783188244136876,0,0.0144774381942498,0.0808267376471093,0,0,0,8172,non-mge
1786,1070537,1070866,330,complement convertase inhibitor Ecb,PANCAC_01020,contig_1,+,2833,2832,2832.85151515152,0.356119931406275,2833,2833,2833,0.693147180559945,0,0.00852650271681163,0.0668721134085265,0,0,0,5831,non-mge
1787,1070867,1071234,368,non-cds,non-cds,contig_1,.,2824,1763,2170.59239130435,362.648728706462,2388,1764,2389,0.503328016185439,0,0.00748448883066457,0.0435411597908072,0,0,0,1561,57
1788,1071235,1071636,402,FPRL1 inhibitory protein FLIPr,PANCAC_01021,contig_1,-,2629,2189,2392.28109452736,199.114518837192,2262,2190,2629,0.460877576295593,0,0.00205409227986184,0.0238907138106925,0,0,0,610,non-mge
1789,1071637,1072307,671,non-cds,non-cds,contig_1,.,2817,2598,2720.43517138599,94.399017591929,2804,2628,2815,0.689347312315619,0,0.0103988787070782,0.0671425355003284,0,0,0,8488,non-mge
1790,1072308,1072814,507,hypothetical protein,PANCAC_01022,contig_1,+,2820,2809,2817.58382642998,2.75594484157682,2819,2816,2820,0.689465069432445,0,0.0130465404480689,0.0765620767433743,0,0,0,8027,non-mge
1791,1072815,1073072,258,non-cds,non-cds,contig_1,.,2820,2808,2816.39534883721,3.75705531817557,2817,2814,2820,0.623179322972369,0,0.0126941103651729,0.0719981359547096,0,0,0,3420,non-mge
1792,1073073,1073570,498,complement convertase inhibitor Efb,PANCAC_01023,contig_1,+,2817,2815,2815.88353413655,0.900754188716488,2816,2815,2817,0.619431648761757,0,0.00743009686903535,0.0591513175761527,0,0,0,4244,non-mge
1793,1073571,1073723,153,non-cds,non-cds,contig_1,.,2815,2581,2593.44444444444,44.9338532688956,2585,2583,2586,0.19823663270921,0,0.00409916520998298,0.0273385817958206,0,0,0,395,non-mge
1794,1073724,1074074,351,complement inhibitor SCIN-B,PANCAC_01024,contig_1,+,2584,2581,2583.08262108262,0.859574626701218,2583,2583,2584,0.19720840944908,0,0.00181791871947889,0.0135242089529741,0,0,0,327,non-mge
1795,1074075,1074895,821,non-cds,non-cds,contig_1,.,2584,874,1557.39951278928,301.203777872457,1682,1260,1708,0.692912536303712,0,0.00663402231567066,0.0508315195255854,0,0,0,3359,58
1796,1074896,1075081,186,DUF4044 domain-containing protein,PANCAC_01026,contig_1,-,1690,1680,1689.24731182796,1.49345175351451,1690,1689,1690,0.613878069842384,0,0.00642034187491903,0.0576984648858033,0,0,0,865,58
1797,1075082,1075702,621,non-cds,non-cds,contig_1,.,2196,1675,1999.97906602254,199.122513462224,2113,1695,2130,0.551529328670308,0,0.00221834237343762,0.0249382778021684,0,0,0,719,58
1798,1075703,1075936,234,Phage protein,PANCAC_01027,contig_1,-,2199,2196,2198.41025641026,1.09743240059959,2199,2198,2199,0.626250379143795,0,0.00505622233477863,0.0447745776390414,0,0,0,971,non-mge
1799,1075937,1076412,476,non-cds,non-cds,contig_1,.,2817,1693,1990.88865546218,242.168619370621,2191,1696,2193,0.679550115512839,0,0.00678070204511214,0.0541429647651677,0,0,0,2613,59
1800,1076413,1077372,960,alpha-hemolysin,PANCAC_01028,contig_1,-,2820,2817,2818.93958333333,1.16451524656042,2819,2818,2820,0.677638116229698,0,0.00631173710734701,0.0565376675739636,0,0,0,9764,non-mge
1801,1077373,1078044,672,non-cds,non-cds,contig_1,.,2820,1347,2311.20386904762,546.169802496783,2729,1692,2818,0.68445010644377,0,0.0118719665536116,0.0745252025611881,0,0,0,7421,60
1802,1078045,1078191,147,Lmo0937 family membrane protein,PANCAC_01029,contig_1,+,1752,1742,1747.62585034014,2.35602080471354,1747,1746,1748,0.590084614795063,0,0.00935831850030281,0.0676959894904419,0,0,0,992,60
1803,1078175,1078372,198,XRE family transcriptional regulator,PANCAC_01030,contig_1,+,1754,1748,1753.42929292929,1.0863951030119,1754,1753,1754,0.684736533924673,0,0.00707957190583866,0.0580042644604708,0,0,0,1118,60
1804,1078373,1078815,443,non-cds,non-cds,contig_1,.,2513,1692,2002.22121896163,321.073293110369,1918,1711,2354,0.693147180559945,0,0.00931934156504609,0.0611030663401585,0,0,0,3146,60;61
1805,1078816,1079532,717,superantigen-like protein SSL12,PANCAC_01032,contig_1,-,1723,1716,1720.71687587169,1.65262859942676,1721,1719,1722,0.576603245465478,0,0.00745884280635975,0.0491819990805509,0,0,0,2888,61
1806,1079533,1079639,107,non-cds,non-cds,contig_1,.,1721,1719,1720.28037383178,0.749772198402584,1720,1720,1721,0.326647110830811,0,0.00348691526074068,0.0316937437385096,0,0,0,185,61
1807,1079640,1080365,726,superantigen-like protein SSL13,PANCAC_01033,contig_1,-,1721,1716,1718.46005509642,1.71417682980979,1719,1717,1720,0.679545229414506,0,0.00648069651137779,0.0467629517935868,0,0,0,2712,61
1808,1080366,1080459,94,non-cds,non-cds,contig_1,.,1770,1720,1721.59574468085,8.83580101332157,1720,1720,1720,0.326518781186691,0,0.00718343364802832,0.0433328848389101,0,0,0,323,61
1809,1080460,1081185,726,superantigen-like protein SSL14,PANCAC_01034,contig_1,-,1957,1770,1947.92148760331,16.6946832252331,1950,1946,1953,0.674980258942116,0,0.00699655048585699,0.052049172010885,0,0,0,3538,61
1810,1081186,1081622,437,non-cds,non-cds,contig_1,.,2832,1948,2237.57894736842,348.43939927714,1954,1951,2429,0.674817718989443,0,0.00780891924914466,0.0518597567176388,0,0,0,2894,61
1811,1081623,1082624,1002,ornithine carbamoyltransferase,PANCAC_01035,contig_1,+,2834,2832,2833.73353293413,0.599578017953927,2834,2834,2834,0.693147180559945,0,0.0114117580436503,0.0727019225614584,0,0,0,15339,non-mge
1812,1082625,1082643,19,non-cds,non-cds,contig_1,.,2834,2834,2834,0,2834,2834,2834,0,0,0,0,0,0,0,0,non-mge
1813,1082644,1083579,936,carbamate kinase,PANCAC_01036,contig_1,+,2834,2806,2832.41132478632,6.03471596230824,2834,2834,2834,0.690446918369204,0,0.00864523030048994,0.0565313148967205,0,0,0,8378,non-mge
1814,1083580,1083750,171,non-cds,non-cds,contig_1,.,2834,2834,2834,0,2834,2834,2834,0.0786280507785996,0,0.00140280886217177,0.00845751491994799,0,0,0,116,non-mge
1815,1083751,1085307,1557,ArcD-like protein,PANCAC_01037,contig_1,+,2834,2832,2833.83943481053,0.386017420582418,2834,2834,2834,0.928663386728554,0,0.0119449318122039,0.0771184395475025,0,0,0,22235,non-mge
1816,1085308,1085614,307,non-cds,non-cds,contig_1,.,2833,2808,2825.28013029316,6.72569669710132,2827,2822,2831,0.667430109841903,0,0.0161411397421293,0.0850863462515866,0,0,0,5632,non-mge
1817,1085615,1085842,228,epilancin biosynthesis-related protein ElxI1,PANCAC_01038,contig_1,+,2834,2827,2832.77631578947,1.959492995271,2834,2831,2834,0.670541252667001,0,0.0153889430729525,0.086751792240029,0,0,0,4270,non-mge
1818,1085843,1086146,304,non-cds,non-cds,contig_1,.,2834,2825,2830.60855263158,2.0346971808313,2830,2830,2831,0.549237312546057,0,0.00769868827006541,0.0531980864872481,0,0,0,2186,non-mge
1819,1086147,1087094,948,Permease,PANCAC_01039,contig_1,-,2834,2828,2832.37552742616,1.77579413538986,2833,2831,2834,0.85714524975836,0,0.01497874904073,0.0830863204451783,0,0,0,16209,non-mge
1820,1087095,1087342,248,non-cds,non-cds,contig_1,.,2833,2821,2829.72580645161,3.79396219598635,2831,2828,2833,0.594270222527527,0,0.0149035002898051,0.0807423906205643,0,0,0,4040,non-mge
1821,1087343,1087531,189,DNA-binding protein,PANCAC_01040,contig_1,+,2834,2833,2833.60846560847,0.489389844963587,2834,2833,2834,0.598346136456526,0,0.0114083118087295,0.0675688004543815,0,0,0,2212,non-mge
1822,1087532,1088442,911,non-cds,non-cds,contig_1,.,2836,2623,2820.64544456641,45.8906066496813,2834,2827,2836,0.646797899823741,0,0.0100869859503033,0.0570906987446407,0,0,0,8294,non-mge
1823,1088443,1088577,135,Beta-class phenol-soluble modulin,PANCAC_01042,contig_1,+,2836,2836,2836,0,2836,2836,2836,0.689816862789871,0,0.0100317984422283,0.0780153434838385,0,0,0,2119,non-mge
1824,1088578,1088633,56,non-cds,non-cds,contig_1,.,2836,2567,2573.55357142857,36.0120786014193,2567,2567,2567,0.645663369267716,0,0.0140111831217089,0.0870615430699952,0,0,0,958,non-mge
1825,1088634,1088768,135,Beta-class phenol-soluble modulin,PANCAC_01043,contig_1,+,2832,2567,2708.33333333333,132.697613830912,2832,2567,2832,0.236719964076971,0,0.00310348780404996,0.0215614390793467,0,0,0,257,non-mge
1826,1088769,1088900,132,non-cds,non-cds,contig_1,.,2836,2828,2833.09090909091,2.9407755778546,2835,2830,2835,0.0194008289253519,0,0.00067021836588525,0.00296019004013402,0,0,0,34,non-mge
1827,1088901,1089587,687,YjjG family noncanonical pyrimidine nucleotidase,PANCAC_01044,contig_1,+,2836,2829,2835.81950509461,0.624591565357939,2836,2836,2836,0.639335593181731,0,0.00606145569109336,0.0490887323341312,0,0,0,5308,non-mge
1828,1089588,1089695,108,non-cds,non-cds,contig_1,.,2836,2831,2833.37962962963,1.09132169368792,2833,2833,2834,0.343187581066397,0,0.0124293402333672,0.0577825724950397,0,0,0,1086,non-mge
1829,1089696,1090136,441,N-acetyltransferase,PANCAC_01045,contig_1,-,2836,2833,2835.74603174603,0.706392170815829,2836,2836,2836,0.530667280718606,0,0.00781658716085159,0.0494320041797245,0,0,0,3031,non-mge
1830,1090137,1090330,194,non-cds,non-cds,contig_1,.,2835,2831,2833.28865979381,1.56687711516339,2833,2832,2835,0.306568914527729,0,0.00232537142416525,0.0222394602259562,0,0,0,317,non-mge
1831,1090331,1090558,228,bacillithiol biosynthesis BshC,PANCAC_01046,contig_1,+,2836,2835,2835.88596491228,0.318553225307384,2836,2836,2836,0.529342022418137,0,0.00587217500621589,0.0467826906663123,0,0,0,1280,non-mge
1832,1090559,1090590,32,non-cds,non-cds,contig_1,.,2836,2836,2836,0,2836,2836,2836,0.183983644486281,0,0.0082510929618433,0.0350481787286267,0,0,0,172,non-mge
1833,1090591,1091952,1362,bacillithiol biosynthesis cysteine-adding enzyme BshC,PANCAC_01047,contig_1,+,2836,2831,2835.69089574156,0.979911040960556,2836,2836,2836,0.685993257230323,0,0.0120201855590461,0.0725987818891467,0,0,0,18973,non-mge
1834,1091953,1092095,143,non-cds,non-cds,contig_1,.,2836,2833,2835.06993006993,0.819226272293676,2835,2835,2836,0.612634703012392,0,0.00540425896429757,0.0513538756060956,0,0,0,921,non-mge
1835,1092096,1092527,432,division/cell wall cluster transcriptional repressor MraZ,PANCAC_01048,contig_1,+,2836,2835,2835.12731481481,0.333711759925728,2835,2835,2835,0.232723688539445,0,0.00191009586905134,0.0173372010290899,0,0,0,534,non-mge
1836,1092528,1092542,15,non-cds,non-cds,contig_1,.,2835,2835,2835,0,2835,2835,2835,0,0,0,0,0,0,0,0,non-mge
1837,1092543,1093478,936,16S rRNA (cytosine(1402)-N(4))-methyltransferase RsmH,PANCAC_01049,contig_1,+,2836,2835,2835.77884615385,0.415245760419885,2836,2836,2836,0.777451424292982,0,0.00551275464454399,0.0491338661473437,0,0,0,6547,non-mge
1838,1093479,1093491,13,non-cds,non-cds,contig_1,.,2836,2836,2836,0,2836,2836,2836,0.651836860230473,0,0.0501412969408056,0.18078701713834,0,0,0,1012,non-mge
1839,1093492,1093893,402,cell division protein FtsL,PANCAC_01050,contig_1,+,2836,2831,2835.05970149254,1.62475178551569,2836,2835,2836,0.202245230921693,0,0.00103275927148868,0.0103559432796425,0,0,0,218,non-mge
1840,1093874,1096108,2235,Cell division protein FtsI (Peptidoglycan synthetase),PANCAC_01051,contig_1,+,2836,2834,2835.90469798658,0.365659208461566,2836,2836,2836,0.751109725090112,0,0.00763987200567645,0.0616486860400568,0,0,0,23256,non-mge
1841,1096109,1096399,291,non-cds,non-cds,contig_1,.,2836,2835,2835.80412371134,0.397557419606413,2836,2836,2836,0.644678470248842,0,0.00684860605233761,0.0530386912102961,0,0,0,2134,non-mge
1842,1096400,1097365,966,phospho-N-acetylmuramoyl-pentapeptide-transferase,PANCAC_01052,contig_1,+,2836,2833,2835.54451345756,0.605318330439329,2836,2835,2836,0.653352601961521,0,0.008683687081812,0.0626120315658054,0,0,0,12604,non-mge
1843,1097366,1097366,1,non-cds,non-cds,contig_1,.,2836,2836,2836,NA,2836,2836,2836,0,0,0,NA,0,0,0,0,non-mge
1844,1097367,1098716,1350,UDP-N-acetylmuramoyl-L-alanine--D-glutamate ligase,PANCAC_01053,contig_1,+,2836,2832,2835.75777777778,0.662337065202971,2836,2836,2836,0.686079657738187,0,0.0090979415253344,0.0632685895923754,0,0,0,16652,non-mge
1845,1098717,1098731,15,non-cds,non-cds,contig_1,.,2836,2836,2836,0,2836,2836,2836,0.00315683274376661,0,0.000210455516251108,0.000815090709558024,0,0,0,1,non-mge
1846,1098732,1100051,1320,Cell division protein DivIB,PANCAC_01054,contig_1,+,2836,2833,2835.77045454545,0.653588523850069,2836,2836,2836,0.69220390317577,0,0.00802828662859126,0.0595780305615186,0,0,0,14941,non-mge
1847,1100052,1100156,105,non-cds,non-cds,contig_1,.,2836,2828,2831.99047619048,2.69077926264735,2831,2830,2834,0.0635377946047103,0,0.000903035089123853,0.00647424831232784,0,0,0,45,non-mge
1848,1100157,1101569,1413,cell division protein FtsA,PANCAC_01055,contig_1,+,2836,2831,2835.74309978769,0.728684455762136,2836,2836,2836,0.68969501268573,0,0.00339612395050657,0.0347193614033124,0,0,0,4850,non-mge
1849,1101570,1101601,32,non-cds,non-cds,contig_1,.,2836,2836,2836,0,2836,2836,2836,0,0,0,0,0,0,0,0,non-mge
1850,1101602,1102774,1173,cell division protein FtsZ,PANCAC_01056,contig_1,+,2836,2827,2835.88150042626,0.793815987421193,2836,2836,2836,0.662816279160253,0,0.00368738906118019,0.0410663126201859,0,0,0,4949,non-mge
1851,1102775,1103033,259,non-cds,non-cds,contig_1,.,2835,2823,2831.33204633205,2.94223720148172,2832,2831,2834,0.61649720170977,0,0.00470274438205693,0.0436755294758127,0,0,0,1288,non-mge
1852,1103034,1103825,792,peptidoglycan editing factor PgeF,PANCAC_01057,contig_1,+,2836,2812,2832.07323232323,7.4685816873959,2835,2833,2836,0.688846095239453,0,0.00990275441089733,0.0654519131653509,0,0,0,10191,non-mge
1853,1103826,1103848,23,non-cds,non-cds,contig_1,.,2836,2836,2836,0,2836,2836,2836,0.440976893708392,0,0.0209634806703747,0.0917568502070773,0,0,0,451,non-mge
1854,1103849,1104517,669,Pyridoxal phosphate homeostasis protein,PANCAC_01058,contig_1,+,2836,2836,2836,0,2836,2836,2836,0.685993257230323,0,0.00506737265796995,0.0476555815969247,0,0,0,3942,non-mge
1855,1104514,1105077,564,Cell division protein SepF,PANCAC_01059,contig_1,+,2836,2835,2835.94326241135,0.231545878980902,2836,2836,2836,0.518043914489864,0,0.0023575605777705,0.0261951749430129,0,0,0,1118,non-mge
1856,1105078,1105088,11,non-cds,non-cds,contig_1,.,2836,2836,2836,0,2836,2836,2836,0,0,0,0,0,0,0,0,non-mge
1857,1105089,1105379,291,YggT family protein,PANCAC_01060,contig_1,+,2836,2836,2836,0,2836,2836,2836,0.655094684191781,0,0.00871317466495111,0.0634583242751267,0,0,0,4292,non-mge
1858,1105380,1105461,82,non-cds,non-cds,contig_1,.,2836,2834,2835.0243902439,0.888550070927699,2835,2834,2836,0.530863880595772,0,0.0222952968430353,0.0820707637290996,0,0,0,1610,non-mge
1859,1105462,1106268,807,RNA-binding S4 domain-containing protein,PANCAC_01061,contig_1,+,2836,2834,2835.84634448575,0.432757211677931,2836,2836,2836,0.686079657738187,0,0.00634550136661843,0.0498231511548725,0,0,0,5222,non-mge
1860,1106269,1106291,23,non-cds,non-cds,contig_1,.,2836,2835,2835.52173913043,0.510753918455249,2836,2835,2836,0.00830757571750994,0,0.000361198944239563,0.00173224928297137,0,0,0,3,non-mge
1861,1106292,1106909,618,DivIVA domain-containing protein,PANCAC_01062,contig_1,+,2836,2836,2836,0,2836,2836,2836,0.572383736363103,0,0.00518418327403551,0.0368563736957371,0,0,0,2592,non-mge
1862,1106910,1107129,220,non-cds,non-cds,contig_1,.,2836,2833,2835.08181818182,1.05667539441667,2835,2834,2836,0.183983644486281,0,0.00218980390903326,0.0152240567806337,0,0,0,277,non-mge
1863,1107130,1109883,2754,isoleucine--tRNA ligase,PANCAC_01063,contig_1,+,2836,2834,2835.88307915759,0.397207601825453,2836,2836,2836,0.693074733895447,0,0.00732642455803905,0.0541693671054573,0,0,0,22888,non-mge
1864,1109884,1110172,289,non-cds,non-cds,contig_1,.,2836,2578,2807.55363321799,78.2199405053256,2835,2834,2836,0.627403194239288,0,0.00859056131747628,0.0604380115026784,0,0,0,2666,non-mge
1865,1110173,1110970,798,Glyoxalase,PANCAC_01064,contig_1,+,2836,2831,2835.51127819549,0.765798470661181,2836,2835,2836,0.692371761574694,0,0.00930489382430551,0.0645414388343461,0,0,0,10740,non-mge
1866,1110971,1111030,60,non-cds,non-cds,contig_1,.,2831,2827,2829.23333333333,0.92730092507757,2829.5,2828.75,2830,0.300413866816986,0,0.00744434257598526,0.0398011652763715,0,0,0,319,non-mge
1867,1111031,1111225,195,Truncated transposase for IS1272,PANCAC_01065,contig_1,-,2827,2304,2654.37435897436,71.1171413426965,2640,2639,2646,0.128814585448993,0,0.000660587617687143,0.00922460406332474,0,0,0,80,non-mge
1868,1111226,1111793,568,non-cds,non-cds,contig_1,.,2835,2250,2638.39436619718,166.599741388269,2632,2607.25,2811.25,0.663009209032178,0,0.00377439564258679,0.0451157628775245,0,0,0,3729,non-mge
1869,1111794,1112285,492,signal peptidase II,PANCAC_01067,contig_1,+,2836,2826,2832.77032520325,2.08820114167204,2833,2833,2833,0.686697520067323,0,0.00472857851962278,0.0432761371963794,0,0,0,2591,non-mge
1870,1112285,1113202,918,Pseudouridine synthase,PANCAC_01068,contig_1,+,2836,2834,2835.81154684096,0.496879689492038,2836,2836,2836,0.685272468897593,0,0.00621602393988433,0.0510654249117851,0,0,0,8838,non-mge
1871,1113203,1113601,399,non-cds,non-cds,contig_1,.,2836,2818,2830.42355889724,5.28566339769032,2832,2828,2834,0.693147180559945,0,0.0105406485368805,0.072716539029318,0,0,0,7121,non-mge
1872,1113602,1114129,528,bifunctional pyr operon transcriptional regulator/uracil phosphoribosyltransferase PyrR,PANCAC_01069,contig_1,+,2836,2834,2835.72916666667,0.607153487487928,2836,2836,2836,0.631667941997364,0,0.00642080364108244,0.0479293761899872,0,0,0,4245,non-mge
1873,1114130,1114346,217,non-cds,non-cds,contig_1,.,2836,2835,2835.58986175115,0.492995829806073,2836,2835,2836,0.529440317757678,0,0.00958528332565554,0.0640486089251809,0,0,0,2180,non-mge
1874,1114347,1115654,1308,Uracil permease%2C putative,PANCAC_01070,contig_1,+,2836,2834,2835.85244648318,0.39942783413954,2836,2836,2836,0.937371382627988,0,0.010764330186447,0.0733061492720907,0,0,0,21025,non-mge
1875,1115655,1115681,27,non-cds,non-cds,contig_1,.,2836,2834,2835.25925925926,0.984205755246823,2836,2834,2836,0.003158812208863,0,0.000116993044772704,0.000607913693035509,0,0,0,1,non-mge
1876,1115682,1116563,882,aspartate carbamoyltransferase catalytic subunit,PANCAC_01071,contig_1,+,2836,2832,2835.49092970522,1.0484448445683,2836,2835,2836,0.686079657738187,0,0.00670566351489546,0.0490276342229005,0,0,0,8461,non-mge
1877,1116564,1116577,14,non-cds,non-cds,contig_1,.,2836,2836,2836,0,2836,2836,2836,0,0,0,0,0,0,0,0,non-mge
1878,1116578,1117855,1278,dihydroorotase,PANCAC_01072,contig_1,+,2836,2835,2835.88184663537,0.322915994007742,2836,2836,2836,0.816622825114668,0,0.00862557959240391,0.0598092343016151,0,0,0,12286,non-mge
1879,1117856,1117856,1,non-cds,non-cds,contig_1,.,2836,2836,2836,NA,2836,2836,2836,0,0,0,NA,0,0,0,0,non-mge
1880,1117857,1118957,1101,carbamoyl phosphate synthase small subunit,PANCAC_01073,contig_1,+,2836,2834,2835.91734786558,0.303732321995841,2836,2836,2836,0.683063683518767,0,0.00515615501351893,0.0447760315667407,0,0,0,6263,non-mge
1881,1118950,1122123,3174,carbamoyl-phosphate synthase large subunit,PANCAC_01074,contig_1,+,2836,2834,2835.8393194707,0.388964106276182,2836,2836,2836,0.76990443441663,0,0.00798568371107592,0.05923610385285,0,0,0,30792,non-mge
1882,1122124,1122232,109,non-cds,non-cds,contig_1,.,2835,2823,2831.87155963303,3.90180612838985,2834,2829,2835,0.227906538801679,0,0.00315400812391943,0.0220699641060332,0,0,0,216,non-mge
1883,1122233,1122925,693,orotidine-5'-phosphate decarboxylase,PANCAC_01075,contig_1,+,2836,2813,2833.75468975469,5.05379975778216,2836,2835,2836,0.652664280262004,0,0.00955644393856009,0.0616413236640473,0,0,0,9938,non-mge
1884,1122925,1123536,612,Orotate phosphoribosyltransferase,PANCAC_01076,contig_1,+,2836,2832,2835.45751633987,0.953840908786317,2836,2835,2836,0.790097232998037,0,0.00721994583925423,0.0575768627943145,0,0,0,5727,non-mge
1885,1123537,1123565,29,non-cds,non-cds,contig_1,.,2834,2833,2833.13793103448,0.350931203171798,2833,2833,2833,0.0887441292989427,0,0.00513279574594789,0.0181939074875057,0,0,0,77,non-mge
1886,1123566,1123778,213,hypothetical protein,PANCAC_01077,contig_1,+,2836,2834,2835.09389671361,0.714149664985277,2835,2835,2836,0.657518417470679,0,0.00964619798102733,0.0583655474534521,0,0,0,2063,non-mge
1887,1123779,1124214,436,non-cds,non-cds,contig_1,.,2836,2800,2832.5504587156,3.31415976704655,2833,2832,2835,0.600278619039476,0,0.00778898474539554,0.0529506288338775,0,0,0,4616,non-mge
1888,1124215,1124616,402,PhnB-like domain-containing protein,PANCAC_01078,contig_1,+,2836,2833,2835.11691542289,0.922839831403523,2835,2834,2836,0.691378016665554,0,0.0104137390121116,0.0669358549290207,0,0,0,5146,non-mge
1889,1124617,1124878,262,non-cds,non-cds,contig_1,.,2836,2707,2812.3320610687,49.902744904388,2836,2836,2836,0.529342022418137,0,0.0133197330321756,0.0694940125865817,0,0,0,4905,non-mge
1890,1124879,1126576,1698,Rqc2-like protein RqcH,PANCAC_01079,contig_1,-,2836,2833,2835.55771495878,0.749324556994377,2836,2835,2836,0.693147180559945,0,0.0105296683323641,0.0687625527357387,0,0,0,27164,non-mge
1891,1126577,1126850,274,non-cds,non-cds,contig_1,.,2836,2827,2833.21167883212,2.60157928067092,2834,2832,2835,0.692479573651464,0,0.00963267501405075,0.0757702253316686,0,0,0,4225,non-mge
1892,1126851,1127474,624,guanylate kinase,PANCAC_01080,contig_1,+,2836,2834,2835.90865384615,0.293846110210746,2836,2836,2836,0.623730040818454,0,0.00420484760791531,0.0453110349116734,0,0,0,6449,non-mge
1893,1127474,1127692,219,DNA-directed RNA polymerase subunit omega,PANCAC_01081,contig_1,+,2836,2836,2836,0,2836,2836,2836,0.67679221929978,0,0.00630514151532741,0.0624544852796507,0,0,0,3094,non-mge
1894,1127693,1127907,215,non-cds,non-cds,contig_1,.,2836,2834,2835.59069767442,0.511463884715625,2836,2835,2836,0.598392273569859,0,0.0105001718181545,0.0652868588478534,0,0,0,2329,non-mge
1895,1127908,1129107,1200,bifunctional phosphopantothenoylcysteine decarboxylase/phosphopantothenate--cysteine ligase CoaBC,PANCAC_01082,contig_1,+,2836,2835,2835.87166666667,0.334600039665781,2836,2836,2836,0.936206210309512,0,0.00905700881343167,0.0651051390140538,0,0,0,15249,non-mge
1896,1129107,1131515,2409,primosomal protein N',PANCAC_01083,contig_1,+,2836,2834,2835.8796180988,0.362879569093733,2836,2836,2836,0.690666394270171,0,0.00977936527020213,0.0644306263981931,0,0,0,27096,non-mge
1897,1131516,1132020,505,non-cds,non-cds,contig_1,.,2835,2662,2774.07128712871,37.4660013514731,2786,2759,2789,0.691816572368213,0,0.00915390997643517,0.0551298645926683,0,0,0,4443,non-mge
1898,1132021,1132974,954,Lipoprotein,PANCAC_01084,contig_1,+,2836,1626,1819.18343815514,439.466621884531,1630,1627,1633,0.553016538169292,0,0.00656613730861897,0.0511320549405156,0,0,0,3648,62
1899,1132975,1133136,162,non-cds,non-cds,contig_1,.,2836,1626,2712.20987654321,362.043260036522,2833,2833,2834,0.624719072652375,0,0.0102303337670635,0.0635788673250612,0,0,0,1719,62
1900,1133137,1133415,279,TM2 domain-containing protein,PANCAC_01085,contig_1,-,2836,2836,2836,0,2836,2836,2836,0.530667280718606,0,0.0103749636878401,0.0583077194310265,0,0,0,2620,non-mge
1901,1133416,1133638,223,non-cds,non-cds,contig_1,.,2836,2833,2834.95515695067,1.04310600272129,2835,2834,2836,0.692793183269758,0,0.0185666173778171,0.100148751765072,0,0,0,6013,non-mge
1902,1133639,1134127,489,peptide deformylase,PANCAC_01086,contig_1,+,2836,2836,2836,0,2836,2836,2836,0.693147180559945,0,0.0103114670212927,0.0683947411549324,0,0,0,7118,non-mge
1903,1134120,1135055,936,methionyl-tRNA formyltransferase,PANCAC_01087,contig_1,+,2836,2835,2835.86965811966,0.336859180655292,2836,2836,2836,0.692904364158085,0,0.00961117271411397,0.0640151618820698,0,0,0,12480,non-mge
1904,1135052,1136359,1308,16S rRNA (cytosine(967)-C(5))-methyltransferase RsmB,PANCAC_01088,contig_1,+,2836,2833,2835.77828746177,0.499198564981462,2836,2836,2836,0.692584133269144,0,0.00741948521228823,0.0562182701334234,0,0,0,11583,non-mge
1905,1136360,1136361,2,non-cds,non-cds,contig_1,.,2836,2836,2836,0,2836,2836,2836,0,0,0,0,0,0,0,0,non-mge
1906,1136362,1137456,1095,23S rRNA (adenine(2503)-C(2))-methyltransferase RlmN,PANCAC_01089,contig_1,+,2836,2834,2835.79817351598,0.489745248697258,2836,2836,2836,0.967281896492843,0,0.00790487869310063,0.0624256655337828,0,0,0,12241,non-mge
1907,1137457,1137462,6,non-cds,non-cds,contig_1,.,2836,2836,2836,0,2836,2836,2836,0,0,0,0,0,0,0,0,non-mge
1908,1137463,1138206,744,protein-serine/threonine phosphatase Stp1,PANCAC_01090,contig_1,+,2836,2834,2835.90322580645,0.321989646608244,2836,2836,2836,0.629078977136431,0,0.00587214931186979,0.0444907542591226,0,0,0,5073,non-mge
1909,1138203,1140197,1995,serine/threonine protein kinase Stk1,PANCAC_01091,contig_1,+,2836,2834,2835.82255639098,0.448548848411454,2836,2836,2836,0.692625658789048,0,0.0115128300923475,0.0734566858715576,0,0,0,32753,non-mge
1910,1140198,1140424,227,non-cds,non-cds,contig_1,.,2836,2836,2836,0,2836,2836,2836,0.59545622183255,0,0.00649392464891706,0.0491182089846742,0,0,0,1450,non-mge
1911,1140425,1141300,876,ribosome small subunit-dependent GTPase A,PANCAC_01092,contig_1,+,2836,2835,2835.9303652968,0.254675778432159,2836,2836,2836,0.693067999783701,0,0.00842973265172823,0.0643709628684253,0,0,0,9548,non-mge
1912,1141301,1141945,645,ribulose-phosphate 3-epimerase,PANCAC_01093,contig_1,+,2836,2832,2835.25426356589,1.12585424792378,2836,2835,2836,0.689508455814998,0,0.0082856406116449,0.0587604129227801,0,0,0,5940,non-mge
1913,1141946,1141951,6,non-cds,non-cds,contig_1,.,2834,2834,2834,0,2834,2834,2834,0.0254295546897768,0,0.00423825911496281,0.0103815722293587,0,0,0,11,non-mge
1914,1141952,1142593,642,thiamine diphosphokinase,PANCAC_01094,contig_1,+,2836,2833,2835.6230529595,0.694056353504455,2836,2835,2836,0.649302531949991,0,0.0084268069861326,0.0559334450744566,0,0,0,5348,non-mge
1915,1142594,1142973,380,non-cds,non-cds,contig_1,.,2836,2825,2833.97105263158,2.83619722871625,2836,2833,2836,0.691447035646121,0,0.0157691873857763,0.0786976774287764,0,0,0,6735,non-mge
1916,1142974,1143162,189,50S ribosomal protein L28,PANCAC_01095,contig_1,-,2836,2832,2835.81481481481,0.716516835181493,2836,2836,2836,0.201882923599821,0,0.00110156925443045,0.0146859505639471,0,0,0,147,non-mge
1917,1143163,1143604,442,non-cds,non-cds,contig_1,.,2836,2828,2834.21945701357,2.28358664352055,2835,2833,2836,0.689151710625808,0,0.00637244885623669,0.0501691596580983,0,0,0,3105,non-mge
1918,1143605,1143979,375,Alkaline shock protein 23,PANCAC_01096,contig_1,+,2836,2822,2833.06133333333,3.87905018052491,2834,2832,2836,0.547293416043762,0,0.00374678721457606,0.0330091607088465,0,0,0,1187,non-mge
1919,1143980,1143993,14,non-cds,non-cds,contig_1,.,2836,2835,2835.85714285714,0.363136519601281,2836,2836,2836,0,0,0,0,0,0,0,0,non-mge
1920,1143994,1145640,1647,fatty acid kinase catalytic subunit FakA,PANCAC_01097,contig_1,+,2836,2835,2835.97632058288,0.152094535440824,2836,2836,2836,0.644904144931473,0,0.0061703379145505,0.0460838447037213,0,0,0,10411,non-mge
1921,1145641,1145829,189,non-cds,non-cds,contig_1,.,2836,2835,2835.75661375661,0.430266078020166,2836,2836,2836,0.553033887749687,0,0.00778003469362355,0.0570987583890239,0,0,0,1523,non-mge
1922,1145830,1147890,2061,ATP-dependent DNA helicase RecG,PANCAC_01098,contig_1,+,2836,2833,2835.83551673945,0.424515814811981,2836,2836,2836,0.843419134506483,0,0.0101839486938804,0.0684961425888281,0,0,0,27000,non-mge
1923,1147891,1148092,202,non-cds,non-cds,contig_1,.,2836,2829,2835.11386138614,2.11883426613722,2836,2835,2836,0.54565676624112,0,0.0137645619651581,0.0776018307898065,0,0,0,4532,non-mge
1924,1148093,1148665,573,transcription factor FapR,PANCAC_01099,contig_1,+,2836,2836,2836,0,2836,2836,2836,0.669803387848812,0,0.00385826454171664,0.0414414737271612,0,0,0,2681,non-mge
1925,1148666,1148669,4,non-cds,non-cds,contig_1,.,2836,2836,2836,0,2836,2836,2836,0,0,0,0,0,0,0,0,non-mge
1926,1148670,1149656,987,phosphate acyltransferase PlsX,PANCAC_01100,contig_1,+,2836,2836,2836,0,2836,2836,2836,0.957302069829366,0,0.00852672761922912,0.0630622138475984,0,0,0,11452,non-mge
1927,1149649,1150575,927,ACP S-malonyltransferase,PANCAC_01101,contig_1,+,2836,2836,2836,0,2836,2836,2836,0.770764689503072,0,0.00930650767224146,0.0679279189854497,0,0,0,12215,non-mge
1928,1150568,1151302,735,3-oxoacyl-[acyl-carrier-protein] reductase,PANCAC_01102,contig_1,+,2836,2835,2835.91156462585,0.284120375629384,2836,2836,2836,0.663346163744062,0,0.00477140966318317,0.0415432165632503,0,0,0,3460,non-mge
1929,1151303,1151544,242,non-cds,non-cds,contig_1,.,2836,2353,2647.53719008264,215.344153438832,2822,2380,2836,0.617293921359228,0,0.0096282204132316,0.067965195860972,0,0,0,3515,non-mge
1930,1151545,1151778,234,acyl carrier protein,PANCAC_01103,contig_1,+,2836,2836,2836,0,2836,2836,2836,0.0151470613380297,0,0.000210303733636562,0.00144184789554538,0,0,0,18,non-mge
1931,1151779,1151893,115,non-cds,non-cds,contig_1,.,2836,2836,2836,0,2836,2836,2836,0.530226246985501,0,0.00483324157166192,0.0494385468102914,0,0,0,640,non-mge
1932,1151894,1152625,732,ribonuclease III,PANCAC_01104,contig_1,+,2836,2833,2835.85382513661,0.417404018174006,2836,2836,2836,0.612634703012392,0,0.00387153542114049,0.0402843474808121,0,0,0,2956,non-mge
1933,1152626,1152771,146,non-cds,non-cds,contig_1,.,2836,2831,2834.58904109589,2.07338215409513,2836,2833,2836,0.683951145982477,0,0.0145104444249625,0.0861791484916337,0,0,0,2852,non-mge
1934,1152772,1156338,3567,chromosome segregation protein SMC,PANCAC_01105,contig_1,+,2836,2832,2835.72974488366,0.604125392265975,2836,2836,2836,0.915778426402209,0,0.00828466184485434,0.0627615563765362,0,0,0,40388,non-mge
1935,1156338,1157588,1251,signal recognition particle-docking protein FtsY,PANCAC_01106,contig_1,+,2836,2836,2836,0,2836,2836,2836,0.715648108474542,0,0.00702918625609092,0.0536239228919539,0,0,0,16241,non-mge
1936,1157575,1157907,333,putative DNA-binding protein,PANCAC_01107,contig_1,+,2836,2835,2835.84384384384,0.36354960169309,2836,2836,2836,0.715648108474542,0,0.00591734657109472,0.0592941469931912,0,0,0,3033,non-mge
1937,1157908,1157932,25,non-cds,non-cds,contig_1,.,2835,2834,2834.72,0.458257569495584,2835,2834,2835,0.0193949791103074,0,0.000775799164412297,0.00387899582206149,0,0,0,8,non-mge
1938,1157933,1159300,1368,signal recognition particle protein,PANCAC_01108,contig_1,+,2836,2833,2835.50292397661,0.587599423698843,2836,2835,2836,0.693147180559945,0,0.0060717423497164,0.0482424623709544,0,0,0,11071,non-mge
1939,1159301,1159734,434,non-cds,non-cds,contig_1,.,2836,2631,2693.32949308756,90.2855859289415,2637,2637,2836,0.692060113841815,0,0.00703353756845432,0.056043389093705,0,0,0,4189,non-mge
1940,1159735,1160010,276,30S ribosomal protein S16,PANCAC_01109,contig_1,+,2836,2836,2836,0,2836,2836,2836,0.233620972515007,0,0.00308858186487566,0.0204064244114397,0,0,0,525,non-mge
1941,1160011,1160197,187,non-cds,non-cds,contig_1,.,2836,2834,2835.23529411765,0.78851656975086,2835,2835,2836,0.123466070595751,0,0.00145665054439824,0.0100148168255001,0,0,0,139,non-mge
1942,1160198,1160701,504,ribosome maturation factor RimM,PANCAC_01110,contig_1,+,2836,2832,2835.44841269841,1.13909273841824,2836,2835,2836,0.692742897201664,0,0.00656674679047085,0.0521410568824376,0,0,0,3974,non-mge
1943,1160701,1161438,738,tRNA (guanosine(37)-N1)-methyltransferase TrmD,PANCAC_01111,contig_1,+,2836,2835,2835.79810298103,0.401687998998314,2836,2836,2836,0.691217054645529,0,0.00703552260462254,0.053309237350585,0,0,0,6706,non-mge
1944,1161439,1161540,102,non-cds,non-cds,contig_1,.,2836,2836,2836,0,2836,2836,2836,0.639573987694623,0,0.00763936351079081,0.063740324102418,0,0,0,1947,non-mge
1945,1161541,1161891,351,50S ribosomal protein L19,PANCAC_01112,contig_1,+,2836,2835,2835.87749287749,0.328338648054517,2836,2836,2836,0.648223438444162,0,0.00465442385174069,0.0469291835468567,0,0,0,1904,non-mge
1946,1161892,1162134,243,non-cds,non-cds,contig_1,.,2836,2367,2762.49382716049,168.056620977278,2835,2831,2836,0.528997128719454,0,0.00959011600470694,0.0582334543770482,0,0,0,2186,non-mge
1947,1162135,1164741,2607,lipoteichoic acid-specific glycosyltransferase YfhO,PANCAC_01113,contig_1,-,2836,2825,2834.4468738013,2.21662524647274,2835,2834,2836,0.737900257609833,0,0.0105269217485258,0.0703322378560515,0,0,0,43162,non-mge
1948,1164742,1165141,400,non-cds,non-cds,contig_1,.,2836,2829,2833.6,2.2843040762521,2835,2831,2836,0.64115711333972,0,0.0044027345300568,0.0410095698066771,0,0,0,1803,non-mge
1949,1165142,1166026,885,ribosome biogenesis GTPase YlqF,PANCAC_01114,contig_1,+,2836,2834,2835.6,0.590651147701029,2836,2835,2836,0.613225332957395,0,0.00523492647736474,0.0375436492454776,0,0,0,3801,non-mge
1950,1166010,1166777,768,ribonuclease HII,PANCAC_01115,contig_1,+,2836,2835,2835.984375,0.124100413563676,2836,2836,2836,0.691468034561908,0,0.011334881463819,0.067273919039794,0,0,0,9432,non-mge
1951,1166778,1166885,108,non-cds,non-cds,contig_1,.,2836,2835,2835.36111111111,0.482561958315932,2835,2835,2836,0.0785833664171198,0,0.00150391790695858,0.00811616840878173,0,0,0,75,non-mge
1952,1166886,1168052,1167,ADP-forming succinate--CoA ligase subunit beta,PANCAC_01116,contig_1,+,2836,2835,2835.78320479863,0.412238600634941,2836,2836,2836,0.622167386825927,0,0.00456884870644846,0.0401357881120717,0,0,0,6901,non-mge
1953,1168053,1168073,21,non-cds,non-cds,contig_1,.,2836,2836,2836,0,2836,2836,2836,0,0,0,0,0,0,0,0,non-mge
1954,1168074,1168982,909,succinate--CoA ligase subunit alpha,PANCAC_01117,contig_1,+,2836,2835,2835.99889988999,0.033167906340333,2836,2836,2836,0.69112150018387,0,0.00815640214857927,0.0587958968281688,0,0,0,10085,non-mge
1955,1168983,1169208,226,non-cds,non-cds,contig_1,.,2836,2741,2789.70353982301,47.0061526548809,2831,2741,2835,0.587755391960742,0,0.0237710338680736,0.0875874909500218,0,0,0,4786,non-mge
1956,1169209,1170327,1119,putative cell wall hydrolase LytN,PANCAC_01118,contig_1,+,2746,1934,2089.64700625559,312.807292302457,1941,1939,1944,0.644449046999182,0,0.00703190950142344,0.0510788818018344,0,0,0,5480,63
1957,1170328,1170354,27,non-cds,non-cds,contig_1,.,2744,2744,2744,0,2744,2744,2744,0.0896050595678725,0,0.0033187059099212,0.0172445017540879,0,0,0,49,non-mge
1958,1170355,1171599,1245,FemA/FemB family glycyltransferase FmhC,PANCAC_01119,contig_1,+,2746,2709,2737.70441767068,10.1767824822172,2742,2735,2744,0.69272061244519,0,0.00818769167334083,0.061407601125323,0,0,0,15241,non-mge
1959,1171600,1171771,172,non-cds,non-cds,contig_1,.,2743,2740,2742.36627906977,1.20409733875497,2743,2743,2743,0.693147180559945,0,0.0111023757504362,0.0778381908185597,0,0,0,2679,non-mge
1960,1171772,1172644,873,DNA-processing protein DprA,PANCAC_01120,contig_1,+,2836,2735,2787.79037800687,46.859156517301,2761,2742,2835,0.691528127752119,0,0.00811597480259818,0.0580993329420199,0,0,0,10888,non-mge
1961,1172645,1172817,173,non-cds,non-cds,contig_1,.,2835,2833,2834.02312138728,0.730989749756607,2834,2833,2835,0.495829603102795,0,0.00950790988458444,0.0608516576821846,0,0,0,3321,non-mge
1962,1172818,1174893,2076,type I DNA topoisomerase,PANCAC_01121,contig_1,+,2836,2833,2835.76589595376,0.570024490501568,2836,2836,2836,0.689282223527896,0,0.00678869616218775,0.054479044705133,0,0,0,23047,non-mge
1963,1174894,1175048,155,non-cds,non-cds,contig_1,.,2836,2833,2834.68387096774,0.978700693867961,2835,2834,2835,0.690170307083977,0,0.0136293828890632,0.0844055842025944,0,0,0,4392,non-mge
1964,1175049,1176356,1308,methylenetetrahydrofolate--tRNA-(uracil(54)-C(5))-methyltransferase (FADH(2)-oxidizing) TrmFO,PANCAC_01122,contig_1,+,2836,2835,2835.83486238532,0.371446721061196,2836,2836,2836,0.807922749825211,0,0.00963483983471193,0.0663593711953387,0,0,0,15891,non-mge
1965,1176357,1176772,416,non-cds,non-cds,contig_1,.,2836,2832,2835.17788461538,0.935042732689536,2835,2835,2836,0.613019636684081,0,0.00377868111860547,0.0359331579124468,0,0,0,1491,non-mge
1966,1176773,1177669,897,tyrosine recombinase XerC,PANCAC_01123,contig_1,+,2836,2832,2835.82608695652,0.541646758672222,2836,2836,2836,0.838216498983814,0,0.00856484191378529,0.066315225038091,0,0,0,10991,non-mge
1967,1177666,1178211,546,ATP-dependent protease subunit HslV,PANCAC_01124,contig_1,+,2836,2835,2835.95787545788,0.201057459180185,2836,2836,2836,0.672197396162736,0,0.00773812766454895,0.0517699743993021,0,0,0,5821,non-mge
1968,1178212,1178276,65,non-cds,non-cds,contig_1,.,2836,2836,2836,0,2836,2836,2836,0.631329771861643,0,0.0186912541085205,0.101401682211527,0,0,0,1229,non-mge
1969,1178277,1179680,1404,ATP-dependent protease ATPase subunit HslU,PANCAC_01125,contig_1,+,2836,2835,2835.94373219373,0.230520257148254,2836,2836,2836,0.689936695547886,0,0.00721670062894027,0.0494979185320731,0,0,0,9164,non-mge
1970,1179681,1179704,24,non-cds,non-cds,contig_1,.,2835,2835,2835,0,2835,2835,2835,0.0031578221490543,0,0.000131575922877263,0.000644587746970171,0,0,0,1,non-mge
1971,1179705,1180478,774,GTP-sensing pleiotropic transcriptional regulator CodY,PANCAC_01126,contig_1,+,2836,2834,2835.85788113695,0.423083801461354,2836,2836,2836,0.673612250642996,0,0.00752574039428181,0.0604759743158204,0,0,0,7887,non-mge
1972,1180479,1180819,341,non-cds,non-cds,contig_1,.,2836,2830,2834.68914956012,1.90282286691644,2836,2833,2836,0.693147180559945,0,0.00861606561725409,0.0646400193424923,0,0,0,3881,non-mge
1973,1180820,1180921,102,30S ribosomal protein S2,PANCAC_01127,contig_1,+,2836,2836,2836,0,2836,2836,2836,0.00582454957683332,0,5.71034272238561e-05,0.000576716345244734,0,0,0,2,non-mge
1974,1180899,1181588,690,30S ribosomal protein S2,PANCAC_01128,contig_1,+,2836,2836,2836,0,2836,2836,2836,0.39990610217006,0,0.00198753722364903,0.0190179030472548,0,0,0,916,non-mge
1975,1181589,1181769,181,non-cds,non-cds,contig_1,.,2836,2835,2835.82872928177,0.377790416139297,2836,2836,2836,0.300868656275184,0,0.00500640774916759,0.0342593348407515,0,0,0,681,non-mge
1976,1181770,1182651,882,translation elongation factor Ts,PANCAC_01129,contig_1,+,2836,2836,2836,0,2836,2836,2836,0.686996712776945,0,0.00417977796435397,0.0417517568672304,0,0,0,4817,non-mge
1977,1182652,1182787,136,non-cds,non-cds,contig_1,.,2836,2827,2832.09558823529,3.32861594297999,2833,2828.75,2835,0.237851117622833,0,0.0017953365626151,0.0203951213936607,0,0,0,183,non-mge
1978,1182788,1183510,723,UMP kinase,PANCAC_01130,contig_1,+,2836,2833,2835.79253112033,0.463157398399543,2836,2836,2836,0.689756189880478,0,0.0036349583475266,0.0434535543738015,0,0,0,3499,non-mge
1979,1183511,1183528,18,non-cds,non-cds,contig_1,.,2836,2836,2836,0,2836,2836,2836,0.0106706200537258,0,0.000592812225206988,0.00251508926648489,0,0,0,4,non-mge
1980,1183529,1184083,555,ribosome recycling factor,PANCAC_01131,contig_1,+,2836,2827,2835.53513513514,1.655351710894,2836,2836,2836,0.691072960979857,0,0.00735979877806198,0.0598048618617771,0,0,0,8782,non-mge
1981,1184084,1184455,372,non-cds,non-cds,contig_1,.,2835,2817,2827.72849462366,5.7610968643856,2826,2824,2834,0.522435539786,0,0.00507645063718836,0.0384039651836901,0,0,0,1566,non-mge
1982,1184456,1185226,771,isoprenyl transferase,PANCAC_01132,contig_1,+,2836,2832,2835.1738002594,1.08155177433693,2835,2835,2836,0.68590635112569,0,0.00632781093484783,0.0583092673772856,0,0,0,6993,non-mge
1983,1185227,1185232,6,non-cds,non-cds,contig_1,.,2835,2835,2835,0,2835,2835,2835,0.0106738869741779,0,0.00177898116236299,0.00435759610981263,0,0,0,4,non-mge
1984,1185233,1186015,783,Phosphatidate cytidylyltransferase,PANCAC_01133,contig_1,+,2836,2832,2835.32950191571,0.84395587343218,2836,2835,2836,0.684542038007051,0,0.00581891309362165,0.0479431196020154,0,0,0,4795,non-mge
1985,1186016,1186251,236,non-cds,non-cds,contig_1,.,2836,2806,2827.78813559322,10.6418297058316,2833,2824.75,2835,0.59597080170253,0,0.00372697170762389,0.0399265385248469,0,0,0,952,non-mge
1986,1186252,1187538,1287,RIP metalloprotease RseP,PANCAC_01134,contig_1,+,2836,2835,2835.95571095571,0.205816517653411,2836,2836,2836,0.689381563841732,0,0.0104780096092195,0.0686014940877569,0,0,0,19864,non-mge
1987,1187539,1187557,19,non-cds,non-cds,contig_1,.,2836,2836,2836,0,2836,2836,2836,0,0,0,0,0,0,0,0,non-mge
1988,1187558,1189261,1704,proline--tRNA ligase,PANCAC_01135,contig_1,+,2836,2834,2835.8632629108,0.461774423769251,2836,2836,2836,0.689816862789871,0,0.0102757271092883,0.0689324749715243,0,0,0,23068,non-mge
1989,1189262,1189518,257,non-cds,non-cds,contig_1,.,2836,2833,2835,1.05326872164704,2835,2834,2836,0.692768376729778,0,0.00693363273749911,0.0598658202371722,0,0,0,2663,non-mge
1990,1189519,1193835,4317,PolC-type DNA polymerase III,PANCAC_01136,contig_1,+,2836,2835,2835.92656937688,0.260872250289644,2836,2836,2836,0.692705874903233,0,0.00984770973722252,0.0681530910805727,0,0,0,56528,non-mge
1991,1193836,1194124,289,non-cds,non-cds,contig_1,.,2836,2835,2835.85121107266,0.356497604619151,2836,2836,2836,0.668384078935174,0,0.00672950853890253,0.0631633714582738,0,0,0,2810,non-mge
1992,1194125,1194592,468,ribosome maturation factor RimP,PANCAC_01137,contig_1,+,2836,2833,2835.66666666667,0.894905878318637,2836,2836,2836,0.496033037257599,0,0.00321128906026799,0.0278410453092457,0,0,0,1143,non-mge
1993,1194593,1194612,20,non-cds,non-cds,contig_1,.,2836,2836,2836,0,2836,2836,2836,0.0129444149479594,0,0.000647220747397972,0.00289445917526017,0,0,0,5,non-mge
1994,1194613,1195788,1176,Transcription termination/antitermination protein NusA,PANCAC_01138,contig_1,+,2836,2834,2835.79676870748,0.457958207782396,2836,2836,2836,0.686504078692568,0,0.0072102144457703,0.0541248226573188,0,0,0,9971,non-mge
1995,1195789,1195808,20,non-cds,non-cds,contig_1,.,2836,2836,2836,0,2836,2836,2836,0,0,0,0,0,0,0,0,non-mge
1996,1195809,1196093,285,RNase P modulator RnpM,PANCAC_01139,contig_1,+,2836,2834,2835.67368421053,0.571175682683753,2836,2835,2836,0.38140856890189,0,0.00625851313542818,0.0399343347689977,0,0,0,1395,non-mge
1997,1196090,1196407,318,YlxQ family RNA-binding protein,PANCAC_01140,contig_1,+,2836,2832,2835.67295597484,0.654967481514281,2836,2835.25,2836,0.661379945342483,0,0.00536281845659264,0.0490550870432748,0,0,0,1961,non-mge
1998,1196408,1196411,4,non-cds,non-cds,contig_1,.,2832,2832,2832,0,2832,2832,2832,0.0083178167250132,0,0.0020794541812533,0.0041589083625066,0,0,0.0020794541812533,3,non-mge
1999,1196412,1198529,2118,translation initiation factor IF-2,PANCAC_01141,contig_1,+,2836,638,2736.34372049103,400.186973171557,2836,2835,2836,0.887022101479087,0,0.0062033929920004,0.0514258611951391,0,0,0,16296,non-mge
2000,1198530,1198914,385,non-cds,non-cds,contig_1,.,2836,2831,2834.5012987013,1.70037476770545,2835,2833,2836,0.530667280718606,0,0.00656263298500475,0.0475000213462463,0,0,0,2320,non-mge
2001,1198915,1199265,351,30S ribosome-binding factor RbfA,PANCAC_01142,contig_1,+,2836,2835,2835.64957264957,0.477784876569349,2836,2835,2836,0.0829865077873357,0,0.000982846609182063,0.00597241217916678,0,0,0,153,non-mge
2002,1199266,1199433,168,non-cds,non-cds,contig_1,.,2836,2830,2833.81547619048,1.74630450168445,2834,2833,2835,0.659978740315872,0,0.00541693364211176,0.0540045327046322,0,0,0,1238,non-mge
2003,1199434,1200351,918,tRNA pseudouridine(55) synthase TruB,PANCAC_01143,contig_1,+,2836,2832,2835.24727668845,0.910898625006868,2835,2835,2836,0.685642598527548,0,0.00544083253167829,0.0470279919295087,0,0,0,5462,non-mge
2004,1200352,1200365,14,non-cds,non-cds,contig_1,.,2835,2835,2835,0,2835,2835,2835,0,0,0,0,0,0,0,0,non-mge
2005,1200366,1201337,972,riboflavin biosynthesis protein RibF,PANCAC_01144,contig_1,+,2836,2828,2835.20267489712,1.29447572393751,2836,2835,2836,0.669803387848812,0,0.00930251482559321,0.0666593569004689,0,0,0,12214,non-mge
2006,1201338,1201451,114,non-cds,non-cds,contig_1,.,2836,2826,2832.27192982456,4.33402894109955,2836,2827,2836,0.237426899863485,0,0.00251086365488429,0.0223004634531771,0,0,0,199,non-mge
2007,1201452,1201721,270,30S ribosomal protein S15,PANCAC_01145,contig_1,+,2836,2836,2836,0,2836,2836,2836,0.00830757571750994,0,0.000158835154791591,0.0010347451972858,0,0,0,15,non-mge
2008,1201722,1202090,369,non-cds,non-cds,contig_1,.,2836,2832,2835.26287262873,1.03143704497861,2836,2834,2836,0.646179095925259,0,0.00679031568425143,0.054002441282811,0,0,0,2739,non-mge
2009,1202091,1204187,2097,polyribonucleotide nucleotidyltransferase,PANCAC_01146,contig_1,+,2836,2818,2835.48927038627,2.31428609419984,2836,2836,2836,0.693147180559945,0,0.00928963449872412,0.0660264429020544,0,0,0,26614,non-mge
2010,1204188,1204422,235,non-cds,non-cds,contig_1,.,2836,2821,2831.94468085106,5.24293617216546,2835,2831,2836,0.531236729868382,0,0.00746884961326016,0.0511041152174474,0,0,0,1415,non-mge
2011,1204423,1206096,1674,Ribonuclease J 2,PANCAC_01147,contig_1,+,2836,2832,2835.79689366786,0.653714316117339,2836,2836,2836,0.692705874903233,0,0.00724992677616164,0.0535743333957284,0,0,0,20852,non-mge
2012,1206097,1206351,255,non-cds,non-cds,contig_1,.,2836,2827,2833.41960784314,3.5815043032159,2836,2830,2836,0.693147180559945,0,0.00778381032602019,0.0655031402729497,0,0,0,3467,non-mge
2013,1206352,1208721,2370,DNA translocase FtsK,PANCAC_01148,contig_1,+,2836,2829,2835.7611814346,0.808050641199797,2836,2836,2836,0.693098843914986,0,0.00725996651896493,0.058088159095177,0,0,0,24205,non-mge
2014,1208722,1208725,4,non-cds,non-cds,contig_1,.,2836,2835,2835.75,0.5,2836,2835.75,2836,0,0,0,0,0,0,0,0,non-mge
2015,1208726,1209439,714,HTH gntR-type domain-containing protein,PANCAC_01149,contig_1,+,2836,2830,2835.418767507,1.17583697349056,2836,2835,2836,0.692793183269758,0,0.00631431765123035,0.0547986503998287,0,0,0,6023,non-mge
2016,1209440,1209469,30,non-cds,non-cds,contig_1,.,2830,2828,2829.13333333333,0.730296743340221,2829,2829,2830,0.106775406110029,0,0.00684350756051918,0.0237378156958964,0,0,0,113,non-mge
2017,1209470,1210735,1266,EF-P 5-aminopentanol modification-associated protein YfmF,PANCAC_01150,contig_1,+,2836,2828,2834.93285939968,1.64456057515504,2836,2834,2836,0.879159455925108,0,0.00896552572563354,0.0665297465616613,0,0,0,13316,non-mge
2018,1210735,1212021,1287,EF-P 5-aminopentanol modification-associated protein YfmH,PANCAC_01151,contig_1,+,2836,2834,2835.81818181818,0.459439229371687,2836,2836,2836,0.69312710941202,0,0.00991714202523683,0.0652705181288354,0,0,0,16482,non-mge
2019,1212021,1212725,705,elongation factor P 5-aminopentanone reductase,PANCAC_01152,contig_1,+,2836,2830,2835.56453900709,1.35539404031197,2836,2836,2836,0.691578902117059,0,0.00628483531686359,0.0473257326776689,0,0,0,4882,non-mge
2020,1212726,1212829,104,non-cds,non-cds,contig_1,.,2836,2836,2836,0,2836,2836,2836,0.205983604949046,0,0.0036944521254442,0.0220976878410009,0,0,0,235,non-mge
2021,1212830,1213657,828,ACT domain-containing protein,PANCAC_01153,contig_1,+,2836,2834,2835.82125603865,0.496110499012792,2836,2836,2836,0.689877031364027,0,0.0080351492791964,0.0603694452286452,0,0,0,7660,non-mge
2022,1213658,1213675,18,non-cds,non-cds,contig_1,.,2836,2836,2836,0,2836,2836,2836,0.0129444149479594,0,0.000894513760651448,0.00309763366699359,0,0,0,6,non-mge
2023,1213676,1214068,393,HTH cro/C1-type domain-containing protein,PANCAC_01154,contig_1,+,2836,2831,2835.25190839695,1.33827206278711,2836,2835,2836,0.530667280718606,0,0.00491160037650587,0.036094691398489,0,0,0,1558,non-mge
2024,1214069,1214101,33,non-cds,non-cds,contig_1,.,2836,2836,2836,0,2836,2836,2836,0.106567315095575,0,0.00322931257865378,0.0185509884133299,0,0,0,63,non-mge
2025,1214102,1214680,579,CDP-diacylglycerol--glycerol-3-phosphate 3-phosphatidyltransferase PgsA,PANCAC_01155,contig_1,+,2836,2830,2835.16062176166,1.59912507229005,2836,2835,2836,0.566752178571624,0,0.00522850866303924,0.0384558080504001,0,0,0,2529,non-mge
2026,1214681,1214906,226,non-cds,non-cds,contig_1,.,2836,2692,2819.88938053097,36.2611659133063,2831,2827,2834,0.669675242768359,0,0.012619343767549,0.0794327964867095,0,0,0,3691,non-mge
2027,1214907,1216058,1152,Putative competence-damage inducible protein,PANCAC_01156,contig_1,+,2836,2827,2834.70833333333,2.02761131519964,2836,2834,2836,0.693147180559945,0,0.0102150222393448,0.0733858638041112,0,0,0,18105,non-mge
2028,1216059,1216222,164,non-cds,non-cds,contig_1,.,2835,2829,2832.98780487805,2.45446333113828,2834,2831,2835,0.675600047474525,0,0.0169014990240765,0.0880001038954092,0,0,0,3142,non-mge
2029,1216223,1217266,1044,recombinase RecA,PANCAC_01157,contig_1,+,2836,2833,2835.8745210728,0.374859846658731,2836,2836,2836,0.597093475065986,0,0.0045869379505715,0.0442270962941562,0,0,0,5001,non-mge
2030,1217267,1217619,353,non-cds,non-cds,contig_1,.,2836,2826,2831.72804532578,2.38120740911254,2832,2830,2833,0.661334348932659,0,0.00740827876601387,0.0529660512018712,0,0,0,2682,non-mge
2031,1217620,1219179,1560,ribonuclease Y,PANCAC_01158,contig_1,+,2836,2830,2835.54294871795,1.0813962525224,2836,2836,2836,0.693147180559945,0,0.00480579656219851,0.0480849813538361,0,0,0,9838,non-mge
2032,1219180,1219475,296,non-cds,non-cds,contig_1,.,2836,2673,2822.05067567568,39.7764192074355,2836,2832,2836,0.669675242768359,0,0.0147514961104583,0.0804637075683706,0,0,0,4930,non-mge
2033,1219476,1219691,216,Phage protein,PANCAC_01160,contig_1,-,2836,2833,2835.45833333333,0.739657368824116,2836,2835,2836,0.599038014817151,0,0.00525321543544964,0.0447503053329085,0,0,0,1148,non-mge
2034,1219692,1219864,173,non-cds,non-cds,contig_1,.,2836,2830,2834.05202312139,2.28306682753641,2835,2832,2836,0.589962366512656,0,0.00388589363601571,0.0448803426297073,0,0,0,815,non-mge
2035,1219865,1220662,798,TIGR00282 family metallophosphoesterase,PANCAC_01161,contig_1,+,2836,2834,2835.81578947368,0.544069258811239,2836,2836,2836,0.686079657738187,0,0.00655539001324325,0.0536037340802199,0,0,0,5942,non-mge
2036,1220663,1220801,139,non-cds,non-cds,contig_1,.,2836,2823,2827.8345323741,4.28275463688284,2827,2824,2830.5,0.61954812073679,0,0.00638200368219716,0.0547186394181784,0,0,0,1039,non-mge
2037,1220802,1222562,1761,2-oxoacid ferredoxin oxidoreductase subunit alpha,PANCAC_01162,contig_1,+,2836,2831,2835.48665530948,1.02078857656851,2836,2835,2836,0.68550348944892,0,0.00789519520021596,0.0596311439639867,0,0,0,20005,non-mge
2038,1222563,1223429,867,2-oxoacid ferredoxin oxidoreductase,PANCAC_01163,contig_1,+,2836,2830,2834.68050749712,1.13951722725126,2835,2835,2835,0.690690904194969,0,0.00842196590235495,0.0625430899880379,0,0,0,13783,non-mge
2039,1223430,1223522,93,non-cds,non-cds,contig_1,.,2834,2717,2827.38709677419,20.4184657783226,2831,2830,2834,0.021444615260183,0,0.000827825241771942,0.00342093498527974,0,0,0,30,non-mge
2040,1223523,1223816,294,Thiamine-binding protein domain-containing protein,PANCAC_01164,contig_1,+,2836,2834,2835.85714285714,0.444918215439685,2836,2836,2836,0.530667280718606,0,0.01115944307722,0.0623092050904245,0,0,0,3046,non-mge
2041,1223817,1223949,133,non-cds,non-cds,contig_1,.,2835,2834,2834.72932330827,0.445989189107868,2835,2834,2835,0.532522506434667,0,0.0084781031370235,0.0570444565093379,0,0,0,1098,non-mge
2042,1223950,1225494,1545,tRNA (N6-isopentenyl adenosine(37)-C2)-methylthiotransferase MiaB,PANCAC_01165,contig_1,+,2836,2832,2835.74627831715,0.717355670668804,2836,2836,2836,0.697915246743278,0,0.00915839570954599,0.0685293382114272,0,0,0,23454,non-mge
2043,1225495,1225860,366,YlbF family regulator,PANCAC_01166,contig_1,+,2836,2835,2835.76775956284,0.422839594708806,2836,2836,2836,0.659792688086785,0,0.00917283151233531,0.0643820562902578,0,0,0,8207,non-mge
2044,1225861,1225886,26,non-cds,non-cds,contig_1,.,2836,2835,2835.5,0.509901951359279,2835.5,2835,2836,0.00582454957683332,0,0.000224021137570512,0.0011422881519293,0,0,0,2,non-mge
2045,1225887,1226378,492,energy coupling factor transporter S component ThiW,PANCAC_01167,contig_1,+,2836,2835,2835.92276422764,0.267236901280724,2836,2836,2836,0.686079657738187,0,0.00916890100633309,0.0662243032609024,0,0,0,7017,non-mge
2046,1226379,1226680,302,non-cds,non-cds,contig_1,.,2836,2832,2835.21854304636,1.1946394095035,2836,2835,2836,0.679626272046877,0,0.0124559549898637,0.0765698494833649,0,0,0,4971,non-mge
2047,1226681,1229299,2619,DNA mismatch repair protein MutS,PANCAC_01168,contig_1,+,2836,2831,2835.52195494464,1.05202478401128,2836,2836,2836,0.837212234257635,0,0.00700124109785317,0.058749284763819,0,0,0,27097,non-mge
2048,1229300,1229311,12,non-cds,non-cds,contig_1,.,2836,2836,2836,0,2836,2836,2836,0.0785833664171198,0,0.00798949050948981,0.0227802227733072,0,0,0,50,non-mge
2049,1229312,1231321,2010,DNA mismatch repair endonuclease MutL,PANCAC_01169,contig_1,+,2836,2833,2835.72437810945,0.584904459546871,2836,2836,2836,0.699732688154146,0,0.00833220333199049,0.0592089059973031,0,0,0,19841,non-mge
2050,1231322,1231335,14,non-cds,non-cds,contig_1,.,2836,2836,2836,0,2836,2836,2836,0.0193832908033096,0,0.00288249297986947,0.00634124524540443,0,0,0,16,non-mge
2051,1231336,1231869,534,Glycerol uptake operon antiterminator regulatory protein,PANCAC_01170,contig_1,+,2836,2816,2832.29588014981,5.03333185117677,2834,2834,2835,0.867693424598175,0,0.0139812819424125,0.0906125340106645,0,0,0,10920,non-mge
2052,1231870,1232333,464,non-cds,non-cds,contig_1,.,2836,2826,2833.28017241379,2.71607389840799,2834.5,2832,2835,0.686230913511852,0,0.00392422749662899,0.0417725814577335,0,0,0,2187,non-mge
2053,1232334,1233152,819,Aquaporin family protein,PANCAC_01171,contig_1,+,2836,2834,2835.73382173382,0.54388480592746,2836,2836,2836,0.599038014817151,0,0.00416217742114132,0.03779575097265,0,0,0,3146,non-mge
2054,1233153,1233280,128,non-cds,non-cds,contig_1,.,2836,2835,2835.6875,0.4653336792785,2836,2835,2836,0.300048252371622,0,0.00682363872729397,0.0405399619924762,0,0,0,666,non-mge
2055,1233281,1234777,1497,glycerol kinase GlpK,PANCAC_01172,contig_1,+,2836,2835,2835.96726786907,0.177994107005479,2836,2836,2836,0.6760031463476,0,0.00776321070472413,0.0567874409084975,0,0,0,13054,non-mge
2056,1234778,1234934,157,non-cds,non-cds,contig_1,.,2836,2836,2836,0,2836,2836,2836,0.641927394074252,0,0.0119862227134167,0.0719575457567865,0,0,0,2969,non-mge
2057,1234935,1236608,1674,Aerobic glycerol-3-phosphate dehydrogenase,PANCAC_01173,contig_1,+,2836,2831,2835.78136200717,0.759863805797736,2836,2836,2836,0.620969397117501,0,0.00704721946374761,0.0528693151472784,0,0,0,13188,non-mge
2058,1236609,1236754,146,non-cds,non-cds,contig_1,.,2836,2833,2835.58219178082,0.672174539269619,2836,2835,2836,0.64331286193097,0,0.0161243988063585,0.0884507146931104,0,0,0,3682,non-mge
2059,1236755,1237672,918,Hydrolase%2C alpha/beta fold family domain protein,PANCAC_01174,contig_1,+,2836,2830,2834.99673202614,1.74271820300672,2836,2835,2836,0.68457079592703,0,0.00610084746134336,0.0494171226398423,0,0,0,6074,non-mge
2060,1237673,1237689,17,non-cds,non-cds,contig_1,.,2836,2836,2836,0,2836,2836,2836,0.00315683274376661,0,0.000557088131252932,0.00124048571018175,0,0,0,3,non-mge
2061,1237690,1238625,936,tRNA (adenosine(37)-N6)-dimethylallyltransferase MiaA,PANCAC_01175,contig_1,+,2836,2829,2835.42841880342,1.53434968015562,2836,2836,2836,0.647646057543232,0,0.00599930726963417,0.0473806585921559,0,0,0,5560,non-mge
2062,1238626,1238639,14,non-cds,non-cds,contig_1,.,2836,2836,2836,0,2836,2836,2836,0.00315683274376661,0,0.000225488053126187,0.000843699039608871,0,0,0,1,non-mge
2063,1238640,1238873,234,RNA chaperone Hfq,PANCAC_01176,contig_1,+,2836,2836,2836,0,2836,2836,2836,0.273023448095121,0,0.00412403151233933,0.0281937405621651,0,0,0,650,non-mge
2064,1238874,1239094,221,non-cds,non-cds,contig_1,.,2836,2831,2834.04524886878,1.46713621991375,2834,2833,2835,0.662661988497977,0,0.00685609436444779,0.0515574831207271,0,0,0,1643,non-mge
2065,1239095,1239571,477,Glutathione peroxidase-like protein BsaA,PANCAC_01177,contig_1,-,2836,2834,2835.39622641509,0.724877862136141,2836,2835,2836,0.689784096742171,0,0.0137825524668591,0.0810650523328861,0,0,0,8420,non-mge
2066,1239572,1239682,111,non-cds,non-cds,contig_1,.,2836,2832,2833.6036036036,1.33674828853303,2834,2832,2835,0.64477109050949,0,0.0137253613367219,0.0879508221764213,0,0,0,4005,non-mge
2067,1239683,1240921,1239,GTPase HflX,PANCAC_01178,contig_1,+,2836,2835,2835.95722356739,0.202434394869142,2836,2836,2836,0.689877031364027,0,0.0075240465693965,0.0593816699652728,0,0,0,12185,non-mge
2068,1240922,1240939,18,non-cds,non-cds,contig_1,.,2836,2836,2836,0,2836,2836,2836,0,0,0,0,0,0,0,0,non-mge
2069,1240940,1242178,1239,Aminotransferase class I/II-fold pyridoxal phosphate-dependent enzyme,PANCAC_01179,contig_1,+,2836,2835,2835.94027441485,0.237073410269873,2836,2836,2836,0.691747554188111,0,0.00822737360561142,0.0611325184741632,0,0,0,13420,non-mge
2070,1242179,1242420,242,non-cds,non-cds,contig_1,.,2836,2836,2836,0,2836,2836,2836,0.648005983044387,0,0.00668748884811404,0.0498750963768944,0,0,0,1665,non-mge
2071,1242421,1242789,369,HTH merR-type domain-containing protein,PANCAC_01180,contig_1,+,2836,2836,2836,0,2836,2836,2836,0.29335747434326,0,0.00217420959266063,0.0199149665616325,0,0,0,543,non-mge
2072,1242790,1242807,18,non-cds,non-cds,contig_1,.,2836,2836,2836,0,2836,2836,2836,0.00315683274376661,0,0.000175379596875923,0.000744072613396369,0,0,0,1,non-mge
2073,1242808,1244148,1341,type I glutamate--ammonia ligase,PANCAC_01181,contig_1,+,2836,2834,2835.39746457867,0.548506370503752,2835,2835,2836,0.693147180559945,0,0.0061395522959886,0.0463895678993451,0,0,0,10672,non-mge
2074,1244149,1245422,1274,non-cds,non-cds,contig_1,.,2835,2483,2565.39167974882,69.8383362233499,2542,2535,2586.75,0.693147180559945,0,0.00876337042217512,0.0629134787278087,0,0,0,13793,non-mge
2075,1245423,1245512,90,hypothetical protein,PANCAC_01182,contig_1,+,2537,2293,2454.77777777778,82.4184687737296,2473,2387.25,2533.75,0.200852114678389,0,0.00299300231878603,0.0213826590078575,0,0,0,151,non-mge
2076,1245513,1245538,26,non-cds,non-cds,contig_1,.,2397,2319,2360.96153846154,19.4576067782875,2359,2357.25,2375.5,0.354585621909433,0,0.0314373429464267,0.090275350567356,0,0,0,513,non-mge
2077,1245539,1245751,213,XRE family transcriptional regulator,PANCAC_01183,contig_1,+,2478,2397,2473.47417840376,10.7236091109406,2477,2476,2477,0.65584360386277,0,0.00538412055613882,0.0473322666812148,0,0,0,1808,non-mge
2078,1245752,1246044,293,non-cds,non-cds,contig_1,.,2510,2206,2449.2457337884,84.5421655996069,2474,2449,2505,0.683692217060811,0,0.0118009710916943,0.0806293943535494,0,0,0,4664,non-mge
2079,1246045,1246251,207,DNA-binding protein,PANCAC_01184,contig_1,+,2526,2508,2520.48309178744,6.17530739821168,2524,2513,2525,0.418086484268469,0,0.00432702742522975,0.0409666825568844,0,0,0,763,non-mge
2080,1246252,1247489,1238,non-cds,non-cds,contig_1,.,2524,2351,2482.21647819063,32.6006926421465,2485,2479,2495,0.693034183599966,0,0.00913502303683614,0.0618430355984517,0,0,0,10905,non-mge
2081,1247490,1247675,186,DNA-binding protein,PANCAC_01185,contig_1,+,2525,2520,2524.31720430108,0.942351705263928,2525,2524,2525,0.586714674006581,0,0.00662536257851042,0.0579121072074067,0,0,0,3848,non-mge
2082,1247676,1248186,511,non-cds,non-cds,contig_1,.,2580,2504,2543.35225048924,24.0519289068684,2528,2526,2579,0.595583373079378,0,0.00947502451844887,0.0629123481185053,0,0,0,4523,non-mge
2083,1248187,1248291,105,hypothetical protein,PANCAC_01186,contig_1,+,2536,1638,1993.13333333333,435.942768532634,1646,1646,2535,0.273412949211365,0,0.00338184655384743,0.0274569541506013,0,0,0,152,64
2084,1248292,1248419,128,non-cds,non-cds,contig_1,.,1646,1634,1643.2265625,4.91376796863734,1646,1645,1646,0.273412949211365,0,0.00251620920499435,0.0241898469343015,0,0,0,138,64
2085,1248420,1248671,252,Phage protein,PANCAC_01187,contig_1,+,2459,1617,1667.05555555556,177.423225326752,1630,1628,1630,0.395344947183401,0,0.00426305012918001,0.0330933491239925,0,0,0,523,64
2086,1248672,1248716,45,non-cds,non-cds,contig_1,.,2580,2576,2578.62222222222,0.983705630601334,2579,2578,2579,0.00343821771386401,0,7.64048380858669e-05,0.00051253923530959,0,0,0,1,non-mge
2087,1248717,1249301,585,Phage head morphogenesis domain-containing protein,PANCAC_01188,contig_1,+,2775,846,1749.0735042735,940.364737091918,851,849,2740,0.582494310471356,0,0.00469772736285636,0.0441217044970403,0,0,0,861,65
2088,1249302,1249421,120,non-cds,non-cds,contig_1,.,846,809,829.508333333333,13.1781559984016,830.5,816,842,0.0170561622295314,0,0.000514495318337245,0.00259403761870653,0,0,0,7,65
2089,1249422,1249670,249,hypothetical protein,PANCAC_01189,contig_1,+,838,798,831.341365461847,10.5837641818508,837,830,838,0.575513263755799,0,0.0105825872117437,0.0699386435674223,0,0,0,869,65
2090,1249671,1249799,129,non-cds,non-cds,contig_1,.,1719,838,1584.86046511628,311.537762162,1718,1706,1719,0.459586331494029,0,0.00371703396138169,0.0404885919445659,0,0,0,301,65
2091,1249800,1249901,102,hypothetical protein,PANCAC_01190,contig_1,+,1755,1484,1539.09803921569,68.8990522580525,1521,1493,1523,0.0403855326979502,0,0.000395936595077943,0.00399876359726796,0,0,0,10,65
2092,1249902,1249946,45,non-cds,non-cds,contig_1,.,1523,1522,1522.95555555556,0.208409077139993,1523,1523,1523,0,0,0,0,0,0,0,0,65
2093,1249947,1250213,267,Phage protein,PANCAC_01191,contig_1,+,1525,740,855.677902621723,264.502528518305,753,753,755,0.606073671564654,0,0.00492605399530717,0.0524273480695893,0,0,0,454,65
2094,1250214,1250221,8,non-cds,non-cds,contig_1,.,740,740,740,0,740,740,740,0,0,0,0,0,0,0,0,65
2095,1250222,1250347,126,Phage protein,PANCAC_01192,contig_1,+,2549,740,881.468253968254,337.189506040931,743,743,743,0.0404084077498805,0,0.000610939675378693,0.00436667123559671,0,0,0,9,65
2096,1250348,1250774,427,non-cds,non-cds,contig_1,.,2774,1561,2482.39344262295,401.580451371871,2728,2549,2747,0.181862806672718,0,0.000572574738095428,0.00885661926258581,0,0,0,105,66
2097,1250775,1251065,291,Bacterial toxin 50 domain-containing protein,PANCAC_01193,contig_1,+,1605,1560,1572.21305841924,11.4242317146051,1570,1567,1572,0.666100160459227,0,0.011688719932873,0.0701495461481469,0,0,0,2050,66
2098,1251066,1251075,10,non-cds,non-cds,contig_1,.,1571,1571,1571,0,1571,1571,1571,0,0,0,0,0,0,0,0,66
2099,1251076,1251270,195,LSM domain protein,PANCAC_01194,contig_1,+,1573,1570,1571.86666666667,0.734051507130307,1572,1571,1572,0.414071268486555,0,0.00636325777965113,0.0437035840206291,0,0,0,581,66
2100,1251271,1251310,40,non-cds,non-cds,contig_1,.,1618,585,1176.85,489.459175637136,1569,585,1569.25,0,0,0,0,0,0,0,0,66
2101,1251311,1251661,351,Bacterial toxin 50 domain-containing protein,PANCAC_01195,contig_1,+,1115,585,904.099715099715,139.620153170476,880,878,882,0.671536247707002,0,0.00592072967717089,0.0590207686710526,0,0,0,1068,66
2102,1251662,1251667,6,non-cds,non-cds,contig_1,.,1115,1115,1115,0,1115,1115,1115,0.51301458599149,0,0.0855024309985816,0.209437327714052,0,0,0,233,66
2103,1251668,1251859,192,LSM domain protein,PANCAC_01196,contig_1,+,2739,1113,1153.44270833333,199.839796698403,1114,1114,1115,0.510864452559638,0,0.00598145739263833,0.0520083220786065,0,0,0,605,66
2104,1251860,1252407,548,non-cds,non-cds,contig_1,.,2830,2739,2822.7901459854,10.1407703182625,2824,2821,2829,0.692199252158989,0,0.0121025381226449,0.075156152951583,0,0,0,8718,non-mge
2105,1252408,1253433,1026,Aromatic amino acid beta-eliminating lyase/threonine aldolase domain-containing protein,PANCAC_01197,contig_1,-,2830,2816,2828.63645224172,3.36254791405302,2830,2829,2830,0.688902879479036,0,0.0111783053507968,0.068516427978471,0,0,0,14495,non-mge
2106,1253434,1253702,269,non-cds,non-cds,contig_1,.,2830,2827,2829.23791821561,0.816740048435971,2829,2829,2830,0.603502994588,0,0.00634665597898402,0.0518292317267627,0,0,0,1807,non-mge
2107,1253703,1253900,198,Phage protein,PANCAC_01198,contig_1,+,2830,2804,2820.79797979798,8.07450056349268,2824,2814,2828,0.0403556357212517,0,0.000450598327013023,0.00327694415071131,0,0,0,37,non-mge
2108,1253901,1253957,57,non-cds,non-cds,contig_1,.,2828,2827,2827.29824561404,0.461554527064391,2827,2827,2828,0.0129760434235427,0,0.000330120902603049,0.00187217100576213,0,0,0,7,non-mge
2109,1253958,1255439,1482,cardiolipin synthase,PANCAC_01199,contig_1,+,2830,2818,2827.64844804318,1.87701571695274,2828,2826,2829,0.691777672498759,0,0.0073308624720375,0.0572371067579169,0,0,0,12850,non-mge
2110,1255440,1255622,183,non-cds,non-cds,contig_1,.,2048,2035,2043.70491803279,4.79701462437121,2046,2038.5,2048,0.575744775416602,0,0.00645078489202194,0.0590315575855485,0,0,0,974,non-mge
2111,1255623,1256522,900,ABC transporter ATP-binding protein,PANCAC_01200,contig_1,+,2062,2041,2055.40555555556,3.58946862474568,2055,2054,2058,0.245967856217776,0,0.000847893130643197,0.00999063091888886,0,0,0,317,non-mge
2112,1256491,1257222,732,ABC transmembrane type-2 domain-containing protein,PANCAC_01201,contig_1,+,2072,2053,2065.54234972678,5.38956878174624,2066,2061,2070,0.57933991333886,0,0.00776772062848717,0.0555161869038642,0,0,0,4081,non-mge
2113,1257223,1257225,3,non-cds,non-cds,contig_1,.,2055,2055,2055,0,2055,2055,2055,0,0,0,0,0,0,0,0,non-mge
2114,1257226,1258317,1092,histidine kinase,PANCAC_01202,contig_1,+,2078,1790,2051.39285714286,54.9515115340508,2069,2054,2073,0.635498591380728,0,0.00462084087508328,0.0400933480469493,0,0,0,3419,non-mge
2115,1258314,1258916,603,Response regulator transcription factor,PANCAC_01203,contig_1,+,2834,2066,2095.61691542289,133.33402032434,2073,2069,2074,0.371716538581666,0,0.004010253225566,0.035369970490739,0,0,0,1507,non-mge
2116,1258917,1259028,112,non-cds,non-cds,contig_1,.,2834,2834,2834,0,2834,2834,2834,0.689751158808996,0,0.017605967781942,0.0937191365370533,0,0,0,2597,non-mge
2117,1259029,1259217,189,LapA family protein,PANCAC_01204,contig_1,-,2834,2834,2834,0,2834,2834,2834,0.662594812034616,0,0.0104882405393865,0.0660321544464627,0,0,0,2189,non-mge
2118,1259218,1259355,138,non-cds,non-cds,contig_1,.,2834,2830,2832.84057971014,1.33589619341673,2833,2832,2834,0.693147180559945,0,0.0118835199078012,0.0844361346864181,0,0,0,3008,non-mge
2119,1259356,1259889,534,thermonuclease NucI,PANCAC_01205,contig_1,+,2835,2772,2833.64981273408,3.45203395499004,2834,2834,2835,0.299226311894119,0,0.0020017637931006,0.017937812683792,0,0,0,685,non-mge
2120,1259890,1260031,142,non-cds,non-cds,contig_1,.,2833,2714,2790.95070422535,40.6178047576471,2810.5,2742,2823,0.235183940527022,0,0.00392033449117567,0.0259039948887864,0,0,0,370,non-mge
2121,1260032,1260886,855,NERD domain-containing protein,PANCAC_01206,contig_1,-,2835,2814,2832.99532163743,5.07115427905276,2835,2834,2835,0.692893698417275,0,0.00994265905717462,0.0676371403986352,0,0,0,10874,non-mge
2122,1260887,1261207,321,non-cds,non-cds,contig_1,.,2834,2814,2828.26479750779,6.9165770553066,2833,2822,2834,0.302651917583969,0,0.00185139661577348,0.0174901186720317,0,0,0,376,non-mge
2123,1261208,1261792,585,Phage protein,PANCAC_01207,contig_1,+,2834,2825,2832.24444444444,1.96721608299632,2833,2832,2834,0.919492148010331,0,0.00570768057984488,0.0513001569848994,0,0,0,3318,non-mge
2124,1261793,1261845,53,non-cds,non-cds,contig_1,.,2833,2832,2832.92452830189,0.266678761215811,2833,2833,2833,0.184129583134058,0,0.0062187139497031,0.028898232276627,0,0,0,206,non-mge
2125,1261846,1263228,1383,aspartate kinase,PANCAC_01208,contig_1,-,2835,2827,2834.19956616052,1.48726376340951,2835,2834,2835,0.693147180559945,0,0.00804065263592751,0.0627166520662691,0,0,0,17647,non-mge
2126,1263229,1263418,190,non-cds,non-cds,contig_1,.,2835,2825,2831.91052631579,3.46064720631927,2833,2828,2835,0.081696476261515,0,0.00232416917090195,0.00960782756942667,0,0,0,197,non-mge
2127,1263419,1264699,1281,Homoserine dehydrogenase,PANCAC_01209,contig_1,+,2835,2833,2834.89929742389,0.38528537280978,2835,2835,2835,0.68603136942343,0,0.00600274791927775,0.0516457561345715,0,0,0,9571,non-mge
2128,1264700,1264704,5,non-cds,non-cds,contig_1,.,2835,2835,2835,0,2835,2835,2835,0,0,0,0,0,0,0,0,non-mge
2129,1264705,1265766,1062,threonine synthase,PANCAC_01210,contig_1,+,2835,2833,2834.631826742,0.581723086534063,2835,2834,2835,0.678366070844802,0,0.00874777642550493,0.0632567695184097,0,0,0,12772,non-mge
2130,1265767,1265767,1,non-cds,non-cds,contig_1,.,2833,2833,2833,NA,2833,2833,2833,0,0,0,NA,0,0,0,0,non-mge
2131,1265768,1266682,915,homoserine kinase,PANCAC_01211,contig_1,+,2835,2832,2834.19344262295,0.670380420216242,2834,2834,2835,0.631835144796069,0,0.00621947026617526,0.0460034871614962,0,0,0,5289,non-mge
2132,1266683,1266739,57,non-cds,non-cds,contig_1,.,2835,2833,2833.75438596491,0.968811896720963,2833,2833,2835,0.678220771481941,0,0.0123824566535552,0.0897914870035418,0,0,0,1180,non-mge
2133,1266740,1267543,804,Cof-type HAD-IIB family hydrolase,PANCAC_01212,contig_1,+,2835,2832,2834.83955223881,0.58870886736826,2835,2835,2835,0.690310093529836,0,0.00983350570653143,0.0674672212126092,0,0,0,11086,non-mge
2134,1267544,1267835,292,non-cds,non-cds,contig_1,.,2835,2828,2833.1095890411,2.54343245001381,2834.5,2832,2835,0.670327579516075,0,0.00699814608065503,0.0565257281728956,0,0,0,2381,non-mge
2135,1267836,1268150,315,Phage protein,PANCAC_01213,contig_1,-,2835,2834,2834.28253968254,0.450950758726579,2834,2834,2835,0.692237039205831,0,0.00894351117193595,0.064586677729829,0,0,0,4970,non-mge
2136,1268151,1268367,217,non-cds,non-cds,contig_1,.,2835,2825,2829.99078341014,2.2381183883933,2830,2829,2832,0.69103406139583,0,0.00856957048285869,0.0583719569021422,0,0,0,2191,non-mge
2137,1268368,1269822,1455,Amino acid permease/ SLC12A domain-containing protein,PANCAC_01214,contig_1,-,2835,2833,2834.27972508591,0.824801209860319,2835,2834,2835,0.689811917782003,0,0.0057782406417296,0.053823612920391,0,0,0,11849,non-mge
2138,1269823,1270025,203,non-cds,non-cds,contig_1,.,2834,2830,2832.45320197044,1.35760676643619,2833,2832,2833,0.692678855846301,0,0.0075434423481291,0.0549013946790575,0,0,0,1894,non-mge
2139,1270026,1271543,1518,Catalase,PANCAC_01215,contig_1,+,2835,2831,2834.78260869565,0.728124558134808,2835,2835,2835,0.83753787037059,0,0.00818177846439468,0.0595234429368369,0,0,0,13474,non-mge
2140,1271544,1271633,90,non-cds,non-cds,contig_1,.,2835,2835,2835,0,2835,2835,2835,0.0586764519940338,0,0.00159558263587285,0.00707882765868988,0,0,0,63,non-mge
2141,1271634,1271783,150,50S ribosomal protein L33,PANCAC_01216,contig_1,+,2835,2835,2835,0,2835,2835,2835,0.300048252371622,0,0.00248810665647034,0.0245978445567957,0,0,0,280,non-mge
2142,1271784,1272236,453,non-cds,non-cds,contig_1,.,2835,2805,2831.60706401766,6.06310060342962,2833,2832,2834,0.682469959117999,0,0.0103925938762278,0.0625165327572287,0,0,0,4910,non-mge
2143,1272237,1272506,270,30S ribosomal protein S14,PANCAC_01217,contig_1,+,2834,2751,2815.20740740741,28.7761767163973,2833,2806.25,2834,0.34762955462274,0,0.00509021709251772,0.034958121565705,0,0,0,1046,non-mge
2144,1272507,1272662,156,non-cds,non-cds,contig_1,.,2834,2820,2829.58974358974,5.00434881184394,2833,2825,2833,0.362738030065716,0,0.00459940711481682,0.0344634446008847,0,0,0,554,non-mge
2145,1272663,1273640,978,GMP reductase,PANCAC_01218,contig_1,+,2835,2829,2834.60327198364,1.04458908468191,2835,2835,2835,0.633107442843691,0,0.00549474962514244,0.0429478347935053,0,0,0,4943,non-mge
2146,1273641,1273814,174,non-cds,non-cds,contig_1,.,2834,2829,2832.74137931034,1.48472388777243,2833,2833,2834,0.300194379744852,0,0.00589367741486785,0.0370985948612775,0,0,0,771,non-mge
2147,1273815,1274678,864,CAP domain-containing protein,PANCAC_01219,contig_1,+,2835,2817,2832.88310185185,4.36211347127877,2834,2834,2835,0.685043003095424,0,0.0107430509383681,0.0678801792565379,0,0,0,13739,non-mge
2148,1274679,1275057,379,non-cds,non-cds,contig_1,.,2835,2834,2834.91556728232,0.278403199264276,2835,2835,2835,0.672427427107319,0,0.00729694428901761,0.0597210793012909,0,0,0,5060,non-mge
2149,1275058,1275681,624,transcriptional repressor LexA,PANCAC_01220,contig_1,-,2835,2829,2834.41185897436,1.30264100396705,2835,2834,2835,0.659606102730877,0,0.00824645899621654,0.0639561865064016,0,0,0,7762,non-mge
2150,1275682,1275820,139,non-cds,non-cds,contig_1,.,2835,2829,2833.61151079137,2.25385592741625,2835,2833,2835,0.644303772268129,0,0.0155523918297422,0.0774518963601798,0,0,0,2280,non-mge
2151,1275821,1276057,237,DNA damage-induced cell division inhibitor SosA,PANCAC_01221,contig_1,+,2835,2834,2834.81856540084,0.386193462958301,2835,2835,2835,0.677360553394853,0,0.0130293294435376,0.0734350941936895,0,0,0,3461,non-mge
2152,1276058,1276192,135,non-cds,non-cds,contig_1,.,2835,2834,2834.58518518519,0.494525027439419,2835,2834,2835,0.118391838307527,0,0.00323437863859578,0.016473312226056,0,0,0,240,non-mge
2153,1276193,1276432,240,UPF0291 protein SACOL1376,PANCAC_01222,contig_1,+,2834,2826,2832.975,2.09986052535434,2834,2833,2834,0.6203046918558,0,0.00640681868840741,0.055153401438633,0,0,0,1770,non-mge
2154,1276433,1276552,120,non-cds,non-cds,contig_1,.,2835,2826,2833.375,2.60272158785098,2835,2832,2835,0.65332785414157,0,0.00656193313091767,0.0600953463851322,0,0,0,1082,non-mge
2155,1276553,1278541,1989,transketolase,PANCAC_01223,contig_1,+,2835,2830,2834.71794871795,0.685715575503095,2835,2835,2835,0.692450080289474,0,0.0106310418784337,0.073782617596074,0,0,0,32234,non-mge
2156,1278542,1278773,232,non-cds,non-cds,contig_1,.,2835,2834,2834.84482758621,0.362851818248537,2835,2835,2835,1.06069115907237,0,0.0091817678815241,0.0843522947972013,0,0,0,3115,non-mge
2157,1278774,1279061,288,UPF0154 protein SaurJH1_1431,PANCAC_01224,contig_1,+,2835,2834,2834.55555555556,0.497768928631038,2835,2834,2835,0.53218264674512,0,0.00225032355503239,0.0314040802624152,0,0,0,678,non-mge
2158,1279062,1279239,178,non-cds,non-cds,contig_1,.,2835,2832,2834.98314606742,0.224859506698758,2835,2835,2835,0.355489839827732,0,0.00529643530217873,0.0374372342995626,0,0,0,748,non-mge
2159,1279240,1279707,468,DUF1453 domain-containing protein,PANCAC_01225,contig_1,+,2835,2833,2834.70299145299,0.609903653650488,2835,2835,2835,0.68611757827497,0,0.00931490391335293,0.0654241064031235,0,0,0,5198,non-mge
2160,1279708,1279830,123,non-cds,non-cds,contig_1,.,2835,2835,2835,0,2835,2835,2835,0.600414307733036,0,0.0164427989637035,0.074448225068505,0,0,0,1899,non-mge
2161,1279831,1280952,1122,exonuclease subunit SbcD,PANCAC_01226,contig_1,+,2835,2829,2834,1.65864856911437,2835,2834,2835,0.689723128497183,0,0.0113218069962393,0.0700783888941128,0,0,0,14724,non-mge
2162,1280953,1280955,3,non-cds,non-cds,contig_1,.,2830,2828,2829.33333333333,1.15470053837925,2830,2829,2830,0.0129681208605834,0,0.00432270695352781,0.00748714806974144,0,0,0.00648406043029171,5,non-mge
2163,1280956,1283799,2844,exonuclease subunit SbcC,PANCAC_01227,contig_1,+,2835,2199,2794.42862165963,95.9162316810528,2832,2826,2834,0.692424830188026,0,0.0121604245505006,0.0742092863356017,0,0,0,41468,non-mge
2164,1283800,1284056,257,non-cds,non-cds,contig_1,.,2835,2832,2833.96887159533,1.04161640605075,2833,2833,2835,0.42755459180873,0,0.00396303947915202,0.0302961192901906,0,0,0,761,non-mge
2165,1284057,1284419,363,large conductance mechanosensitive channel protein MscL,PANCAC_01228,contig_1,-,2835,2833,2834.03581267218,1.00073789800425,2835,2833,2835,0.530962231069224,0,0.00822953234250451,0.0574220045272342,0,0,0,2987,non-mge
2166,1284420,1284622,203,non-cds,non-cds,contig_1,.,2835,2834,2834.4236453202,0.495357169186663,2834,2834,2835,0.798342474524408,0,0.0116605684715333,0.0756028310596358,0,0,0,2414,non-mge
2167,1284623,1286269,1647,Glycine betaine transporter,PANCAC_01229,contig_1,+,2835,2832,2834.75045537341,0.631512080789783,2835,2835,2835,0.686789043789976,0,0.00720404413726744,0.0564364420148781,0,0,0,14415,non-mge
2168,1286270,1287160,891,non-cds,non-cds,contig_1,.,2835,2570,2787.02693602694,60.9027900463762,2809,2758,2832,0.68682390551779,0,0.00651120100009223,0.0530452625265987,0,0,0,6563,non-mge
2169,1287161,1289866,2706,aconitate hydratase AcnA,PANCAC_01231,contig_1,+,2835,2833,2834.81781226903,0.458713723858029,2835,2835,2835,0.690310093529836,0,0.0054373844370355,0.0466486800652461,0,0,0,16010,non-mge
2170,1289867,1290045,179,non-cds,non-cds,contig_1,.,2836,2826,2833.64804469274,2.43433632563497,2835,2834,2835,0.366191395611554,0,0.00416381939518109,0.0327790389501223,0,0,0,581,non-mge
2171,1290046,1290513,468,1%2C4-dihydroxy-2-naphthoyl-CoA hydrolase MenI,PANCAC_01232,contig_1,+,2836,2825,2834.7094017094,2.42333349986341,2835,2835,2836,0.620497628113372,0,0.00475093396340297,0.0405619180830902,0,0,0,2106,non-mge
2172,1290514,1290719,206,non-cds,non-cds,contig_1,.,2836,2822,2831.8932038835,5.00714147819082,2834,2828,2836,0.740692663227776,0,0.0175649483166758,0.0927689101449094,0,0,0,3979,non-mge
2173,1290720,1291016,297,Uncharacterized protein SAR1364,PANCAC_01233,contig_1,-,2836,2835,2835.93602693603,0.245117951367928,2836,2836,2836,0.688921564056943,0,0.0100998578419494,0.066530159004229,0,0,0,3490,non-mge
2174,1291017,1291391,375,non-cds,non-cds,contig_1,.,2836,2835,2835.71466666667,0.452176357310416,2836,2835,2836,0.693147180559945,0,0.00885203585748828,0.0609994724159801,0,0,0,3818,non-mge
2175,1291392,1292000,609,glycerol-3-phosphate 1-O-acyltransferase PlsY,PANCAC_01235,contig_1,-,2836,2835,2835.91297208539,0.28210767041386,2836,2836,2836,0.620410329880405,0,0.00448301583709904,0.0395594660909403,0,0,0,4413,non-mge
2176,1292001,1292205,205,non-cds,non-cds,contig_1,.,2836,2831,2833.11219512195,1.43215782655829,2833,2832,2834,0.563206813386867,0,0.00750476792647994,0.0513730405971473,0,0,0,1447,non-mge
2177,1292206,1294197,1992,DNA topoisomerase IV subunit B,PANCAC_01236,contig_1,+,2836,2834,2835.85140562249,0.402163950925393,2836,2836,2836,0.686079657738187,0,0.00769755388565008,0.0600745094218467,0,0,0,19989,non-mge
2178,1294197,1296599,2403,DNA topoisomerase IV subunit A,PANCAC_01237,contig_1,+,2836,2831,2835.6987099459,0.782794264986471,2836,2836,2836,0.691684127554203,0,0.00629728865332431,0.0507720513642001,0,0,0,18024,non-mge
2179,1296600,1296848,249,non-cds,non-cds,contig_1,.,2836,2831,2835.12048192771,1.28324428533363,2836,2834,2836,0.668861885857868,0,0.0114024951834481,0.0732393634283996,0,0,0,5029,non-mge
2180,1296849,1298309,1461,Amino acid carrier protein,PANCAC_01238,contig_1,+,2836,2832,2835.21149897331,0.800533562329996,2835,2835,2836,0.661990187176569,0,0.00681095192532283,0.055375188772532,0,0,0,12503,non-mge
2181,1298310,1298808,499,non-cds,non-cds,contig_1,.,2834,2814,2829.38076152305,4.88248556396964,2831,2827,2833,0.69305382320839,0,0.0147384461992167,0.0814579176604436,0,0,0,9649,non-mge
2182,1298809,1299660,852,glucose PTS transporter transcription antiterminator GlcT,PANCAC_01239,contig_1,+,2835,2822,2832.16079812207,2.92382141677228,2832,2831,2835,0.690476332652217,0,0.0069898035453354,0.0569104049298028,0,0,0,7030,non-mge
2183,1299661,1299854,194,non-cds,non-cds,contig_1,.,2835,2830,2831.78350515464,1.93000203561712,2831,2830,2834,0.689811917782003,0,0.0077559146744513,0.0642915777478047,0,0,0,2116,non-mge
2184,1299855,1301003,1149,AI-2E family transporter,PANCAC_01240,contig_1,+,2836,2831,2835.02436901654,1.42137664153031,2836,2835,2836,0.958058901889299,0,0.00567280624471925,0.0514445828648198,0,0,0,7351,non-mge
2185,1301004,1301483,480,non-cds,non-cds,contig_1,.,2836,2826,2832.02916666667,2.27337850478675,2832,2831,2833,0.735225074405258,0,0.00506605516660898,0.0489047048423993,0,0,0,2947,non-mge
2186,1301484,1304006,2523,bifunctional lysylphosphatidylglycerol flippase/synthetase MprF,PANCAC_01241,contig_1,+,2836,2827,2833.40467697186,2.47556054352381,2834,2832,2836,0.682545504294461,0,0.00435575412745207,0.0411409194893521,0,0,0,12430,non-mge
2187,1304007,1304208,202,non-cds,non-cds,contig_1,.,2836,2836,2836,0,2836,2836,2836,0.692339254982791,0,0.0159400867343078,0.0826108032202525,0,0,0,3896,non-mge
2188,1304209,1304718,510,Peptide methionine sulfoxide reductase MsrA 1,PANCAC_01242,contig_1,-,2836,2835,2835.8431372549,0.364028379234812,2836,2836,2836,0.530667280718606,0,0.00832009983172909,0.051483493074435,0,0,0,3754,non-mge
2189,1304719,1304854,136,non-cds,non-cds,contig_1,.,2836,2835,2835.64705882353,0.479651289456334,2836,2835,2836,0.00830757571750994,0,0.000168601517116476,0.00106841198243151,0,0,0,8,non-mge
2190,1304855,1305838,984,Regulatory protein MsrR,PANCAC_01243,contig_1,+,2836,2826,2835.42987804878,2.02857551044888,2836,2836,2836,0.677562771420096,0,0.00587567631478176,0.048020787103161,0,0,0,6466,non-mge
2191,1305839,1305925,87,non-cds,non-cds,contig_1,.,2836,2584,2742.24137931034,119.043178165919,2836,2584,2836,0.28153092501268,0,0.00404345009609469,0.0303376888554563,0,0,0,256,non-mge
2192,1305926,1306114,189,2-hydroxymuconate tautomerase,PANCAC_01244,contig_1,-,2836,2835,2835.92592592593,0.2625869963537,2836,2836,2836,0.517582437697099,0,0.00599713978442823,0.0503063578740981,0,0,0,1159,non-mge
2193,1306115,1306258,144,non-cds,non-cds,contig_1,.,2835,2832,2833.65972222222,0.909646780325894,2834,2833,2834,0.361481798636979,0,0.00825065076463553,0.0377666700443132,0,0,0,790,non-mge
2194,1306259,1307521,1263,UmuC domain-containing protein,PANCAC_01245,contig_1,+,2836,2832,2835.27236737926,1.03209418203148,2836,2835,2836,0.685731021845731,0,0.00995324811592679,0.0699197757770885,0,0,0,16191,non-mge
2195,1307522,1307657,136,non-cds,non-cds,contig_1,.,2836,2833,2833.98529411765,0.655295173723935,2834,2834,2834,0.693147180559945,0,0.0113301167789875,0.0808935826015071,0,0,0,2425,non-mge
2196,1307658,1308749,1092,prephenate dehydrogenase,PANCAC_01246,contig_1,-,2836,2828,2835.15476190476,1.60967663833888,2836,2835,2836,0.693142024992387,0,0.00972469961860686,0.0652938054803763,0,0,0,15303,non-mge
2197,1308750,1308913,164,non-cds,non-cds,contig_1,.,2834,2829,2832.17073170732,1.65640514033467,2832,2831,2834,0.670201405154401,0,0.00500348971999116,0.0527251708139007,0,0,0,1182,non-mge
2198,1308914,1309945,1032,Aminopeptidase,PANCAC_01247,contig_1,+,2836,2828,2834.99418604651,2.15409409132839,2836,2836,2836,0.986389640722636,0,0.00817156518456882,0.0640973385452016,0,0,0,10218,non-mge
2199,1309946,1310436,491,non-cds,non-cds,contig_1,.,2836,2828,2834.28105906314,2.5679396367783,2836,2834,2836,0.684158972778632,0,0.00560353146709088,0.0513260634885002,0,0,0,3539,non-mge
2200,1310437,1311843,1407,anthranilate synthase component I,PANCAC_01248,contig_1,+,2836,2828,2834.17484008529,2.0943243323266,2835,2834,2836,1.06949961018951,0,0.0112335680309917,0.0735506110767591,0,0,0,19264,non-mge
2201,1311840,1312406,567,Anthranilate synthase component II,PANCAC_01249,contig_1,+,2836,2833,2835.05996472663,0.754212199023868,2835,2835,2836,0.693147180559945,0,0.0101341514241393,0.0720626570611386,0,0,0,8878,non-mge
2202,1312407,1312411,5,non-cds,non-cds,contig_1,.,2834,2834,2834,0,2834,2834,2834,0,0,0,0,0,0,0,0,non-mge
2203,1312412,1313410,999,Anthranilate phosphoribosyltransferase,PANCAC_01250,contig_1,+,2836,2833,2835.28028028028,0.807977212471533,2835,2835,2836,0.668861885857868,0,0.00374406713606965,0.0364335111924713,0,0,0,3669,non-mge
2204,1313411,1313411,1,non-cds,non-cds,contig_1,.,2836,2836,2836,NA,2836,2836,2836,0,0,0,NA,0,0,0,0,non-mge
2205,1313412,1314194,783,indole-3-glycerol phosphate synthase TrpC,PANCAC_01251,contig_1,+,2836,2833,2835.75989782886,0.664077145383619,2836,2836,2836,0.69216874298434,0,0.0128648529125162,0.0769082787683278,0,0,0,11717,non-mge
2206,1314191,1314826,636,phosphoribosylanthranilate isomerase,PANCAC_01252,contig_1,+,2836,2835,2835.93710691824,0.242961637001451,2836,2836,2836,0.64028583577922,0,0.0118643722637321,0.0670802505650527,0,0,0,7478,non-mge
2207,1314819,1316033,1215,tryptophan synthase subunit beta,PANCAC_01253,contig_1,+,2836,2832,2835.27983539095,1.41096435150489,2836,2835,2836,0.865019682751376,0,0.0124585785362863,0.0771844376418241,0,0,0,23172,non-mge
2208,1316026,1316754,729,tryptophan synthase subunit alpha,PANCAC_01254,contig_1,+,2836,2831,2834.27846364883,1.29796537700329,2834,2834,2835,0.713104535813955,0,0.0121763341935119,0.0744424377877143,0,0,0,9913,non-mge
2209,1316755,1317075,321,non-cds,non-cds,contig_1,.,2836,2826,2831.95638629283,3.21295687806599,2833,2829,2836,0.62170008999708,0,0.00541781492928082,0.0510052893299576,0,0,0,3446,non-mge
2210,1317076,1318338,1263,glycine glycyltransferase FemA,PANCAC_01255,contig_1,+,2836,2834,2835.7585114806,0.529139780920318,2836,2836,2836,0.68581893935446,0,0.00836003973386335,0.0612771063751828,0,0,0,13742,non-mge
2211,1318339,1318356,18,non-cds,non-cds,contig_1,.,2836,2836,2836,0,2836,2836,2836,0.00582454957683332,0,0.000323586087601851,0.00137285950104536,0,0,0,2,non-mge
2212,1318357,1319616,1260,glycine glycyltransferase FemB,PANCAC_01256,contig_1,+,2836,2827,2834.56666666667,2.28080361518838,2836,2834,2836,0.966077877793924,0,0.00724552171387008,0.0621504979427932,0,0,0,16219,non-mge
2213,1319617,1320298,682,non-cds,non-cds,contig_1,.,2827,2311,2508.89736070381,221.246770271852,2371,2358,2812,0.4193919528207,0,0.00678781368473881,0.0395792671384216,0,0,0,3047,non-mge
2214,1320299,1321066,768,Hydrolase,PANCAC_01257,contig_1,+,2832,2808,2826.22135416667,6.39450238449624,2830,2824,2831,0.693133733015027,0,0.0115692772912723,0.0670660440628681,0,0,0,10167,non-mge
2215,1321067,1321113,47,non-cds,non-cds,contig_1,.,2819,2818,2818.21276595745,0.4136880894317,2818,2818,2818,0.668643625460108,0,0.0216792151729458,0.106345902674694,0,0,0,1359,non-mge
2216,1321114,1321587,474,SWIM-type domain-containing protein,PANCAC_01258,contig_1,-,2832,2818,2829.61392405063,3.49216825406894,2831,2829,2831,0.687245685533671,0,0.0117933574837117,0.0663318185003409,0,0,0,5904,non-mge
2217,1321588,1321710,123,non-cds,non-cds,contig_1,.,2831,2642,2684.82113821138,70.0489328408112,2652,2651,2653.5,0.688881155030417,0,0.0056753282206524,0.0621104748916613,0,0,0,1201,non-mge
2218,1321711,1322412,702,Nickel import system ATP-binding protein NikE,PANCAC_01259,contig_1,-,2657,2649,2655.23931623932,1.78270134015235,2656,2655,2656,0.691355887243796,0,0.00917935574560623,0.0579317093475126,0,0,0,6224,non-mge
2219,1322405,1323181,777,Nickel import system ATP-binding protein NikD,PANCAC_01260,contig_1,-,2657,2650,2655.40411840412,1.9053325943889,2656,2655,2657,0.828451189898186,0,0.0126339876002345,0.0785556218965318,0,0,0,12756,non-mge
2220,1323165,1323995,831,nickel transporter permease,PANCAC_01261,contig_1,-,2658,2648,2656.412755716,2.06153083528521,2657,2656,2658,0.693125616001467,0,0.00743774802015508,0.062207206893591,0,0,0,9127,non-mge
2221,1323988,1324974,987,nickel ABC transporter permease,PANCAC_01262,contig_1,-,2658,2645,2655.45390070922,2.46777455202542,2656,2654,2657,0.923194644968794,0,0.00734231591170882,0.0565925823100812,0,0,0,7310,non-mge
2222,1324975,1325277,303,non-cds,non-cds,contig_1,.,2836,2647,2664.67326732673,48.0891367951206,2652,2648.5,2655,0.683993329377601,0,0.00920015630551948,0.0633782078619996,0,0,0,3175,non-mge
2223,1325278,1325622,345,Permease,PANCAC_01263,contig_1,-,2836,2833,2835.07246376812,0.801866292929039,2835,2835,2836,0.620217306493613,0,0.0114872351286536,0.0657487608200267,0,0,0,3948,non-mge
2224,1325623,1325826,204,non-cds,non-cds,contig_1,.,2836,2831,2832.92156862745,1.34410791929642,2833,2832,2834,0.689839652790909,0,0.00810825098722581,0.0640939348851886,0,0,0,2227,non-mge
2225,1325827,1327641,1815,oligoendopeptidase F,PANCAC_01264,contig_1,+,2836,2834,2835.1129476584,0.53532632322868,2835,2835,2835,0.78862406035206,0,0.00752593521687681,0.0520419879493299,0,0,0,13421,non-mge
2226,1327642,1327780,139,non-cds,non-cds,contig_1,.,2835,2208,2716.84172661871,244.963329376105,2833,2833,2835,0.439643514511206,0,0.00769624016358942,0.0434465801584482,0,0,0,812,non-mge
2227,1327781,1328422,642,phosphate signaling complex protein PhoU,PANCAC_01265,contig_1,-,2836,2831,2834.69003115265,1.0783041225087,2835,2835,2835,0.685857433879747,0,0.00821661838034129,0.0634940682889293,0,0,0,6611,non-mge
2228,1328423,1328428,6,non-cds,non-cds,contig_1,.,2835,2835,2835,0,2835,2835,2835,0,0,0,0,0,0,0,0,non-mge
2229,1328429,1329280,852,phosphate ABC transporter ATP-binding protein PstB,PANCAC_01266,contig_1,-,2836,2835,2835.8955399061,0.306036125382289,2836,2836,2836,0.685283845685115,0,0.00901490118946535,0.0644761430793924,0,0,0,8943,non-mge
2230,1329281,1329326,46,non-cds,non-cds,contig_1,.,2836,2834,2835.0652173913,0.827369967307209,2835,2834,2836,0.29929920237983,0,0.0150065994685695,0.0626436662959657,0,0,0,553,non-mge
2231,1329327,1330244,918,phosphate ABC transporter permease PstA,PANCAC_01267,contig_1,-,2836,2832,2835.39869281046,0.9740797918925,2836,2835,2836,1.09319271182035,0,0.0108075787321527,0.0677551166954985,0,0,0,10124,non-mge
2232,1330245,1330245,1,non-cds,non-cds,contig_1,.,2836,2836,2836,NA,2836,2836,2836,0,0,0,NA,0,0,0,0,non-mge
2233,1330246,1331172,927,phosphate ABC transporter permease subunit PstC,PANCAC_01268,contig_1,-,2836,2834,2835.87270765912,0.432207033543049,2836,2836,2836,0.689508455814998,0,0.0111836656540926,0.0676313369920781,0,0,0,12551,non-mge
2234,1331173,1331362,190,non-cds,non-cds,contig_1,.,2836,2834,2835.27368421053,0.492098524637528,2835,2835,2836,0.43542332015343,0,0.00435788560768445,0.0348223377280012,0,0,0,659,non-mge
2235,1331363,1332346,984,Phosphate-binding protein PstS,PANCAC_01269,contig_1,-,2836,2835,2835.91260162602,0.282561564043067,2836,2836,2836,0.59935997251929,0,0.00657434296380828,0.0475268203773309,0,0,0,6005,non-mge
2236,1332347,1333317,971,non-cds,non-cds,contig_1,.,2836,2020,2632.65911431514,171.510650587017,2664,2495,2748,0.689811917782003,0,0.00402814200109842,0.0437263866354085,0,0,0,5065,non-mge
2237,1333318,1334220,903,RNA-binding virulence regulatory protein CvfB,PANCAC_01270,contig_1,-,2834,2829,2833.68438538206,0.993911528386999,2834,2834,2834,0.685542675725919,0,0.00999244470727724,0.0697035526673146,0,0,0,14865,non-mge
2238,1334221,1334366,146,non-cds,non-cds,contig_1,.,2834,2830,2833.17808219178,1.35791387420176,2834,2833,2834,0.0273720255645154,0,0.000642639843094101,0.00317595583142012,0,0,0,37,non-mge
2239,1334367,1335968,1602,ABC transporter domain-containing protein,PANCAC_01271,contig_1,+,2834,2833,2833.94257178527,0.232731659078053,2834,2834,2834,0.864138672941862,0,0.00520164192971872,0.0490782631207227,0,0,0,16184,non-mge
2240,1335969,1336827,859,non-cds,non-cds,contig_1,.,2836,2434,2822.00232828871,69.8381745461849,2835,2834,2836,0.658405222570819,0,0.00882867499537707,0.0601085273628459,0,0,0,8710,non-mge
2241,1336828,1338033,1206,aspartate kinase,PANCAC_01272,contig_1,+,2836,2835,2835.92951907131,0.256061975546215,2836,2836,2836,0.686834521420553,0,0.00907298651535771,0.0600663268001064,0,0,0,13484,non-mge
2242,1338034,1338096,63,non-cds,non-cds,contig_1,.,2836,2836,2836,0,2836,2836,2836,0.0419792097380629,0,0.00269668891586947,0.00765208402946165,0,0,0,71,non-mge
2243,1338097,1339086,990,aspartate-semialdehyde dehydrogenase,PANCAC_01273,contig_1,+,2836,2835,2835.86262626263,0.344415466943253,2836,2836,2836,0.692288782239902,0,0.00723938700174352,0.0565368271750051,0,0,0,9030,non-mge
2244,1339087,1339087,1,non-cds,non-cds,contig_1,.,2836,2836,2836,NA,2836,2836,2836,0,0,0,NA,0,0,0,0,non-mge
2245,1339088,1339975,888,4-hydroxy-tetrahydrodipicolinate synthase,PANCAC_01274,contig_1,+,2836,2834,2835.80518018018,0.494953303311578,2836,2836,2836,0.685642598527548,0,0.00956125374158816,0.0672299862207972,0,0,0,13197,non-mge
2246,1339972,1340694,723,4-hydroxy-tetrahydrodipicolinate reductase,PANCAC_01275,contig_1,+,2836,2836,2836,0,2836,2836,2836,0.690112661124211,0,0.010880923895493,0.0762772886474996,0,0,0,11998,non-mge
2247,1340695,1340720,26,non-cds,non-cds,contig_1,.,2836,2836,2836,0,2836,2836,2836,0.410783956205534,0,0.0157993829309821,0.0805613618678023,0,0,0,406,non-mge
2248,1340721,1341440,720,2%2C3%2C4%2C5-tetrahydropyridine-2%2C6-dicarboxylate N-acetyltransferase,PANCAC_01276,contig_1,+,2836,2835,2835.94722222222,0.223744975917191,2836,2836,2836,0.969561523678461,0,0.0131580269297783,0.0813552190418854,0,0,0,12867,non-mge
2249,1341441,1341582,142,non-cds,non-cds,contig_1,.,2836,2832,2834.53521126761,1.46186498891983,2835,2833.25,2836,0.688254198231216,0,0.0136197618280144,0.0850599559722397,0,0,0,2624,non-mge
2250,1341583,1342734,1152,Uncharacterized hydrolase SAS1339,PANCAC_01277,contig_1,+,2836,2835,2835.94097222222,0.235779040546441,2836,2836,2836,0.935655256094486,0,0.0103530671655756,0.0624895398700227,0,0,0,11234,non-mge
2251,1342735,1342738,4,non-cds,non-cds,contig_1,.,2836,2836,2836,0,2836,2836,2836,0,0,0,0,0,0,0,0,non-mge
2252,1342739,1343824,1086,Alanine racemase 2,PANCAC_01278,contig_1,+,2836,2835,2835.86556169429,0.341279791652401,2836,2836,2836,0.693147180559945,0,0.00790060893958699,0.0540007319028511,0,0,0,8869,non-mge
2253,1343814,1345079,1266,diaminopimelate decarboxylase,PANCAC_01279,contig_1,+,2836,2834,2835.6990521327,0.623859504908768,2836,2836,2836,0.668703139941457,0,0.00904593322222763,0.0622709442671656,0,0,0,12535,non-mge
2254,1345080,1345318,239,non-cds,non-cds,contig_1,.,2655,1840,2070.61087866109,364.213154482323,1845,1844,2652,0.457266365565353,0,0.00568650518965827,0.0381655741924312,0,0,0,738,67
2255,1345319,1345720,402,sarA expression modulator MsaC,PANCAC_01280,contig_1,-,2836,1842,2793.70149253731,113.693534987774,2813,2803.25,2820,0.697730587964296,0,0.0072820356678774,0.0559393597958092,0,0,0,3339,67
2256,1345721,1345916,196,non-cds,non-cds,contig_1,.,2836,2835,2835.85714285714,0.350823207722812,2836,2836,2836,0.672515321223204,0,0.0123468597972283,0.0749992486483257,0,0,0,3417,non-mge
2257,1345917,1346117,201,cold shock protein CspA,PANCAC_01281,contig_1,-,2836,2836,2836,0,2836,2836,2836,0.237426899863485,0,0.00190355435704093,0.0179289311663112,0,0,0,252,non-mge
2258,1346118,1346287,170,non-cds,non-cds,contig_1,.,2836,2822,2830.78823529412,5.55998833093803,2834,2825,2836,0.0634463520749964,0,0.000775667843008817,0.00525067780884783,0,0,0,58,non-mge
2259,1346288,1346596,309,regulatory protein MsaA,PANCAC_01282,contig_1,-,2836,2816,2831.00970873786,5.94208271507668,2835,2829,2835,0.597697094636147,0,0.00232279734299242,0.0340574320780983,0,0,0,2073,non-mge
2260,1346597,1346758,162,non-cds,non-cds,contig_1,.,2836,2824,2830.74074074074,4.42122991734841,2831,2827,2835,0.642330233142875,0,0.00801560231070943,0.0686208236016264,0,0,0,1789,non-mge
2261,1346759,1347028,270,acylphosphatase,PANCAC_01283,contig_1,+,2836,2829,2834.32222222222,1.63712353902576,2834,2833,2836,0.65245823702539,0,0.00677688115411884,0.0549403971383145,0,0,0,2080,non-mge
2262,1347029,1347052,24,non-cds,non-cds,contig_1,.,2836,2835,2835.66666666667,0.481543412343077,2836,2835,2836,0.00315683274376661,0,0.000131534697656942,0.000644385785461533,0,0,0,1,non-mge
2263,1347053,1347676,624,5-bromo-4-chloroindolyl phosphate hydrolase,PANCAC_01284,contig_1,+,2836,2833,2835.53205128205,0.702390980052212,2836,2835,2836,0.829743446257152,0,0.00732175446446615,0.0604875937202031,0,0,0,5580,non-mge
2264,1347677,1347707,31,non-cds,non-cds,contig_1,.,2836,2836,2836,0,2836,2836,2836,0.00582454957683332,0,0.000391555324656985,0.00127937199407807,0,0,0,4,non-mge
2265,1347708,1348844,1137,TelA-like protein MW1294,PANCAC_01285,contig_1,+,2836,2828,2835.38082673703,1.6054764394392,2836,2836,2836,0.657254483818538,0,0.00876371156986455,0.0559468129102496,0,0,0,9640,non-mge
2266,1348845,1349110,266,non-cds,non-cds,contig_1,.,2833,633,2496.25939849624,581.379514607863,2658,2647,2689,0.0173062157357725,0,9.63213146429097e-05,0.00117550576486419,0,0,0,10,non-mge
2267,1349111,1349503,393,Truncated transposase,PANCAC_01286,contig_1,-,2758,2484,2675.93129770992,74.4898148262732,2716,2611,2733,0.00634873693349603,0,3.28165230351126e-05,0.0003955197248311,0,0,0,4,non-mge
2268,1349504,1349855,352,non-cds,non-cds,contig_1,.,2836,2410,2622.44034090909,31.0541640205843,2622,2611.25,2627,0.04514861139132,0,0.00013802740099472,0.00241287156257583,0,0,0,21,non-mge
2269,1349856,1351199,1344,branched-chain amino acid transport system II carrier protein,PANCAC_01288,contig_1,-,2836,2828,2834.4962797619,1.57417292607847,2835,2834,2836,0.697654332360589,0,0.00551249737577791,0.0459155381385899,0,0,0,8165,non-mge
2270,1351200,1351423,224,non-cds,non-cds,contig_1,.,2836,2831,2834.46428571429,1.61788530209552,2835,2834,2836,0.809025215043299,0,0.0166917990766002,0.0935891325860734,0,0,0,5873,non-mge
2271,1351424,1353310,1887,Nitric oxide reductase activation protein NorD,PANCAC_01289,contig_1,-,2836,2825,2834.1573926868,2.11296236439519,2835,2834,2835,0.687446302709193,0,0.00869507801088507,0.0635783872892132,0,0,0,23242,non-mge
2272,1353311,1353323,13,non-cds,non-cds,contig_1,.,2836,2836,2836,0,2836,2836,2836,0.0872724508199301,0,0.00716130772282795,0.0241241749115844,0,0,0,51,non-mge
2273,1353324,1354115,792,Uncharacterized protein SAOUHSC_01413,PANCAC_01290,contig_1,-,2836,2834,2835.91035353535,0.396946469162605,2836,2836,2836,0.693147180559945,0,0.0111646821923439,0.0740451297183952,0,0,0,13159,non-mge
2274,1354116,1354295,180,non-cds,non-cds,contig_1,.,2836,2834,2835.27777777778,0.859098888406959,2836,2834,2836,0.584452373675463,0,0.0212182163848778,0.0984269187005661,0,0,0,4295,non-mge
2275,1354296,1354499,204,Phage protein,PANCAC_01291,contig_1,-,2836,2836,2836,0,2836,2836,2836,0.336198838628356,0,0.00384884349982883,0.0318352532391293,0,0,0,618,non-mge
2276,1354500,1354527,28,non-cds,non-cds,contig_1,.,2836,2836,2836,0,2836,2836,2836,0.562528615821731,0,0.020090307707919,0.106307915915835,0,0,0,2128,non-mge
2277,1354528,1355337,810,VOC domain-containing protein,PANCAC_01292,contig_1,-,2836,2835,2835.67901234568,0.467144509151967,2836,2835,2836,0.689723128497183,0,0.00967624228728312,0.0657549393443345,0,0,0,9234,non-mge
2278,1355338,1355916,579,non-cds,non-cds,contig_1,.,2836,2637,2742.99827288428,91.4968091628189,2659,2657,2835,0.646689772528589,0,0.00906588898054622,0.0585354624097315,0,0,0,5753,non-mge
2279,1355917,1357185,1269,dihydrolipoyllysine-residue succinyltransferase,PANCAC_01293,contig_1,-,2836,2834,2835.84712371946,0.471876248260027,2836,2836,2836,0.685413737636337,0,0.00813694196009831,0.0609514886927446,0,0,0,12911,non-mge
2280,1357186,1357198,13,non-cds,non-cds,contig_1,.,2836,2836,2836,0,2836,2836,2836,0,0,0,0,0,0,0,0,non-mge
2281,1357199,1359997,2799,2-oxoglutarate dehydrogenase E1 component,PANCAC_01294,contig_1,-,2836,2833,2835.80314397999,0.570458204961866,2836,2836,2836,0.967381847970903,0,0.00885020821141203,0.0629314452331566,0,0,0,27874,non-mge
2282,1359998,1360280,283,non-cds,non-cds,contig_1,.,2836,2523,2808.08833922261,86.6384185726168,2835,2833,2836,0.61871919966865,0,0.0103495761164485,0.0605436431637605,0,0,0,2792,non-mge
2283,1360281,1361636,1356,sensor histidine kinase ArlS,PANCAC_01295,contig_1,-,2836,2835,2835.93657817109,0.243810044494089,2836,2836,2836,0.691310575073512,0,0.00871921627228797,0.0619571923342482,0,0,0,15066,non-mge
2284,1361633,1362292,660,response regulator transcription factor ArlR,PANCAC_01296,contig_1,-,2836,2832,2835.01363636364,0.885627331585412,2835,2834,2836,0.753042598606574,0,0.00974459087118686,0.0720533424101099,0,0,0,9152,non-mge
2285,1362293,1362761,469,non-cds,non-cds,contig_1,.,2834,2700,2819.79744136461,27.7317645069722,2827,2824,2829,0.626764044514295,0,0.00731740484934498,0.0556153220483013,0,0,0,3623,non-mge
2286,1362762,1362962,201,Transposase,PANCAC_01297,contig_1,-,2830,2796,2822.03980099502,10.211679977369,2827,2823,2829,0.424532497060471,0,0.00703852183698889,0.0420559485592334,0,0,0,1093,non-mge
2287,1362963,1363078,116,non-cds,non-cds,contig_1,.,2831,2776,2828.53448275862,7.6833315175382,2830,2830,2830,0.021470434318753,0,0.000239941291509282,0.00203137186222644,0,0,0,11,non-mge
2288,1363079,1363693,615,Phosphatidic acid phosphatase type 2/haloperoxidase domain-containing protein,PANCAC_01299,contig_1,-,2835,2831,2834.15284552846,1.08110249578513,2835,2833,2835,0.677517985264678,0,0.00674837378748117,0.0527595260595146,0,0,0,5818,non-mge
2289,1363694,1363709,16,non-cds,non-cds,contig_1,.,2835,2835,2835,0,2835,2835,2835,0.0193891330708753,0,0.00121182081692971,0.00484728326771883,0,0,0,8,non-mge
2290,1363710,1364780,1071,undecaprenyldiphospho-muramoylpentapeptide beta-N-acetylglucosaminyltransferase,PANCAC_01300,contig_1,-,2836,2832,2835.00093370682,1.06648127266582,2835,2834,2836,0.689445261881517,0,0.00640550523923061,0.0491402392223743,0,0,0,7366,non-mge
2291,1364781,1364791,11,non-cds,non-cds,contig_1,.,2836,2836,2836,0,2836,2836,2836,0,0,0,0,0,0,0,0,non-mge
2292,1364792,1365301,510,N-acetyltransferase domain-containing protein,PANCAC_01302,contig_1,-,2836,2830,2832.50588235294,2.3560657630978,2831,2831,2835,0.687254280870718,0,0.00904566285314168,0.0633399121968006,0,0,0,5548,non-mge
2293,1365302,1365700,399,non-cds,non-cds,contig_1,.,2836,2595,2813.79949874687,63.6524001114578,2833,2829,2835,0.683984611468437,0,0.0182107573396258,0.0948302632005426,0,0,0,9895,non-mge
2294,1365701,1367191,1491,putative CtpA-like serine protease,PANCAC_01303,contig_1,-,2836,2833,2835.18376928236,0.799180459681248,2835,2835,2836,0.841238292840692,0,0.0110499561547536,0.0737700113683906,0,0,0,21923,non-mge
2295,1367192,1367382,191,non-cds,non-cds,contig_1,.,2836,2798,2834.6387434555,3.6807274012428,2835,2835,2836,0.528108585193786,0,0.00761298154624992,0.057981890903715,0,0,0,1527,non-mge
2296,1367383,1367604,222,UPF0346 protein SaurJH9_1481,PANCAC_01304,contig_1,-,2835,2835,2835,0,2835,2835,2835,0.382087160295254,0,0.00561992107957816,0.0386243208414997,0,0,0,986,non-mge
2297,1367604,1368104,501,PTS system glucose-specific EIIA component,PANCAC_01305,contig_1,-,2835,2832,2834.57285429142,0.88157905869329,2835,2835,2835,0.664209557301845,0,0.011364972818779,0.0715425845292043,0,0,0,7204,non-mge
2298,1368105,1368115,11,non-cds,non-cds,contig_1,.,2835,2835,2835,0,2835,2835,2835,0,0,0,0,0,0,0,0,non-mge
2299,1368116,1368544,429,Peptide methionine sulfoxide reductase MsrB,PANCAC_01306,contig_1,-,2835,2834,2834.88578088578,0.318448573450814,2835,2835,2835,0.69164193408668,0,0.00971550743203611,0.067738918871013,0,0,0,6863,non-mge
2300,1368537,1369070,534,Peptide methionine sulfoxide reductase MsrA 2,PANCAC_01307,contig_1,-,2835,2835,2835,0,2835,2835,2835,0.693147180559945,0,0.00682540224656394,0.0607358611108301,0,0,0,5651,non-mge
2301,1369071,1369155,85,non-cds,non-cds,contig_1,.,2835,2834,2834.42352941176,0.497050121747708,2834,2834,2835,0.015151658399525,0,0.000553850318936084,0.00219723547423261,0,0,0,17,non-mge
2302,1369156,1369995,840,fatty acid kinase binding subunit FakB2,PANCAC_01308,contig_1,-,2835,2834,2834.89880952381,0.301760447587189,2835,2835,2835,0.692990161295126,0,0.00725784188516646,0.0486164514542449,0,0,0,5804,non-mge
2303,1369996,1370009,14,non-cds,non-cds,contig_1,.,2835,2835,2835,0,2835,2835,2835,0.36548634771383,0,0.026106167693845,0.0976803351920343,0,0,0,338,non-mge
2304,1370010,1370489,480,Dihydrofolate reductase,PANCAC_01309,contig_1,-,2835,2835,2835,0,2835,2835,2835,0.620497628113372,0,0.0108004109429956,0.065563998391139,0,0,0,5373,non-mge
2305,1370490,1370688,199,non-cds,non-cds,contig_1,.,2835,2829,2832.71859296482,1.60843924290975,2833,2832,2834,0.66332725891193,0,0.0120130238923268,0.0725176706988665,0,0,0,2751,non-mge
2306,1370689,1371645,957,thymidylate synthase,PANCAC_01310,contig_1,-,2835,2831,2834.77951933124,0.608928150577096,2835,2835,2835,0.667964274254466,0,0.00747189680782983,0.0563925407407918,0,0,0,8922,non-mge
2307,1371646,1372068,423,non-cds,non-cds,contig_1,.,2835,2831,2833.80378250591,1.20496007681062,2834,2833,2835,0.620111343637666,0,0.00757650870565102,0.0568190172775823,0,0,0,3437,non-mge
2308,1372069,1372506,438,Bacilliredoxin SAV1428,PANCAC_01311,contig_1,-,2835,2833,2834.94292237443,0.251189660767972,2835,2835,2835,0.660164259625252,0,0.00560807829434704,0.0464663210867364,0,0,0,2552,non-mge
2309,1372507,1372521,15,non-cds,non-cds,contig_1,.,2835,2835,2835,0,2835,2835,2835,0,0,0,0,0,0,0,0,non-mge
2310,1372522,1373646,1125,Conserved virulence factor C,PANCAC_01312,contig_1,-,2835,2830,2833.72177777778,1.14822950684757,2833,2833,2835,0.693147180559945,0,0.0127107160784514,0.0714823135858801,0,0,0,17738,non-mge
2311,1373647,1373683,37,non-cds,non-cds,contig_1,.,2835,2834,2834.94594594595,0.229243435135126,2835,2835,2835,0.274695287765848,0,0.00986110741693506,0.0458101777958821,0,0,0,264,non-mge
2312,1373684,1373935,252,Scaffold protein Nfu/NifU N-terminal domain-containing protein,PANCAC_01313,contig_1,-,2835,2835,2835,0,2835,2835,2835,0.683310926586807,0,0.00850453271021041,0.0613816918156075,0,0,0,2577,non-mge
2313,1373936,1374385,450,non-cds,non-cds,contig_1,.,2835,2833,2834.51333333333,0.758647254668196,2835,2834,2835,0.570715463669858,0,0.00579110782151772,0.0442153690552252,0,0,0,6555,non-mge
2314,1374386,1375090,705,queuosine precursor transporter,PANCAC_01314,contig_1,+,2835,2832,2834.71631205674,0.671309790112174,2835,2835,2835,0.682167318999034,0,0.0114762115117435,0.0689798293332897,0,0,0,8773,non-mge
2315,1375091,1375154,64,non-cds,non-cds,contig_1,.,2785,2197,2541.328125,278.019929323764,2751,2197,2776,0.333433820401125,0,0.00929317134116431,0.0498836550734716,0,0,0,373,non-mge
2316,1375155,1375286,132,Nitrogen regulation protein NIFR3,PANCAC_01316,contig_1,-,2758,2605,2695.90151515152,60.8815468412096,2736.5,2617.25,2741,0,0,0,0,0,0,0,0,non-mge
2317,1375287,1375630,344,non-cds,non-cds,contig_1,.,2775,2139,2450.61918604651,282.795731909991,2187,2186,2746,0.398388499661066,0,0.00509868095724655,0.033945569734345,0,0,0,1011,non-mge
2318,1375631,1376032,402,RNase H type-1 domain-containing protein,PANCAC_01317,contig_1,+,2195,2187,2191.1144278607,2.99073228441252,2190,2188,2194,0.603953520208261,0,0.00673931339737794,0.0474713567880978,0,0,0,1928,non-mge
2319,1376033,1376090,58,non-cds,non-cds,contig_1,.,2193,2193,2193,0,2193,2193,2193,0.0663987788724385,0,0.0014607242717988,0.00881037222561176,0,0,0,32,non-mge
2320,1376091,1404698,28608,Extracellular matrix-binding protein ebh,PANCAC_01318,contig_1,-,2830,1829,2722.91366051454,193.352243609341,2806,2730,2818,1.03118936166654,0,0.010706335825194,0.067089352139895,0,0,0,337000,68
2321,1404699,1405095,397,non-cds,non-cds,contig_1,.,2824,2807,2819.8765743073,4.13318430237741,2821,2818,2823,0.660990048532017,0,0.0115092983733922,0.0537536456070793,0,0,0,3658,non-mge
2322,1405096,1406487,1392,multidrug efflux MFS transporter NorB,PANCAC_01319,contig_1,-,2825,2820,2823.16954022989,1.0370520715467,2823,2823,2824,0.692889979822863,0,0.0117066847989764,0.0735811590592889,0,0,0,20994,non-mge
2323,1406488,1406643,156,non-cds,non-cds,contig_1,.,2825,2824,2824.98076923077,0.137777466491995,2825,2825,2825,0.682301943544104,0,0.0104714085044931,0.0651989366716092,0,0,0,2319,non-mge
2324,1406644,1407966,1323,Amino acid permease,PANCAC_01320,contig_1,-,2826,2820,2825.01814058957,1.28812939049787,2825,2825,2826,0.678732661684116,0,0.0107077157396888,0.0677718074132383,0,0,0,18331,non-mge
2325,1407967,1407996,30,non-cds,non-cds,contig_1,.,2826,2826,2826,0,2826,2826,2826,0.43019898475247,0,0.017352070412928,0.0796985334719151,0,0,0,487,non-mge
2326,1407997,1409037,1041,bifunctional threonine ammonia-lyase/L-serine ammonia-lyase TdcB,PANCAC_01321,contig_1,-,2826,2825,2825.95100864553,0.215953700794224,2826,2826,2826,0.672805506259474,0,0.00807026619270612,0.05564873010206,0,0,0,8951,non-mge
2327,1409038,1409131,94,non-cds,non-cds,contig_1,.,2826,2824,2824.72340425532,0.629118778110259,2825,2824,2825,0.62089884105856,0,0.0181168014948028,0.0781177698254546,0,0,0,1638,non-mge
2328,1409132,1410250,1119,alanine dehydrogenase,PANCAC_01322,contig_1,-,2826,2823,2825.73011617516,0.696589625495634,2826,2826,2826,0.688112095188829,0,0.00974860267143616,0.0613044546041095,0,0,0,13803,non-mge
2329,1410251,1410724,474,non-cds,non-cds,contig_1,.,2823,1450,2568.60126582278,284.596311550373,2650,2645,2698,0.689395390514546,0,0.0101553521218287,0.0570437268808442,0,0,0,4252,non-mge
2330,1410725,1411603,879,5'-3' exonuclease,PANCAC_01323,contig_1,-,2836,2827,2832.96131968146,2.84782714380061,2833,2831,2836,0.691920624579694,0,0.00879304110966255,0.0574857988000067,0,0,0,9513,non-mge
2331,1411604,1411622,19,non-cds,non-cds,contig_1,.,2835,2835,2835,0,2835,2835,2835,0,0,0,0,0,0,0,0,non-mge
2332,1411623,1415063,3441,Dynamin N-terminal domain-containing protein,PANCAC_01324,contig_1,-,2836,2829,2835.79279279279,0.851684592860222,2836,2836,2836,0.833879255567691,0,0.00994261501349303,0.0654223715407895,0,0,0,42560,non-mge
2333,1415064,1415366,303,non-cds,non-cds,contig_1,.,2836,2836,2836,0,2836,2836,2836,0.692816666289909,0,0.0137972059943103,0.0747431266404441,0,0,0,6477,non-mge
2334,1415367,1416707,1341,PepSY domain-containing protein,PANCAC_01325,contig_1,+,2836,2827,2834.52050708427,2.12951645677806,2835,2834,2836,0.799628195670641,0,0.0157820533499589,0.0892045715696325,0,0,0,29893,non-mge
2335,1416708,1416912,205,non-cds,non-cds,contig_1,.,2836,2399,2802.73170731707,113.734301737333,2835,2833,2836,0.517611939278562,0,0.00653193323060933,0.0486165038458782,0,0,0,1257,non-mge
2336,1416913,1417245,333,DUF4889 domain-containing protein,PANCAC_01326,contig_1,-,2836,2833,2835.1981981982,0.961485608346264,2836,2834,2836,0.682105933075104,0,0.00971672197793289,0.063272033909739,0,0,0,3974,non-mge
2337,1417246,1417328,83,non-cds,non-cds,contig_1,.,2836,2835,2835.03614457831,0.187784459507282,2835,2835,2835,0.368999797108295,0,0.0160020811980042,0.0638419831219495,0,0,0,1059,non-mge
2338,1417329,1418474,1146,THUMP domain-containing protein,PANCAC_01327,contig_1,-,2836,2834,2835.6335078534,0.601361844896417,2836,2835,2836,0.668348567839344,0,0.00982418283290048,0.059481564521424,0,0,0,10866,non-mge
2339,1418475,1418907,433,non-cds,non-cds,contig_1,.,2836,2835,2835.86143187067,0.345894948460942,2836,2836,2836,0.602907540781144,0,0.00294089404303482,0.0328016012909209,0,0,0,1092,non-mge
2340,1418908,1419024,117,hypothetical protein,PANCAC_01329,contig_1,-,2836,2828,2835.41025641026,1.89442851975091,2836,2836,2836,0.233620972515007,0,0.00206776536950869,0.0216053001038995,0,0,0,180,non-mge
2341,1419025,1419124,100,non-cds,non-cds,contig_1,.,2834,2821,2825.31,4.01938484664688,2823.5,2822,2827,0.0887942406703392,0,0.00142184613541189,0.00916308941875013,0,0,0,70,non-mge
2342,1419125,1419469,345,cell division regulator GpsB,PANCAC_01330,contig_1,-,2836,2834,2835.95072463768,0.286124458814548,2836,2836,2836,0.689445261881517,0,0.00589461371878308,0.0548096333276814,0,0,0,2953,non-mge
2343,1419470,1419482,13,non-cds,non-cds,contig_1,.,2836,2836,2836,0,2836,2836,2836,0.00582454957683332,0,0.000448042275141024,0.00161543939659651,0,0,0,2,non-mge
2344,1419483,1420046,564,UPF0398 protein SaurJH1_1535,PANCAC_01331,contig_1,-,2836,2836,2836,0,2836,2836,2836,0.648005983044387,0,0.00701200562705486,0.0477980176126929,0,0,0,3654,non-mge
2345,1420039,1420440,402,DUF1798 domain-containing protein,PANCAC_01332,contig_1,-,2836,2833,2834.94029850746,1.00195216457549,2835,2834,2836,0.780940504728687,0,0.013367048674094,0.083043240595265,0,0,0,6242,non-mge
2346,1420441,1420928,488,non-cds,non-cds,contig_1,.,2836,2804,2822.02868852459,9.03877096829889,2824,2814,2829,0.619294593799428,0,0.00565964734141105,0.0438079677129739,0,0,0,2587,non-mge
2347,1420929,1421555,627,Holliday junction resolvase RecU,PANCAC_01333,contig_1,+,2836,2835,2835.90590111643,0.292199344044598,2836,2836,2836,0.689633331250545,0,0.00560225860989852,0.0492443226847105,0,0,0,4114,non-mge
2348,1421552,1423735,2184,peptidoglycan glycosyltransferase,PANCAC_01334,contig_1,+,2836,2827,2835.45192307692,1.30416576345195,2836,2835,2836,0.688148806637138,0,0.00638950132064777,0.0511603721687478,0,0,0,18311,non-mge
2349,1423736,1424300,565,non-cds,non-cds,contig_1,.,2836,2808,2829.30088495575,9.26757957237802,2835,2822,2836,0.659536726490226,0,0.0139712902283103,0.077769827581294,0,0,0,8700,non-mge
2350,1424301,1424642,342,YpoC-like domain-containing protein,PANCAC_01335,contig_1,-,2836,2836,2836,0,2836,2836,2836,0.666259093947988,0,0.00915375537654784,0.0590248256203411,0,0,0,5327,non-mge
2351,1424643,1424646,4,non-cds,non-cds,contig_1,.,2836,2836,2836,0,2836,2836,2836,0.344430773884497,0,0.0861076934711243,0.172215386942249,0,0,0.0861076934711243,309,non-mge
2352,1424647,1425306,660,endonuclease III,PANCAC_01336,contig_1,-,2836,2836,2836,0,2836,2836,2836,0.543987136077988,0,0.00658437986175715,0.0437496652139487,0,0,0,3660,non-mge
2353,1425296,1425982,687,Chromosome replication initiation protein dnaD,PANCAC_01337,contig_1,-,2836,2835,2835.96797671033,0.176190195185604,2836,2836,2836,0.781062857422943,0,0.0108852955376605,0.0699795847448264,0,0,0,13779,non-mge
2354,1425983,1426309,327,non-cds,non-cds,contig_1,.,2836,2800,2827.46788990826,9.53222060083245,2832,2823,2834,0.613691495525614,0,0.00966813190326737,0.0636036008388836,0,0,0,3344,non-mge
2355,1426310,1427602,1293,asparagine--tRNA ligase,PANCAC_01338,contig_1,-,2836,2834,2835.89636504254,0.399412218780017,2836,2836,2836,0.99591895969373,0,0.0115521904129283,0.0763256547032129,0,0,0,21577,non-mge
2356,1427603,1427923,321,non-cds,non-cds,contig_1,.,2836,2828,2833.38629283489,2.21366472765858,2834,2831,2836,0.642780729046016,0,0.00762423754813264,0.0481613852808259,0,0,0,2222,non-mge
2357,1427924,1430617,2694,3'-5' exonuclease DinG,PANCAC_01339,contig_1,-,2836,2826,2835.32702301411,1.43854073704056,2836,2835,2836,0.976608340357817,0,0.0099750936179199,0.0677478644167607,0,0,0,33399,non-mge
2358,1430618,1430640,23,non-cds,non-cds,contig_1,.,2836,2835,2835.30434782609,0.470471968896965,2835,2835,2836,0.529440317757678,0,0.0234832262926894,0.110317178633593,0,0,0,633,non-mge
2359,1430641,1431612,972,Bifunctional ligase/repressor BirA,PANCAC_01340,contig_1,-,2836,2796,2832.51748971193,7.63931391356089,2836,2833.75,2836,0.682872523329545,0,0.00771321772477397,0.0613862463494801,0,0,0,14081,non-mge
2360,1431599,1432801,1203,CCA tRNA nucleotidyltransferase,PANCAC_01341,contig_1,-,2836,2834,2835.69492934331,0.549571811081977,2836,2835,2836,0.792148139876476,0,0.0128266681469177,0.0770543381792299,0,0,0,21389,non-mge
2361,1432802,1432805,4,non-cds,non-cds,contig_1,.,2834,2834,2834,0,2834,2834,2834,0,0,0,0,0,0,0,0,non-mge
2362,1432806,1433948,1143,N-acetyl-alpha-D-glucosaminyl L-malate synthase BshA,PANCAC_01342,contig_1,-,2836,2831,2835.37445319335,1.11420301801967,2836,2835,2836,0.689151710625808,0,0.0103220728389402,0.0680819989424744,0,0,0,14235,non-mge
2363,1433949,1434188,240,non-cds,non-cds,contig_1,.,2835,2808,2827.00833333333,7.63058789921112,2830,2821,2833,0.677087850342733,0,0.00942332799975399,0.0728695666110307,0,0,0,3196,non-mge
2364,1434189,1434506,318,NTP pyrophosphohydrolase MazG-like domain-containing protein,PANCAC_01343,contig_1,-,2836,2831,2835.60691823899,0.718973988276147,2836,2835,2836,0.530226246985501,0,0.00621714042213489,0.0457030256698975,0,0,0,1782,non-mge
2365,1434507,1434842,336,non-cds,non-cds,contig_1,.,2835,2816,2830.38095238095,5.56729203318815,2832,2830,2834,0.757049376288613,0,0.00908639212396765,0.0618406296110277,0,0,0,2779,non-mge
2366,1434843,1435541,699,Putative membrane protease YugP,PANCAC_01344,contig_1,-,2836,2835,2835.79685264664,0.402629387668882,2836,2836,2836,0.669334987305613,0,0.00376610391405179,0.0412021054687161,0,0,0,3618,non-mge
2367,1435542,1435594,53,non-cds,non-cds,contig_1,.,2836,2835,2835.66037735849,0.478113127360488,2836,2835,2836,0.302431414920753,0,0.0106880469779714,0.0519786042101599,0,0,0,444,non-mge
2368,1435595,1436182,588,DUF1405 domain-containing protein,PANCAC_01345,contig_1,-,2836,2829,2834.69727891156,1.69281256755025,2835,2834,2836,0.706652831953315,0,0.00958006246011869,0.0642977247345683,0,0,0,6549,non-mge
2369,1436172,1436759,588,UPF0302 protein SA1295,PANCAC_01346,contig_1,-,2836,2835,2835.85884353741,0.348479328796858,2836,2836,2836,0.653889191321872,0,0.00795334060218823,0.0571471871106695,0,0,0,5018,non-mge
2370,1436760,1436760,1,non-cds,non-cds,contig_1,.,2836,2836,2836,NA,2836,2836,2836,0,0,0,NA,0,0,0,0,non-mge
2371,1436761,1438005,1245,Tetratricopeptide repeat protein,PANCAC_01347,contig_1,-,2836,2835,2835.96465863454,0.184715345269084,2836,2836,2836,0.688001751508505,0,0.00851052402167604,0.057056783146654,0,0,0,10973,non-mge
2372,1438006,1438011,6,non-cds,non-cds,contig_1,.,2836,2836,2836,0,2836,2836,2836,0.0193832908033096,0,0.00375668725784604,0.0077588834302135,0,0,0.00236762455782496,9,non-mge
2373,1438012,1439310,1299,3-phosphoshikimate 1-carboxyvinyltransferase,PANCAC_01348,contig_1,-,2836,2834,2835.90069284065,0.386790133573032,2836,2836,2836,0.68969501268573,0,0.00598851268691575,0.0531710109282705,0,0,0,10510,non-mge
2374,1439311,1439319,9,non-cds,non-cds,contig_1,.,2836,2836,2836,0,2836,2836,2836,0,0,0,0,0,0,0,0,non-mge
2375,1439320,1440384,1065,3-dehydroquinate synthase,PANCAC_01349,contig_1,-,2836,2833,2835.58309859155,0.676467893369148,2836,2835,2836,0.691535457856555,0,0.00864534764245137,0.0592099491913132,0,0,0,11050,non-mge
2376,1440385,1440409,25,non-cds,non-cds,contig_1,.,2836,2835,2835.76,0.435889894354067,2836,2836,2836,0.0886940796858014,0,0.00354776318743205,0.0177388159371603,0,0,0,50,non-mge
2377,1440410,1441576,1167,chorismate synthase,PANCAC_01350,contig_1,-,2836,2833,2834.94858611825,0.647541310493103,2835,2835,2835,0.67042061718583,0,0.0043266061042771,0.0455573305654103,0,0,0,6007,non-mge
2378,1441577,1441961,385,non-cds,non-cds,contig_1,.,2836,2512,2690.36623376623,156.997009003481,2832,2521,2835,0.552322770926114,0,0.0062302046186168,0.050346566223752,0,0,0,2355,non-mge
2379,1441962,1442162,201,hypothetical protein,PANCAC_01351,contig_1,-,2524,2512,2519.39800995025,3.01343591601024,2520,2518,2521,0.558470842219111,0,0.0081721280994298,0.0514178584778899,0,0,0,1312,non-mge
2380,1442163,1442370,208,non-cds,non-cds,contig_1,.,2835,2524,2673.98557692308,154.723174284058,2526,2526,2834,0.279092719808172,0,0.00494939642171231,0.0303515336011275,0,0,0,671,non-mge
2381,1442371,1442820,450,nucleoside-diphosphate kinase,PANCAC_01352,contig_1,-,2836,2833,2835.78222222222,0.620111667826139,2836,2836,2836,0.685993257230323,0,0.00800821968142535,0.0577501015719047,0,0,0,4140,non-mge
2382,1442821,1442911,91,non-cds,non-cds,contig_1,.,2834,2815,2822.98901098901,6.22806284399626,2821,2818,2828,0.0713798449297893,0,0.00142149213428096,0.00794019408970119,0,0,0,60,non-mge
2383,1442912,1443871,960,Farnesyl pyrophosphate synthetase,PANCAC_01353,contig_1,-,2836,2835,2835.90104166667,0.298761709834311,2836,2836,2836,0.679048426483481,0,0.010955126914216,0.0710348815779487,0,0,0,14878,non-mge
2384,1443872,1443872,1,non-cds,non-cds,contig_1,.,2836,2836,2836,NA,2836,2836,2836,0,0,0,NA,0,0,0,0,non-mge
2385,1443873,1444598,726,demethylmenaquinone methyltransferase,PANCAC_01354,contig_1,-,2836,2835,2835.93663911846,0.243778869410546,2836,2836,2836,0.697512562142476,0,0.00836498692520166,0.0656874185893353,0,0,0,8864,non-mge
2386,1444599,1444600,2,non-cds,non-cds,contig_1,.,2836,2836,2836,0,2836,2836,2836,0,0,0,0,0,0,0,0,non-mge
2387,1444601,1445173,573,Heptaprenyl pyrophosphate synthase subunit A,PANCAC_01355,contig_1,-,2836,2830,2833.6335078534,1.45746010105919,2834,2833,2834,0.681890723387331,0,0.00571697947386995,0.0547331474662417,0,0,0,5965,non-mge
2388,1445174,1445603,430,non-cds,non-cds,contig_1,.,2835,2816,2829.88604651163,5.23379200380473,2831,2829,2834,0.685243695158387,0,0.0121559877630741,0.0733912098504698,0,0,0,7005,non-mge
2389,1445604,1445876,273,DNA-binding protein HU,PANCAC_01356,contig_1,-,2835,2835,2835,0,2835,2835,2835,0.0172957483258034,0,0.000312725806051288,0.00169357696785742,0,0,0,31,non-mge
2390,1445877,1446046,170,non-cds,non-cds,contig_1,.,2835,2829,2833.14117647059,1.96509747218369,2834,2831,2835,0.688272483875193,0,0.00552110545156146,0.0534450297307055,0,0,0,1390,non-mge
2391,1446047,1447045,999,NAD(P)H-dependent glycerol-3-phosphate dehydrogenase,PANCAC_01357,contig_1,-,2835,2821,2834.07207207207,2.85606811209619,2835,2835,2835,0.99334457533467,0,0.0139037300800237,0.081997333143589,0,0,0,17344,non-mge
2392,1447046,1447061,16,non-cds,non-cds,contig_1,.,2835,2835,2835,0,2835,2835,2835,0.0031578221490543,0,0.000394727768631788,0.00107860160296721,0,0,0,2,non-mge
2393,1447062,1448372,1311,ribosome biogenesis GTPase Der,PANCAC_01358,contig_1,-,2836,2833,2835.3996948894,0.672559131005633,2835,2835,2836,0.785508300011607,0,0.00567246307083927,0.048889058053306,0,0,0,8760,non-mge
2394,1448373,1448593,221,non-cds,non-cds,contig_1,.,2836,2834,2835.8371040724,0.393906695264563,2836,2836,2836,0.549782553795723,0,0.00864069998172366,0.057733782046337,0,0,0,1888,non-mge
2395,1448594,1449769,1176,30S ribosomal protein S1,PANCAC_01359,contig_1,-,2836,2834,2835.89965986395,0.380548164475403,2836,2836,2836,0.683063683518767,0,0.00645679890612515,0.0485122230874608,0,0,0,7949,non-mge
2396,1449770,1450480,711,non-cds,non-cds,contig_1,.,2836,2413,2646.19268635724,204.701275314663,2822,2418,2829,0.656250586683084,0,0.00824777441232135,0.0589432223808138,0,0,0,5544,non-mge
2397,1450481,1451140,660,(d)CMP kinase,PANCAC_01360,contig_1,-,2836,2835,2835.92727272727,0.25988526390151,2836,2836,2836,1.02814544879402,0,0.0084491367305505,0.0620937770398635,0,0,0,5570,non-mge
2398,1451141,1451216,76,non-cds,non-cds,contig_1,.,2836,2835,2835.76315789474,0.427969502110655,2836,2836,2836,0.54230639965518,0,0.00751685412882503,0.0621991700913443,0,0,0,670,non-mge
2399,1451217,1452185,969,Alpha/beta hydrolase fold-3 domain-containing protein,PANCAC_01361,contig_1,+,2836,2834,2835.85964912281,0.455580957667697,2836,2836,2836,0.672222315043323,0,0.00836272589509334,0.0602241726406542,0,0,0,10177,non-mge
2400,1452186,1452299,114,non-cds,non-cds,contig_1,.,2836,2835,2835.68421052632,0.466881756717344,2836,2835,2836,0.60822000383555,0,0.0163806562053789,0.0831178995273636,0,0,0,1992,non-mge
2401,1452300,1453286,987,FAD-binding protein,PANCAC_01362,contig_1,-,2836,2833,2835.63424518744,0.774179217701124,2836,2836,2836,0.66246037606976,0,0.00767452491005105,0.0553678566354284,0,0,0,8637,non-mge
2402,1453287,1453687,401,non-cds,non-cds,contig_1,.,2836,2834,2835.65586034913,0.664282937044809,2836,2836,2836,0.670113045496327,0,0.0118445209181223,0.0654455055623923,0,0,0,5325,non-mge
2403,1453688,1455148,1461,cell surface elastin binding protein,PANCAC_01363,contig_1,-,2836,2427,2800.84120465435,83.1704931520221,2836,2812,2836,0.708109026264122,0,0.00589673632407155,0.0446105230018511,0,0,0,7955,non-mge
2404,1455149,1455300,152,non-cds,non-cds,contig_1,.,2835,2825,2830.10526315789,3.36353230981411,2830,2826.75,2833,0.0787175859606711,0,0.00170876454619416,0.00922182668300302,0,0,0,124,non-mge
2405,1455301,1456680,1380,ATP-dependent DNA helicase,PANCAC_01364,contig_1,-,2836,2835,2835.91884057971,0.273178780412808,2836,2836,2836,0.760167212956774,0,0.00981252287069677,0.0637557122893126,0,0,0,15608,non-mge
2406,1456670,1457623,954,Helicase Helix-turn-helix domain-containing protein,PANCAC_01365,contig_1,-,2836,2830,2835.1320754717,1.43679663318335,2836,2835,2836,0.686288478478991,0,0.00800717597801416,0.0550357472904427,0,0,0,8012,non-mge
2407,1457624,1457730,107,non-cds,non-cds,contig_1,.,2836,2836,2836,0,2836,2836,2836,0.56214068914382,0,0.00573162450897813,0.054387857960124,0,0,0,728,non-mge
2408,1457731,1457979,249,Ferredoxin,PANCAC_01366,contig_1,+,2836,2835,2835.53815261044,0.499546367607988,2836,2835,2836,0.29997524778915,0,0.00410763115078279,0.0297758910681606,0,0,0,740,non-mge
2409,1457980,1458084,105,non-cds,non-cds,contig_1,.,2835,2827,2831.90476190476,2.90398866787565,2833,2829,2835,0.689151710625808,0,0.00761570913648447,0.0673403005521511,0,0,0,1333,non-mge
2410,1458085,1458630,546,Riboflavin transporter RibU,PANCAC_01367,contig_1,-,2834,2813,2831.48351648352,5.91721972407908,2834,2833,2834,0.685895858294908,0,0.0105700368618863,0.0701223874361778,0,0,0,7080,non-mge
2411,1458631,1459226,596,non-cds,non-cds,contig_1,.,2834,1132,2163.37248322148,764.951171406719,2823,1242,2827,0.529636788393427,0,0.00244093205202643,0.0284911762753171,0,0,0,1122,69
2412,1459227,1460141,915,DUF1672 domain-containing protein,PANCAC_01368,contig_1,-,1844,1135,1604.82950819672,317.543710534262,1825,1147,1838,0.677896989988431,0,0.00717308997814537,0.0596959804124957,0,0,0,4278,69
2413,1460142,1460155,14,non-cds,non-cds,contig_1,.,1754,1754,1754,0,1754,1754,1754,0.197431103304682,0,0.0141022216646201,0.0527656818613494,0,0,0,87,69
2414,1460156,1460362,207,hypothetical protein,PANCAC_01369,contig_1,-,1754,1019,1230.00483091787,216.301692796534,1323,1019,1323,0.412973848409971,0,0.00634101992185326,0.0414629302893719,0,0,0,417,69
2415,1460355,1461245,891,Lipoprotein,PANCAC_01370,contig_1,-,2374,1046,2004.7620650954,522.284084260363,2318,1347,2362,0.331819349056238,0,0.00178923356831605,0.022277861954783,0,0,0,553,69;70
2416,1461246,1461362,117,non-cds,non-cds,contig_1,.,1301,1109,1201.75213675214,48.3234265282318,1228,1200,1228,0.187952631145635,0,0.00493790813622024,0.0293675581606731,0,0,0,171,70
2417,1461363,1462280,918,DUF1672 domain-containing protein,PANCAC_01371,contig_1,-,2640,1296,2067.94444444444,598.314482914533,2371,1314,2616,0.552672242053549,0,0.00387516138821792,0.040413742342826,0,0,0,3324,70
2418,1462281,1462370,90,non-cds,non-cds,contig_1,.,2558,2436,2500.94444444444,53.4712694274437,2466,2462,2557,0.50432539605175,0,0.0151590495071159,0.0780337508435985,0,0,0,1202,non-mge
2419,1462371,1462718,348,Lipoprotein,PANCAC_01372,contig_1,-,2551,209,1644.70114942529,1076.15884983822,2547,375,2548,0.554203971305731,0,0.00497382119460517,0.0420150110598223,0,0,0,1328,71
2420,1462719,1462962,244,non-cds,non-cds,contig_1,.,221,108,139.766393442623,40.131147372189,115,115,164,0.121722448490864,0,0.000947134606708317,0.00926162672627757,0,0,0,6,71
2421,1462963,1463799,837,Phage protein,PANCAC_01373,contig_1,-,117,60,110.556750298686,10.7592485174969,114,113,114,0.257550198146044,0,0.00170490342392366,0.0176695349974557,0,0,0,37,71
2422,1463800,1464414,615,non-cds,non-cds,contig_1,.,1931,117,983.452032520325,725.791178247406,578,483,1883,0.145231140189549,0,0.000848142973813922,0.00790871193165113,0,0,0,44,71
2423,1464415,1465869,1455,putative autolysin PH,PANCAC_01375,contig_1,-,2654,485,1525.25635738832,589.819469372003,1218,1216,1226,0.693147180559945,0,0.00688397324373321,0.056700731562153,0,0,0,7302,71;72
2424,1465870,1465879,10,non-cds,non-cds,contig_1,.,1218,1218,1218,0,1218,1218,1218,0.263770770958164,0,0.0270429549211302,0.0832039961854304,0,0,0,91,72
2425,1465880,1466182,303,phage holin,PANCAC_01376,contig_1,-,1232,1217,1218.45544554455,2.01085507400392,1218,1218,1219,0.692843818085988,0,0.00329177818691397,0.0409035559952393,0,0,0,654,72
2426,1466183,1466317,135,non-cds,non-cds,contig_1,.,1661,1105,1178.01481481481,156.988828635024,1109,1107,1132,0.316416994771145,0,0.00313290822811304,0.0276783378177733,0,0,0,140,72
2427,1466318,1466617,300,DUF2951 domain-containing protein,PANCAC_01377,contig_1,-,1112,1106,1108.34333333333,1.06892354608744,1108,1108,1109,0.0515118658143286,0,0.000219938421280879,0.00302920344808179,0,0,0,12,72
2428,1466618,1466662,45,non-cds,non-cds,contig_1,.,1114,1111,1112.88888888889,1.43372087784044,1114,1111,1114,0,0,0,0,0,0,0,0,72
2429,1466663,1466827,165,XkdX family protein,PANCAC_01378,contig_1,-,1114,609,831.818181818182,229.129137960513,876,610,1108,0.0553225872191584,0,0.00127758800203414,0.00668098625782914,0,0,0,27,72
2430,1466820,1467209,390,DUF2977 domain-containing protein,PANCAC_01379,contig_1,-,611,604,608.946153846154,1.18892623000068,609,609,610,0.692021974013286,0,0.00254732039078878,0.0354406699980789,0,0,0,356,72
2431,1467209,1468675,1467,BppU N-terminal domain-containing protein,PANCAC_01380,contig_1,-,608,603,604.740967961827,1.4005377610471,604,604,605,0.683433229321605,0,0.00712448717195164,0.0565702599760113,0,0,0,5556,72
2432,1468675,1470585,1911,P68 RBP/TagC-like beta propeller domain-containing protein,PANCAC_01381,contig_1,-,605,597,600.515436944008,2.10251589632999,600,599,602,0.617897381920886,0,0.00359393537315677,0.0316814275097942,0,0,0,1986,72
2433,1470586,1470600,15,non-cds,non-cds,contig_1,.,598,598,598,0,598,598,598,0,0,0,0,0,0,0,0,72
2434,1470601,1470891,291,Phage protein,PANCAC_01382,contig_1,-,600,598,599.127147766323,0.779689444467449,599,599,600,0.599063086538507,0,0.0067494079418973,0.0509715984232352,0,0,0,1537,72
2435,1470891,1472474,1584,Peptidase,PANCAC_01383,contig_1,-,607,599,604.026515151515,1.51281875016073,604,603,605,0.57041769577606,0,0.00406463354394517,0.0344881017152802,0,0,0,3823,72
2436,1472475,1472482,8,non-cds,non-cds,contig_1,.,602,602,602,0,602,602,602,0.0123090890615175,0,0.00153863613268968,0.00435192017281408,0,0,0,1,72
2437,1472483,1473307,825,Siphovirus-type tail component RIFT-related domain-containing protein,PANCAC_01384,contig_1,-,605,602,603.196363636364,1.0264636074947,603,602,604,0.270289952013936,0,0.0039728439095517,0.0228291766209982,0,0,0,1567,72
2438,1473307,1479507,6201,lysostaphin,PANCAC_01385,contig_1,-,609,560,600.230446702145,10.4160212487909,603,601,605,0.991615985576799,0,0.00667199109610353,0.0536160114728484,0,0,0,18956,72
2439,1479508,1479520,13,non-cds,non-cds,contig_1,.,608,607,607.538461538462,0.518874521662771,608,607,608,0,0,0,0,0,0,0,0,72
2440,1479521,1479679,159,Phage protein,PANCAC_01386,contig_1,-,609,604,607.40251572327,1.10876540335994,607,607,608,0.312615719788812,0,0.00500750827196504,0.0357724586576675,0,0,0,133,72
2441,1479680,1479720,41,non-cds,non-cds,contig_1,.,604,604,604,0,604,604,604,0.312969855412068,0,0.00899375437983911,0.0494329053904292,0,0,0,63,72
2442,1479721,1480071,351,phage tail assembly chaperone G,PANCAC_01387,contig_1,-,607,604,605.467236467236,1.0048073296099,606,604,606,0.285904726572902,0,0.00452481231287352,0.0304728897891149,0,0,0,243,72
2443,1480072,1480128,57,non-cds,non-cds,contig_1,.,608,606,606.561403508772,0.707549691835167,606,606,607,0.166700551541297,0,0.00496240138323208,0.0266852410016972,0,0,0,39,72
2444,1480129,1480584,456,ORF023,PANCAC_01388,contig_1,-,607,603,604.776315789474,1.21454935388599,604,604,605,0.642861756038048,0,0.00275687354975884,0.0318468892308485,0,0,0,472,72
2445,1480585,1480675,91,non-cds,non-cds,contig_1,.,605,604,604.857142857143,0.351865775274498,605,605,605,0.426895043850271,0,0.00575242112973985,0.0455202126000628,0,0,0,103,72
2446,1480676,1481317,642,Tail protein,PANCAC_01389,contig_1,-,606,602,604.046728971963,1.1342065689696,604,603,605,0.593312940754365,0,0.00486250870189536,0.0433848645987021,0,0,0,643,72
2447,1481318,1481351,34,non-cds,non-cds,contig_1,.,605,605,605,0,605,605,605,0.0313039705907599,0,0.00164165806822603,0.00600185865603324,0,0,0,5,72
2448,1481352,1481747,396,DUF3168 domain-containing protein,PANCAC_01390,contig_1,-,606,602,604.063131313131,1.11539482385967,604,603,605,0.638415324848361,0,0.00748232821685437,0.0578435493052853,0,0,0,721,72
2449,1481748,1482149,402,PhiSLT protein,PANCAC_01391,contig_1,-,606,602,604.455223880597,1.00335351642855,605,604,605,0.683577468459872,0,0.00641724338319101,0.0560813693389399,0,0,0,1070,72
2450,1482146,1482478,333,Phage protein,PANCAC_01392,contig_1,-,607,600,603.693693693694,1.46315877630865,604,603,605,0.667787984206996,0,0.00383279526595268,0.0392638207385667,0,0,0,308,72
2451,1482479,1482489,11,non-cds,non-cds,contig_1,.,603,603,603,0,603,603,603,0,0,0,0,0,0,0,0,72
2452,1482490,1482768,279,head-tail connector protein,PANCAC_01393,contig_1,-,605,602,603.551971326165,0.741853637396716,604,603,604,0.460014993498188,0,0.00774738960635581,0.0493397726465697,0,0,0,399,72
2453,1482769,1482836,68,non-cds,non-cds,contig_1,.,605,605,605,0,605,605,605,0.0122562018644625,0,0.000180238262712685,0.00148628278988445,0,0,0,1,72
2454,1482837,1484000,1164,phage major capsid protein,PANCAC_01394,contig_1,-,605,588,602.48883161512,3.19458575865269,604,602,605,0.674054832105672,0,0.00668630359359965,0.0509885833584198,0,0,0,1806,72
2455,1484001,1484011,11,non-cds,non-cds,contig_1,.,591,587,589,2,589,587,591,0,0,0,0,0,0,0,0,72
2456,1484012,1484785,774,ATP-dependent Clp protease proteolytic subunit,PANCAC_01395,contig_1,-,606,591,601.870801033592,2.8568883875988,603,600,604,0.526756854325792,0,0.00713518716973687,0.0512949215199007,0,0,0,2042,72
2457,1484769,1486007,1239,phage portal protein,PANCAC_01396,contig_1,-,605,600,602.472962066182,1.08850812712851,602,602,603,0.655245076226206,0,0.00391181618810199,0.0346779956700119,0,0,0,2544,72
2458,1486008,1486011,4,non-cds,non-cds,contig_1,.,602,601,601.25,0.5,601,601,601.25,0,0,0,0,0,0,0,0,72
2459,1486012,1487703,1692,Terminase large subunit,PANCAC_01397,contig_1,-,607,598,601.320921985816,2.50236308915863,600,599,604,0.693137898057006,0,0.00402483493089914,0.039310945503938,0,0,0,2952,72
2460,1487693,1487998,306,Terminase small subunit,PANCAC_01398,contig_1,-,603,600,601.40522875817,1.21162623948949,602,600,602,0.692087223604734,0,0.0111542000044434,0.0767812597499818,0,0,0,1015,72
2461,1487999,1488119,121,non-cds,non-cds,contig_1,.,607,497,533.652892561983,49.4263274554162,499,498,600,0.670999756922432,0,0.00585010873951052,0.0610640720641532,0,0,0,198,72
2462,1488120,1488434,315,Putative HNH nuclease YajD,PANCAC_01399,contig_1,-,592,489,576.349206349206,33.5181093414696,590,589,591,0.693147180559945,0,0.00884323669205009,0.071313506142293,0,0,0,839,72
2463,1488435,1488590,156,non-cds,non-cds,contig_1,.,604,592,596.378205128205,5.10956465378405,593,592,603,0.0989616002916344,0,0.00234686057923877,0.0125627150107115,0,0,0,40,72
2464,1488591,1489028,438,Transcriptional regulator,PANCAC_01400,contig_1,-,604,600,601.497716894977,1.10490659068103,601,601,602,0.67718049971238,0,0.00391520928938988,0.0459191859417131,0,0,0,508,72
2465,1489029,1489040,12,non-cds,non-cds,contig_1,.,602,602,602,0,602,602,602,0,0,0,0,0,0,0,0,72
2466,1489041,1490399,1359,DNA helicase,PANCAC_01401,contig_1,-,604,589,594.876379690949,4.22953635197002,593,592,596,0.693146112138686,0,0.0124056898092893,0.0771291140689819,0,0,0,7657,72
2467,1490389,1490679,291,VRR-NUC domain-containing protein,PANCAC_01402,contig_1,-,595,590,593.611683848797,1.59862039111109,594,593,595,0.693147180559945,0,0.0151043761359292,0.086060049410787,0,0,0,1341,72
2468,1490680,1491019,340,non-cds,non-cds,contig_1,.,595,591,592.417647058823,1.37904044880158,592,591,594,0.685842785866074,0,0.0112189792974026,0.072585834710045,0,0,0,1577,72
2469,1491020,1491280,261,Conserved hypothetical phage protein,PANCAC_01403,contig_1,-,594,592,593.195402298851,0.635593250310958,593,593,594,0.669851400092211,0,0.00701672218247701,0.0629555724974472,0,0,0,516,72
2470,1491243,1491503,261,Conserved hypothetical phage protein,PANCAC_01404,contig_1,-,594,591,592.551724137931,1.10340682946035,593,592,594,0.597957839672519,0,0.00941803815783669,0.0643035656905383,0,0,0,556,72
2471,1491472,1493469,1998,Virulence-associated protein E-like domain-containing protein,PANCAC_01405,contig_1,-,597,590,593.242742742743,1.354764912018,593,592,594,0.693147180559945,0,0.00914733685928484,0.0638566853460738,0,0,0,6788,72
2472,1493470,1493520,51,non-cds,non-cds,contig_1,.,595,356,439.901960784314,114.528468932744,356,356,593,0.153294245781107,0,0.00555205551854451,0.0238712771640402,0,0,0,29,72
2473,1493521,1493721,201,DUF1514 domain-containing protein,PANCAC_01406,contig_1,-,603,594,601.348258706468,1.3849582855582,602,601,602,0.702593154430494,0,0.00809935607989138,0.0549837933572824,0,0,0,366,72
2474,1493722,1493723,2,non-cds,non-cds,contig_1,.,601,601,601,0,601,601,601,0.103847434919818,0,0.051923717459909,0.0734312254406319,0.051923717459909,0.0259618587299545,0.0778855761898634,12,72
2475,1493724,1493795,72,Hypothetical phage protein,PANCAC_01407,contig_1,-,601,599,600.277777777778,0.53660965491942,600,600,601,0.374047852199593,0,0.00798932859209486,0.0490944346613727,0,0,0,648,72
2476,1493789,1493944,156,transcriptional activator RinB,PANCAC_01408,contig_1,-,1482,347,1222.3141025641,392.338099824664,1467,1094,1478,0.459715664658562,0,0.00722599974126938,0.0464902363105019,0,0,0,493,72
2477,1493944,1494144,201,Phage protein,PANCAC_01409,contig_1,-,353,347,351.766169154229,1.61246697679171,352,352,353,0,0,0,0,0,0,0,0,72
2478,1494119,1494307,189,DUF1381 domain-containing protein,PANCAC_01410,contig_1,-,1158,352,812.851851851852,317.548085250125,1042,481,1049,0.6902568065897,0,0.00369191258523346,0.0502088625958349,0,0,0,485,72
2479,1494308,1494343,36,non-cds,non-cds,contig_1,.,1158,1040,1055.88888888889,34.6284587980776,1044,1044,1044,0.0251646132488834,0,0.000699017034691205,0.00419410220814723,0,0,0,4,72
2480,1494344,1494886,543,dUTP diphosphatase,PANCAC_01411,contig_1,-,1532,581,820.425414364641,161.686160909557,904,784,906,0.202763050112338,0,0.00113270707135155,0.0121422106600695,0,0,0,117,72
2481,1494887,1494890,4,non-cds,non-cds,contig_1,.,1532,1532,1532,0,1532,1532,1532,0,0,0,0,0,0,0,0,72
2482,1494891,1495127,237,DUF1024 domain-containing protein,PANCAC_01412,contig_1,-,1542,1413,1515.54852320675,8.94964538240804,1515,1512,1519,0.309753823458755,0,0.00304969727523661,0.0255516172414938,0,0,0,280,72
2483,1495120,1495428,309,Phage protein,PANCAC_01413,contig_1,-,1516,604,735.025889967638,211.446531518419,689,609,729,0.522810813988633,0,0.00521100649328248,0.0435231560548362,0,0,0,358,72
2484,1495425,1495772,348,YopX protein domain-containing protein,PANCAC_01414,contig_1,-,623,536,583.255747126437,32.7751152573387,606,539,607,0.0246253726172586,0,0.000134507770707498,0.00177414430603894,0,0,0,4,72
2485,1495769,1496170,402,PVL orf 52-like protein,PANCAC_01415,contig_1,-,638,523,598.345771144279,33.9110960959873,597,597,620,0.315473918654809,0,0.0013638567050533,0.0167881855437615,0,0,0,82,72
2486,1496171,1496172,2,non-cds,non-cds,contig_1,.,560,560,560,0,560,560,560,0,0,0,0,0,0,0,0,72
2487,1496173,1496379,207,Phage protein,PANCAC_01416,contig_1,-,739,457,515.454106280193,92.861869284638,460,459,535,0.692409769478972,0,0.00508708718996285,0.0497182579254506,0,0,0,252,72
2488,1496380,1496392,13,non-cds,non-cds,contig_1,.,739,739,739,0,739,739,739,0,0,0,0,0,0,0,0,72
2489,1496393,1496635,243,Phage protein,PANCAC_01417,contig_1,-,1635,741,1612.85596707819,59.6322046376731,1619,1610,1633,0.264444514096859,0,0.00389662092939545,0.0241163787498,0,0,0,327,72
2490,1496636,1496649,14,non-cds,non-cds,contig_1,.,1526,568,927.714285714286,218.344268942924,931,931,952.25,0,0,0,0,0,0,0,0,72
2491,1496650,1496850,201,Phage protein,PANCAC_01418,contig_1,-,584,567,568.213930348259,1.97205602737964,568,568,568,0.691773279889122,0,0.0107443748183374,0.0702467432683306,0,0,0,542,72
2492,1496851,1496852,2,non-cds,non-cds,contig_1,.,584,584,584,0,584,584,584,0,0,0,0,0,0,0,0,72
2493,1496853,1497110,258,DUF3310 domain-containing protein,PANCAC_01419,contig_1,-,1147,584,1073.40310077519,76.1054479793508,1087,1083,1087,0.691410107165766,0,0.0106386009859106,0.0673985877313899,0,0,0,1197,72
2494,1497110,1497511,402,PVL family protein,PANCAC_01420,contig_1,-,1148,517,640.114427860697,242.769056520362,521,520,526,0.684040741928169,0,0.00762573974586947,0.0568800238548743,0,0,0,2230,72
2495,1497511,1497696,186,DUF3113 domain-containing protein,PANCAC_01421,contig_1,-,527,524,525.994623655914,0.999985469234737,526,525,527,0.511154266368559,0,0.00634320028644565,0.0434491271274743,0,0,0,496,72
2496,1497697,1497708,12,non-cds,non-cds,contig_1,.,586,524,539.916666666667,27.7929302107023,525,524,540.25,0.517291038257643,0,0.0478724088842975,0.148739588330058,0,0,0,420,72
2497,1497709,1499670,1962,DNA polymerase,PANCAC_01422,contig_1,-,589,584,586.73496432212,0.887955971311377,587,586,587,0.693130557351272,0,0.00797360104195954,0.0616286662308503,0,0,0,8806,72
2498,1499671,1499729,59,non-cds,non-cds,contig_1,.,588,587,587.237288135593,0.429072096298893,587,587,587,0.148830035400926,0,0.00273578026281125,0.0194169655091946,0,0,0,21,72
2499,1499730,1500287,558,DUF2815 domain-containing protein,PANCAC_01423,contig_1,-,588,585,586.489247311828,1.03912292448586,586,586,587,0.73926761623527,0,0.00510964318501357,0.0470555632018417,0,0,0,1449,72
2500,1500288,1500312,25,non-cds,non-cds,contig_1,.,589,588,588.96,0.2,589,589,589,0.618014883825723,0,0.0256310151335946,0.123497083859159,0,0,0,411,72
2501,1500313,1501479,1167,DUF2800 domain-containing protein,PANCAC_01424,contig_1,-,589,584,586.566409597258,1.19195533037787,587,586,587,0.693147180559945,0,0.00782751620500268,0.0658776862089649,0,0,0,4232,72
2502,1501476,1501838,363,Phage protein,PANCAC_01425,contig_1,-,589,585,586.575757575758,1.43425598810348,587,585,587,0.685468630955382,0,0.0189494804178608,0.0952157249397975,0,0,0,2012,72
2503,1501839,1501852,14,non-cds,non-cds,contig_1,.,585,585,585,0,585,585,585,0,0,0,0,0,0,0,0,72
2504,1501853,1502176,324,Conserved virulence factor B-like winged helix domain-containing protein,PANCAC_01426,contig_1,-,585,338,340.052469135802,13.7074823101791,340,338,340,0.692588903650793,0,0.00972918591138711,0.0680256037269587,0,0,0,489,72
2505,1502177,1502254,78,non-cds,non-cds,contig_1,.,792,341,525.961538461538,217.736552497982,341,341,773,0.678279203828232,0,0.020065954551127,0.10565005554417,0,0,0,417,72
2506,1502255,1502416,162,Phi PVL ORF 38-like proteinue,PANCAC_01427,contig_1,-,852,791,845.413580246914,11.7777794054454,847,846,849,0.0300326350375117,0,0.000185386636034023,0.00235958665465836,0,0,0,4,72
2507,1502417,1502428,12,non-cds,non-cds,contig_1,.,852,786,797,25.6904651573303,786,786,786,0.0319841474203185,0,0.00266534561835988,0.00923302806146079,0,0,0,4,72
2508,1502429,1502692,264,DNA-binding protein,PANCAC_01428,contig_1,-,788,774,777.212121212121,1.41168563067438,777,777,778,0.690393496525065,0,0.0099586109214709,0.0737583928639267,0,0,0,1234,72
2509,1502693,1502716,24,non-cds,non-cds,contig_1,.,778,594,708.75,90.7975531177681,777,594,778,0.648751936982109,0,0.0270313307075879,0.132425934604033,0,0,0,208,72
2510,1502717,1502932,216,SLT orf 71-like protein-related protein,PANCAC_01429,contig_1,-,594,356,509.935185185185,111.417068806179,591,356,592,0.691810948941539,0,0.0077515016575706,0.0668519583861021,0,0,0,595,72
2511,1502933,1502986,54,non-cds,non-cds,contig_1,.,356,323,342.944444444444,5.02603285796145,342,341,343,0.0617508104449624,0,0.00114353352675856,0.00840322093297132,0,0,0,4,72
2512,1502987,1503352,366,Phage protein,PANCAC_01430,contig_1,+,328,322,325.42349726776,2.02000808590357,326,324,327,0.328616713939696,0,0.00194541960347398,0.0186977993870641,0,0,0,1010,72
2513,1503321,1503566,246,DUF2829 domain-containing protein,PANCAC_01431,contig_1,-,1394,324,451.971544715447,343.93177302063,327,325,328,0.148592426738359,0,0.00219501665294317,0.0150006196994256,0,0,0,357,72
2514,1503567,1503581,15,non-cds,non-cds,contig_1,.,1477,1394,1443.13333333333,41.5449269150994,1473,1394,1477,0.666261968045391,0,0.0444174645363594,0.172028100430079,0,0,0,911,72
2515,1503582,1503845,264,Helix-turn-helix domain protein,PANCAC_01432,contig_1,-,1476,1246,1259.38636363636,38.6379603582142,1254,1246,1254,0.223210843430221,0,0.00269919632070426,0.020289400936233,0,0,0,1292,72
2516,1503846,1503977,132,non-cds,non-cds,contig_1,.,1261,1254,1256.91666666667,2.33474148712547,1257,1255,1258.25,0.397070454520953,0,0.00520300299204697,0.0354256761732301,0,0,0,188,72
2517,1503978,1504691,714,HTH cro/C1-type domain-containing protein,PANCAC_01433,contig_1,+,1558,1255,1303.04901960784,87.0639468065834,1272,1264,1272,0.18806869697897,0,0.000802095280590345,0.00813318238270131,0,0,0,135,72
2518,1504692,1504706,15,non-cds,non-cds,contig_1,.,1259,1259,1259,0,1259,1259,1259,0,0,0,0,0,0,0,0,72
2519,1504707,1505639,933,Exonuclease family,PANCAC_01434,contig_1,+,1262,1256,1259.0139335477,1.93477850920965,1259,1257,1261,0.146240097367745,0,0.000561333302501108,0.00635664678668722,0,0,0,120,72
2520,1505640,1505644,5,non-cds,non-cds,contig_1,.,1256,1256,1256,0,1256,1256,1256,0,0,0,0,0,0,0,0,72
2521,1505645,1505986,342,Phage protein,PANCAC_01435,contig_1,+,1256,1252,1253.40350877193,1.06712510084865,1253,1253,1254,0.69125766428315,0,0.00285286138666076,0.038786617993416,0,0,0,750,72
2522,1505987,1506189,203,non-cds,non-cds,contig_1,.,2489,1252,1859.19704433498,431.420908841099,1915,1253,1973,0.0177650838042406,0,0.000109813297794081,0.00128518616807012,0,0,0,6,72
2523,1506190,1506372,183,Phage protein,PANCAC_01436,contig_1,+,2494,2163,2450.29508196721,100.949178421777,2485,2484,2487,0.00353832390498561,0,1.93351033059323e-05,0.000261560429409241,0,0,0,1,non-mge
2524,1506373,1506429,57,non-cds,non-cds,contig_1,.,2251,969,1794.89473684211,489.043333027808,2162,1349,2250,0,0,0,0,0,0,0,0,73
2525,1506430,1506555,126,Staphylokinase,PANCAC_01437,contig_1,+,974,968,971.436507936508,1.65648317466146,971,971,973,0.0209418919785413,0,0.000166205491893185,0.0018656520193936,0,0,0,3,73
2526,1506552,1507166,615,ATPase,PANCAC_01438,contig_1,-,974,959,969.49593495935,4.06216751832109,972,968,973,0.0209418919785413,0,3.40518568756769e-05,0.000844458588895379,0,0,0,3,73
2527,1507167,1507291,125,non-cds,non-cds,contig_1,.,1069,747,983.696,136.49602522867,1065,776,1066,0.0659124104040173,0,0.000929867966653456,0.00692770002523458,0,0,0,19,73
2528,1507292,1508497,1206,Integrase,PANCAC_01439,contig_1,+,778,665,729.530679933665,53.0920625682698,773,668,775,0.648097077988953,0,0.00385514195673846,0.0395756130841504,0,0,0,3400,73
2529,1508498,1508539,42,non-cds,non-cds,contig_1,.,668,668,668,0,668,668,668,0.693047760553362,0,0.0184263303435349,0.106955482564901,0,0,0,327,73
2530,1508540,1510567,2028,Lipoprotein,PANCAC_01440,contig_1,-,2134,662,1865.74457593688,266.092507116473,1895,1890,1899,0.693147180559945,0,0.00672969324205057,0.0574687557282969,0,0,0,14183,73;74
2531,1510560,1511489,930,Lipoprotein,PANCAC_01441,contig_1,-,2783,1978,2497.06666666667,255.731972232288,2554.5,2438,2751,0.236792180330956,0,0.000603691913179857,0.00867052018989386,0,0,0,294,75
2532,1511490,1511733,244,non-cds,non-cds,contig_1,.,2834,2275,2672.4262295082,183.105781027818,2791,2551.25,2832,0.691334096981081,0,0.00868506799358181,0.0658585579893903,0,0,0,2693,non-mge
2533,1511734,1513485,1752,two-component system sensor histidine kinase SrrB,PANCAC_01442,contig_1,-,2836,2826,2835.25570776256,1.71555901420636,2836,2835,2836,0.693147180559945,0,0.00913390229283234,0.0646392607354649,0,0,0,22303,non-mge
2534,1513466,1514191,726,two-component system response regulator SrrA,PANCAC_01443,contig_1,-,2836,2835,2835.95867768595,0.199171839092788,2836,2836,2836,0.6471306973738,0,0.00320142366640726,0.0334665888296597,0,0,0,2257,non-mge
2535,1514192,1514323,132,non-cds,non-cds,contig_1,.,2836,2836,2836,0,2836,2836,2836,0.235528142343013,0,0.00226781103198706,0.0206111172371572,0,0,0,203,non-mge
2536,1514324,1515061,738,Pseudouridine synthase,PANCAC_01444,contig_1,-,2836,2835,2835.99322493225,0.0820871286559125,2836,2836,2836,0.692693280330695,0,0.00822661946092244,0.058752932609656,0,0,0,6737,non-mge
2537,1515054,1515596,543,SMC-Scp complex subunit ScpB,PANCAC_01445,contig_1,-,2836,2835,2835.90976058932,0.286788647883129,2836,2836,2836,0.685681474080454,0,0.0104440336155666,0.0726998796458478,0,0,0,7366,non-mge
2538,1515589,1516344,756,Segregation and condensation protein A,PANCAC_01446,contig_1,-,2836,2831,2835.56746031746,1.21336897518702,2836,2836,2836,0.693061272680278,0,0.00873873167526119,0.0604838270759289,0,0,0,7504,non-mge
2539,1516345,1516411,67,non-cds,non-cds,contig_1,.,2836,2834,2835.13432835821,0.48914032156798,2835,2835,2835,0.1467807162755,0,0.00265990036144009,0.0179589394336993,0,0,0,106,non-mge
2540,1516412,1516918,507,Cytosolic protein,PANCAC_01447,contig_1,+,2836,2833,2835.48126232742,0.926735091097797,2836,2835,2836,0.671330829592922,0,0.00991424639193672,0.0613038352491666,0,0,0,6016,non-mge
2541,1516919,1516995,77,non-cds,non-cds,contig_1,.,2836,2835,2835.37662337662,0.487716511676745,2835,2835,2836,0.668923716439917,0,0.0178920584486927,0.102010472060371,0,0,0,1977,non-mge
2542,1516996,1517883,888,site-specific tyrosine recombinase XerD,PANCAC_01448,contig_1,-,2836,2835,2835.86036036036,0.346808097462068,2836,2836,2836,0.932728386158547,0,0.0100283898758139,0.0715684225390054,0,0,0,11863,non-mge
2543,1517884,1517931,48,non-cds,non-cds,contig_1,.,2836,2836,2836,0,2836,2836,2836,0.00315683274376661,0,6.57673488284711e-05,0.00045564955860007,0,0,0,1,non-mge
2544,1517932,1518381,450,Transcriptional regulator%2C Fur%2C putative,PANCAC_01449,contig_1,-,2836,2835,2835.99333333333,0.0814676073465436,2836,2836,2836,0.681470980819927,0,0.00333545660759048,0.0380599861582691,0,0,0,2235,non-mge
2545,1518382,1518485,104,non-cds,non-cds,contig_1,.,2836,2835,2835.33653846154,0.47481374832004,2835,2835,2836,0.213119408725658,0,0.00273026962527799,0.0211049546847003,0,0,0,2706,non-mge
2546,1518486,1519028,543,GDP-mannose pyrophosphatase,PANCAC_01450,contig_1,-,2836,2834,2835.4788213628,0.803022939101742,2836,2835,2836,0.692306213886388,0,0.00802884498318307,0.0644620771078842,0,0,0,5950,non-mge
2547,1519029,1519109,81,non-cds,non-cds,contig_1,.,2836,2834,2834.7037037037,0.813087394510031,2834,2834,2835,0.272009992368797,0,0.00734560071726178,0.039711153102215,0,0,0,431,non-mge
2548,1519110,1520018,909,NADPH-dependent aldo-keto reductase,PANCAC_01451,contig_1,+,2836,2835,2835.97799779978,0.146771256577261,2836,2836,2836,0.666091959084094,0,0.00901263533084427,0.059204760689674,0,0,0,10285,non-mge
2549,1520019,1520233,215,non-cds,non-cds,contig_1,.,2836,2835,2835.36279069767,0.481927232948074,2835,2835,2836,0.691847757257911,0,0.0176778057922389,0.0918677433520252,0,0,0,4945,non-mge
2550,1520234,1520482,249,Phage protein,PANCAC_01452,contig_1,-,2836,2835,2835.96385542169,0.187025731315549,2836,2836,2836,0.679408308297593,0,0.0132425233180994,0.0699966784525421,0,0,0,3877,non-mge
2551,1520483,1520497,15,non-cds,non-cds,contig_1,.,2836,2836,2836,0,2836,2836,2836,0.0829630065017483,0,0.00645269728661605,0.0213510264708443,0,0,0,51,non-mge
2552,1520498,1521253,756,SDR family oxidoreductase,PANCAC_01453,contig_1,-,2836,2835,2835.92592592593,0.262064781061194,2836,2836,2836,0.692238536163459,0,0.0157452567624721,0.0769877644587406,0,0,0,12110,non-mge
2553,1521254,1521394,141,non-cds,non-cds,contig_1,.,2836,2832,2833.97872340426,1.56965913090519,2835,2832,2835,0.513493835079353,0,0.0092382658285311,0.0614839143056383,0,0,0,1324,non-mge
2554,1521395,1522210,816,pyrroline-5-carboxylate reductase,PANCAC_01454,contig_1,+,2836,2835,2835.92647058824,0.261163595613485,2836,2836,2836,0.690897374587337,0,0.00774218330372529,0.0576017355049004,0,0,0,9037,non-mge
2555,1522211,1522314,104,non-cds,non-cds,contig_1,.,2836,2834,2835.36538461538,0.683476156467835,2835,2835,2836,0.50676162360223,0,0.00503896526749296,0.0496863550259791,0,0,0,586,non-mge
2556,1522315,1523235,921,ribonuclease Z,PANCAC_01455,contig_1,-,2836,2828,2834.63083604777,1.66957566082549,2835,2835,2836,0.692780864450929,0,0.00634684236697187,0.0536716108349867,0,0,0,7530,non-mge
2557,1523236,1523547,312,non-cds,non-cds,contig_1,.,2836,2831,2834.30448717949,1.18141247136123,2835,2833,2835,0.520733607478853,0,0.00393723596370229,0.0401011432900123,0,0,0,1231,non-mge
2558,1523548,1525032,1485,glucose-6-phosphate dehydrogenase,PANCAC_01456,contig_1,+,2836,2833,2835.69898989899,0.730749571249774,2836,2836,2836,0.691828796471107,0,0.00656804656945808,0.0557628674981739,0,0,0,14837,non-mge
2559,1525033,1525261,229,non-cds,non-cds,contig_1,.,2836,2833,2834.51091703057,1.04969232631661,2834,2834,2836,0.426435788516522,0,0.00468475234568299,0.0368840521785598,0,0,0,889,non-mge
2560,1525262,1526128,867,HTH araC/xylS-type domain-containing protein,PANCAC_01457,contig_1,+,2836,2835,2835.85582468281,0.351470164292427,2836,2836,2836,0.656671886907252,0,0.00385537213036802,0.0402043786671524,0,0,0,6203,non-mge
2561,1526129,1526210,82,non-cds,non-cds,contig_1,.,2835,2823,2828.65853658537,3.06400654431143,2828,2827,2829,0.685808322417326,0,0.0241420372825706,0.100363755130513,0,0,0,2328,non-mge
2562,1526211,1527860,1650,Alpha-amylase,PANCAC_01458,contig_1,-,2836,2828,2835.55939393939,1.02268964694659,2836,2836,2836,0.687994232137911,0,0.0102491904194027,0.0694366280400615,0,0,0,22599,non-mge
2563,1527861,1527875,15,non-cds,non-cds,contig_1,.,2836,2836,2836,0,2836,2836,2836,0.00315683274376661,0,0.000210455516251108,0.000815090709558024,0,0,0,1,non-mge
2564,1527876,1528895,1020,Transcriptional regulator%2C putative,PANCAC_01459,contig_1,-,2836,2832,2835.62843137255,0.935703065028593,2836,2836,2836,0.685037951674601,0,0.011561206868601,0.071381536215041,0,0,0,13274,non-mge
2565,1528896,1529088,193,non-cds,non-cds,contig_1,.,2836,2836,2836,0,2836,2836,2836,0.529784494490266,0,0.0101091209976402,0.059210709187226,0,0,0,1801,non-mge
2566,1529089,1529460,372,Glyoxalase,PANCAC_01460,contig_1,-,2836,2830,2835.88440860215,0.652652828076217,2836,2836,2836,0.668861885857868,0,0.00939312101874123,0.0692822429234052,0,0,0,5852,non-mge
2567,1529461,1529678,218,non-cds,non-cds,contig_1,.,2836,1843,2460.28899082569,450.931267784056,2797,1878,2829,0.317195638884821,0,0.00421207948759325,0.0314316607288943,0,0,0,584,non-mge
2568,1529679,1531085,1407,NADP-dependent phosphogluconate dehydrogenase,PANCAC_01461,contig_1,-,2836,2835,2835.82942430704,0.376271513081558,2836,2836,2836,0.693147180559945,0,0.00680605322127128,0.0566832627704244,0,0,0,14174,non-mge
2569,1531086,1531152,67,non-cds,non-cds,contig_1,.,2836,2828,2831.80597014925,2.88275334490835,2830,2830,2835,0.00316277900656607,0,4.72056568144189e-05,0.000386394953853964,0,0,0,1,non-mge
2570,1531153,1532286,1134,M20/M25/M40 family metallo-hydrolase,PANCAC_01462,contig_1,-,2836,2829,2835.83245149912,0.660421770629434,2836,2836,2836,0.690613295031506,0,0.0120814849770428,0.0746973395110096,0,0,0,19163,non-mge
2571,1532287,1532635,349,non-cds,non-cds,contig_1,.,2836,2826,2832.04297994269,3.30201753933202,2833,2829,2836,0.686193206335255,0,0.012644633225342,0.078551364442606,0,0,0,6905,non-mge
2572,1532636,1532728,93,stressosome-associated protein Prli42,PANCAC_01463,contig_1,+,2836,2829,2834.34408602151,2.41145195147218,2836,2834,2836,0.187397741691276,0,0.00208291835676139,0.0194305786939174,0,0,0,133,non-mge
2573,1532729,1532854,126,non-cds,non-cds,contig_1,.,2836,2829,2833.07936507937,2.83578045582707,2833,2830.25,2836,0.569784272611831,0,0.013542907555186,0.0641181969125577,0,0,0,2888,non-mge
2574,1532855,1533835,981,Putative membrane protein,PANCAC_01464,contig_1,-,2836,2831,2834.94699286442,1.23438972319302,2835,2834,2836,0.690873730763785,0,0.00657130220736197,0.0540505186235251,0,0,0,8065,non-mge
2575,1533836,1533848,13,non-cds,non-cds,contig_1,.,2836,2836,2836,0,2836,2836,2836,0.0214317306708344,0,0.00253047224093162,0.00615804162534535,0,0,0,13,non-mge
2576,1533849,1534286,438,Bacilliredoxin SAR1592,PANCAC_01465,contig_1,-,2836,2836,2836,0,2836,2836,2836,0.596112960351386,0,0.00428244289263305,0.035834287660665,0,0,0,1642,non-mge
2577,1534287,1534636,350,non-cds,non-cds,contig_1,.,2836,2834,2835.79142857143,0.472068804520476,2836,2836,2836,0.605051667936827,0,0.00940821364903903,0.065071151037581,0,0,0,3583,non-mge
2578,1534637,1535911,1275,Dihydrolipoamide acetyltransferase component of pyruvate dehydrogenase complex,PANCAC_01466,contig_1,-,2836,2834,2835.75921568627,0.479631608769182,2836,2836,2836,0.685283845685115,0,0.00967086640369802,0.0677371769274938,0,0,0,17047,non-mge
2579,1535912,1535923,12,non-cds,non-cds,contig_1,.,2836,2836,2836,0,2836,2836,2836,0.0384524809066746,0,0.00320437340888955,0.0111002751012388,0,0,0,18,non-mge
2580,1535924,1536907,984,Pyruvate dehydrogenase E1 component subunit beta,PANCAC_01467,contig_1,-,2836,2835,2835.9674796748,0.177467632323126,2836,2836,2836,0.686834521420553,0,0.00950921834973084,0.0661262820642847,0,0,0,15840,non-mge
2581,1536907,1537899,993,2-oxoisovalerate dehydrogenase subunit alpha,PANCAC_01468,contig_1,-,2836,2834,2835.80866062437,0.479042137590327,2836,2836,2836,0.678907019500461,0,0.00701492843887104,0.0542103641436511,0,0,0,8264,non-mge
2582,1537900,1537914,15,non-cds,non-cds,contig_1,.,2836,2836,2836,0,2836,2836,2836,0,0,0,0,0,0,0,0,non-mge
2583,1537915,1539336,1422,dihydrolipoyl dehydrogenase,PANCAC_01469,contig_1,-,2836,2830,2835.80168776371,0.6026425209022,2836,2836,2836,0.6505794733367,0,0.00742617944624085,0.0565689806069452,0,0,0,14030,non-mge
2584,1539337,1539486,150,non-cds,non-cds,contig_1,.,2836,2827,2832.22666666667,3.12415715703203,2831,2830,2836,0.375164923238581,0,0.00405083998171797,0.0323950838574971,0,0,0,475,non-mge
2585,1539487,1541166,1680,DNA repair protein RecN,PANCAC_01470,contig_1,-,2836,2830,2835.60654761905,1.03394673288838,2836,2836,2836,0.693143896419216,0,0.00997310727853497,0.0697445752055258,0,0,0,29434,non-mge
2586,1541167,1541181,15,non-cds,non-cds,contig_1,.,2835,2835,2835,0,2835,2835,2835,0.0031578221490543,0,0.00021052147660362,0.000815346172904815,0,0,0,1,non-mge
2587,1541182,1541634,453,transcriptional regulator AhrC/ArgR,PANCAC_01471,contig_1,-,2836,2835,2835.80794701987,0.394350004932719,2836,2836,2836,0.528454916269708,0,0.00364665924752612,0.0333472425484497,0,0,0,1419,non-mge
2588,1541635,1542065,431,non-cds,non-cds,contig_1,.,2836,2832,2834.9535962877,1.00124564947411,2835,2834,2836,0.669647776377257,0,0.00640727769870463,0.0531696106576919,0,0,0,3092,non-mge
2589,1542066,1542947,882,Geranyltranstransferase%2C putative,PANCAC_01472,contig_1,-,2836,2835,2835.94444444444,0.229191387584191,2836,2836,2836,0.886717660337443,0,0.0105331526971981,0.0752929825770826,0,0,0,14270,non-mge
2590,1542925,1543155,231,exodeoxyribonuclease VII small subunit,PANCAC_01473,contig_1,-,2836,2836,2836,0,2836,2836,2836,0.643998144884548,0,0.00524527558116451,0.0481353123378463,0,0,0,1386,non-mge
2591,1543148,1544485,1338,exodeoxyribonuclease VII large subunit,PANCAC_01474,contig_1,-,2836,2831,2835.59342301943,0.901599228434833,2836,2836,2836,0.67902817677408,0,0.00670340254720973,0.0532905603590524,0,0,0,10239,non-mge
2592,1544486,1544501,16,non-cds,non-cds,contig_1,.,2834,2830,2832.1875,1.72119144780585,2831.5,2831,2834,0,0,0,0,0,0,0,0,non-mge
2593,1544502,1544891,390,transcription antitermination factor NusB,PANCAC_01475,contig_1,-,2836,2828,2835.41538461538,1.40391272213847,2836,2835,2836,0.530667280718606,0,0.00792124831801562,0.0509807344028234,0,0,0,2778,non-mge
2594,1544892,1544950,59,non-cds,non-cds,contig_1,.,2836,2835,2835.47457627119,0.503639587998848,2835,2835,2836,0.078560772310223,0,0.00143856656276346,0.0102298021588222,0,0,0,41,non-mge
2595,1544951,1545313,363,Uncharacterized conserved protein YloU%2C alkaline shock protein (Asp23) family,PANCAC_01476,contig_1,-,2836,2825,2834.02203856749,3.31321799951657,2835,2835,2836,0.207542502234694,0,0.00147169734933412,0.0149248491597877,0,0,0,336,non-mge
2596,1545314,1545327,14,non-cds,non-cds,contig_1,.,2836,2836,2836,0,2836,2836,2836,0.00582454957683332,0,0.000416039255488094,0.00155667635348496,0,0,0,2,non-mge
2597,1545328,1546683,1356,acetyl-CoA carboxylase biotin carboxylase subunit,PANCAC_01477,contig_1,-,2836,2835,2835.94911504425,0.219843852760048,2836,2836,2836,0.66376541907371,0,0.00702812713860043,0.0552765472414718,0,0,0,13706,non-mge
2598,1546683,1547147,465,acetyl-CoA carboxylase biotin carboxyl carrier protein,PANCAC_01478,contig_1,-,2836,2836,2836,0,2836,2836,2836,0.832353097889947,0,0.00934277347592403,0.0670220207132871,0,0,0,4833,non-mge
2599,1547148,1547620,473,non-cds,non-cds,contig_1,.,2836,2823,2832.38689217759,3.55590900304352,2834,2830,2836,0.689037399260636,0,0.0125499653989877,0.0757627514507606,0,0,0,7113,non-mge
2600,1547621,1548178,558,elongation factor P,PANCAC_01479,contig_1,-,2836,2835,2835.98028673835,0.139137856556812,2836,2836,2836,0.693146454206542,0,0.00548608286455658,0.0520780095636714,0,0,0,4033,non-mge
2601,1548179,1548203,25,non-cds,non-cds,contig_1,.,2836,2835,2835.8,0.408248290463863,2836,2836,2836,0.00315683274376661,0,0.000126273309750665,0.000631366548753323,0,0,0,1,non-mge
2602,1548204,1549265,1062,Aminopeptidase P family protein,PANCAC_01480,contig_1,-,2836,2835,2835.73352165725,0.442325519525229,2836,2835,2836,0.693015771326366,0,0.00797161094293133,0.0567355018646875,0,0,0,9993,non-mge
2603,1549266,1549369,104,non-cds,non-cds,contig_1,.,2836,2836,2836,0,2836,2836,2836,0.202911897821333,0,0.00339685383856937,0.0217854294671087,0,0,0,220,non-mge
2604,1549370,1549951,582,Lipoprotein,PANCAC_01481,contig_1,+,2836,2834,2835.44845360825,0.63456601273803,2836,2835,2836,0.529342022418137,0,0.00383312058751262,0.0317622996174594,0,0,0,1792,non-mge
2605,1549952,1549964,13,non-cds,non-cds,contig_1,.,2834,2834,2834,0,2834,2834,2834,0.0985069554520785,0,0.00757745811169834,0.0273209137594089,0,0,0,57,non-mge
2606,1549965,1550183,219,hypothetical protein,PANCAC_01482,contig_1,+,2836,2834,2835.33333333333,0.756217854473879,2836,2835,2836,0.683512243211124,0,0.00914137260061298,0.0588425557777007,0,0,0,2206,non-mge
2607,1550184,1550246,63,non-cds,non-cds,contig_1,.,2836,2829,2830.44444444444,2.85554230642785,2829,2829,2829,0.656781362422485,0,0.0118859469611782,0.0833152958522784,0,0,0,1085,non-mge
2608,1550247,1551077,831,Octanoyltransferase LipM,PANCAC_01483,contig_1,-,2836,2833,2835.71841155235,0.723202635578263,2836,2836,2836,0.638135269108524,0,0.00584140135302393,0.0487378718976472,0,0,0,4972,non-mge
2609,1551078,1551234,157,non-cds,non-cds,contig_1,.,2836,2834,2835.49044585987,0.813490693018046,2836,2835,2836,0.225906365803265,0,0.00204096776155702,0.0187312291117619,0,0,0,213,non-mge
2610,1551235,1551621,387,Rhodanese domain-containing protein,PANCAC_01484,contig_1,+,2836,2828,2835.01291989664,1.67187602153708,2836,2835,2836,0.690559690084459,0,0.00404768373736293,0.0399587507402755,0,0,0,2098,non-mge
2611,1551622,1551985,364,non-cds,non-cds,contig_1,.,2836,2825,2834.73626373626,2.66942762649909,2836,2835,2836,0.667169767891677,0,0.0107870269411052,0.0704492195937865,0,0,0,4203,non-mge
2612,1551986,1553458,1473,aminomethyl-transferring glycine dehydrogenase subunit GcvPB,PANCAC_01485,contig_1,-,2836,2832,2835.76917854718,0.761470574723606,2836,2836,2836,1.00650066113437,0,0.0137219741152408,0.0838087853589731,0,0,0,27623,non-mge
2613,1553451,1554797,1347,aminomethyl-transferring glycine dehydrogenase subunit GcvPA,PANCAC_01486,contig_1,-,2836,2834,2835.83890126206,0.387434099144208,2836,2836,2836,0.692339254982791,0,0.00750512722472173,0.0558216055645036,0,0,0,11743,non-mge
2614,1554798,1554816,19,non-cds,non-cds,contig_1,.,2836,2836,2836,0,2836,2836,2836,0,0,0,0,0,0,0,0,non-mge
2615,1554817,1555908,1092,glycine cleavage system aminomethyltransferase GcvT,PANCAC_01487,contig_1,-,2836,2826,2835.34523809524,1.95898485610492,2836,2836,2836,0.533156564707788,0,0.00525186624846755,0.0374638017213339,0,0,0,4643,non-mge
2616,1555909,1556066,158,non-cds,non-cds,contig_1,.,2836,2835,2835.84810126582,0.360063957338392,2836,2836,2836,0.015151658399525,0,0.000316919377569632,0.00194047856377739,0,0,0,19,non-mge
2617,1556067,1556591,525,Shikimate kinase,PANCAC_01488,contig_1,-,2836,2833,2835.53904761905,0.865418669153225,2836,2835,2836,0.692133057105767,0,0.00700701393838077,0.0608062733651889,0,0,0,7041,non-mge
2618,1556592,1556823,232,non-cds,non-cds,contig_1,.,2836,2834,2835.14224137931,0.790380571609215,2835,2834.75,2836,0.678907019500461,0,0.0118066918661725,0.0728457873358278,0,0,0,3645,non-mge
2619,1556824,1557198,375,Competence ComGF-like protein,PANCAC_01489,contig_1,-,2836,2834,2835.67733333333,0.598476973706626,2836,2835,2836,0.690743281712205,0,0.0158355516556745,0.0944284928291367,0,0,0,13102,non-mge
2620,1557199,1557238,40,non-cds,non-cds,contig_1,.,2836,2833,2835.15,1.21000105954605,2836,2834,2836,0.92887964174366,0,0.0283851347310529,0.148912676648071,0,0,0,1793,non-mge
2621,1557239,1557538,300,Competence protein ComGE,PANCAC_01490,contig_1,-,2836,2828,2833.18,2.18560201941959,2833,2831,2835,0.682872627016083,0,0.00939411723895833,0.068782341566804,0,0,0,5608,non-mge
2622,1557525,1557959,435,competence type IV pilus minor pilin ComGD,PANCAC_01491,contig_1,-,2835,2828,2833.50804597701,1.28866186364108,2834,2833,2834,0.693122956935546,0,0.0114943125417666,0.0730792790305046,0,0,0,6395,non-mge
2623,1557949,1558260,312,competence type IV pilus major pilin ComGC,PANCAC_01492,contig_1,-,2836,2830,2834.15064102564,1.53618715344242,2835,2834,2835,0.613019636684081,0,0.00557830059105118,0.0486623723993699,0,0,0,2977,non-mge
2624,1558261,1558273,13,non-cds,non-cds,contig_1,.,2836,2836,2836,0,2836,2836,2836,0.00315683274376661,0,0.000242833287982047,0.000875547871208784,0,0,0,1,non-mge
2625,1558274,1559194,921,competence type IV pilus assembly protein ComGB,PANCAC_01493,contig_1,-,2836,2822,2832.83496199783,3.83617141336055,2835,2832,2835,0.690270705166048,0,0.00807639463005757,0.0547750874404486,0,0,0,7660,non-mge
2626,1559195,1559315,121,non-cds,non-cds,contig_1,.,2835,2834,2834.94214876033,0.234432671967775,2835,2835,2835,0.685769707047699,0,0.00593556810760845,0.0623754901319287,0,0,0,4066,non-mge
2627,1559316,1560290,975,competence type IV pilus ATPase ComGA,PANCAC_01494,contig_1,-,2836,2789,2835.39282051282,2.11102263714235,2836,2835,2836,0.651210607822297,0,0.00774471630772327,0.0548444012126055,0,0,0,14834,non-mge
2628,1560291,1560341,51,non-cds,non-cds,contig_1,.,2836,2617,2687.96078431373,94.7567329078654,2617,2617,2780,0,0,0,0,0,0,0,0,non-mge
2629,1560342,1560965,624,Metallo-beta-lactamase domain-containing protein,PANCAC_01495,contig_1,-,2836,2834,2835.66666666667,0.600516987899164,2836,2835,2836,0.549060680270433,0,0.00646460944185351,0.04632210931884,0,0,0,3644,non-mge
2630,1560962,1561291,330,Thiamine-binding protein domain-containing protein,PANCAC_01496,contig_1,-,2836,2836,2836,0,2836,2836,2836,0.685993257230323,0,0.00546365717180086,0.0461450861279435,0,0,0,2052,non-mge
2631,1561291,1562277,987,Glucokinase,PANCAC_01497,contig_1,-,2836,2831,2835.73657548126,1.02083250892819,2836,2836,2836,0.674444706689687,0,0.00686474380075358,0.0522227367547097,0,0,0,7240,non-mge
2632,1562278,1562457,180,non-cds,non-cds,contig_1,.,2836,2835,2835.77777777778,0.416899376356223,2836,2836,2836,0.530765563814524,0,0.00432912355104074,0.0404405542122038,0,0,0,756,non-mge
2633,1562458,1562874,417,hypothetical protein,PANCAC_01498,contig_1,-,2836,2825,2834.02158273381,3.21759202672906,2836,2833,2836,0.617865781784656,0,0.00524531219692705,0.0460383515936072,0,0,0,6174,non-mge
2634,1562875,1562910,36,non-cds,non-cds,contig_1,.,2831,2828,2829.63888888889,1.22247472139282,2829,2829,2831,0.62028630519886,0,0.0172301751444128,0.103381050866477,0,0,0,881,non-mge
2635,1562911,1563921,1011,Membrane peptidase%2C contains TPR repeat domain,PANCAC_01499,contig_1,-,2836,2825,2834.65182987141,2.30097786245389,2835,2835,2836,0.685453113565065,0,0.00888167057846892,0.0600308246147401,0,0,0,11228,non-mge
2636,1563922,1563932,11,non-cds,non-cds,contig_1,.,2835,2835,2835,0,2835,2835,2835,0,0,0,0,0,0,0,0,non-mge
2637,1563933,1564526,594,5-formyltetrahydrofolate cyclo-ligase,PANCAC_01500,contig_1,-,2836,2831,2835.77441077441,0.821066476072384,2836,2836,2836,0.661561343438554,0,0.00933219715824892,0.0647558485699387,0,0,0,8112,non-mge
2638,1564527,1564680,154,non-cds,non-cds,contig_1,.,2832,2807,2826.6038961039,7.0871501422971,2830,2823,2831,0.668437798606915,0,0.00790598156892071,0.0596379033966616,0,0,0,1479,non-mge
2639,1564681,1564830,150,50S ribosomal protein L33,PANCAC_01501,contig_1,-,2834,2801,2828,10.3242725664739,2833,2832,2834,0.0254295546897768,0,0.000557909188681903,0.00280383729610922,0,0,0,32,non-mge
2640,1564831,1564942,112,non-cds,non-cds,contig_1,.,2834,2834,2834,0,2834,2834,2834,0.344592455351459,0,0.00762421590948577,0.0453001510676036,0,0,0,685,non-mge
2641,1564943,1567018,2076,Putative penicillin-binding protein,PANCAC_01502,contig_1,-,2836,2821,2834.68159922929,2.36098173276245,2836,2834,2836,0.6918853731091,0,0.00842279012280753,0.0587921179313607,0,0,0,20903,non-mge
2642,1567019,1567138,120,non-cds,non-cds,contig_1,.,2836,2835,2835.61666666667,0.488236981536688,2836,2835,2836,0.237426899863485,0,0.00212671636014652,0.0216790378020252,0,0,0,187,non-mge
2643,1567139,1567738,600,Superoxide dismutase [Mn/Fe] 1,PANCAC_01503,contig_1,-,2836,2835,2835.95833333333,0.199993043841189,2836,2836,2836,0.700330993722816,0,0.00381479136119726,0.0416199652441915,0,0,0,2767,non-mge
2644,1567739,1568013,275,non-cds,non-cds,contig_1,.,2836,2833,2835.53090909091,0.820555430384268,2836,2835,2836,0.534702601836283,0,0.00449323001740295,0.0363888112388376,0,0,0,3772,non-mge
2645,1568014,1568424,411,Ferric uptake regulation protein,PANCAC_01504,contig_1,-,2836,2823,2833.92944038929,3.56505867337532,2836,2833,2836,0.625358774159135,0,0.0054691214999429,0.0458575942668567,0,0,0,4039,non-mge
2646,1568411,1569283,873,Metal ABC transporter permease,PANCAC_01505,contig_1,-,2836,2830,2834.57159221077,1.26335775059731,2835,2834,2836,0.703124321954684,0,0.00549925347658849,0.0450691780816671,0,0,0,6897,non-mge
2647,1569284,1569315,32,non-cds,non-cds,contig_1,.,2836,2835,2835.78125,0.420013440645154,2836,2836,2836,0.0234407728152644,0,0.000732524150477013,0.00414378235348169,0,0,0,10,non-mge
2648,1569316,1570101,786,ABC transporter%2C putative,PANCAC_01506,contig_1,-,2836,2835,2835.91094147583,0.285009561372496,2836,2836,2836,0.686915869551358,0,0.00611628661747225,0.0566284103515119,0,0,0,6542,non-mge
2649,1570102,1570226,125,non-cds,non-cds,contig_1,.,2836,2834,2835.36,0.846244073691547,2836,2835,2836,0.53218264674512,0,0.0111337756501382,0.0690028169050275,0,0,0,1464,non-mge
2650,1570227,1571117,891,deoxyribonuclease IV,PANCAC_01507,contig_1,-,2836,2834,2835.79910213244,0.505074565310447,2836,2836,2836,0.648005983044387,0,0.0076759332959364,0.0595949161841534,0,0,0,13829,non-mge
2651,1571118,1571126,9,non-cds,non-cds,contig_1,.,2835,2835,2835,0,2835,2835,2835,0.0031578221490543,0,0.0003508691276727,0.0010526073830181,0,0,0,1,non-mge
2652,1571127,1572473,1347,DEAD-box ATP-dependent RNA helicase CshB,PANCAC_01508,contig_1,-,2836,2750,2832.59836674091,13.8595083096252,2836,2836,2836,0.671480710054397,0,0.00658673055810559,0.0550069964645376,0,0,0,15556,non-mge
2653,1572474,1572586,113,non-cds,non-cds,contig_1,.,2835,2832,2834.03539823009,1.15672878920798,2835,2833,2835,0.530619599593054,0,0.00843215779769472,0.0555239213163,0,0,0,912,non-mge
2654,1572587,1573687,1101,Nif3-like dinuclear metal center hexameric protein,PANCAC_01509,contig_1,-,2836,2829,2835.37420526794,1.27772077957355,2836,2835,2836,0.691684127554203,0,0.00950938862583503,0.0659947498077661,0,0,0,14458,non-mge
2655,1573688,1573689,2,non-cds,non-cds,contig_1,.,2836,2836,2836,0,2836,2836,2836,0,0,0,0,0,0,0,0,non-mge
2656,1573690,1574367,678,tRNA-m1A22 methylase,PANCAC_01510,contig_1,-,2836,2833,2835.7581120944,0.603204617160464,2836,2836,2836,0.658214769773051,0,0.0072282749517478,0.0519227899459039,0,0,0,4867,non-mge
2657,1574368,1574497,130,non-cds,non-cds,contig_1,.,2836,2827,2835.44615384615,2.17120528261347,2836,2836,2836,0.59871544865053,0,0.0130714651379778,0.0766876449046495,0,0,0,1878,non-mge
2658,1574498,1575604,1107,RNA polymerase sigma factor RpoD,PANCAC_01511,contig_1,-,2836,2836,2836,0,2836,2836,2836,0.686420205159964,0,0.00550590971671959,0.0457582783987046,0,0,0,6701,non-mge
2659,1575605,1575827,223,non-cds,non-cds,contig_1,.,2836,2827,2833.11210762332,2.72145075034682,2834,2832,2835,0.530324534488786,0,0.00968017679311234,0.0597115169380479,0,0,0,2062,non-mge
2660,1575828,1577627,1800,DNA primase,PANCAC_01512,contig_1,-,2836,2832,2835.59888888889,0.803825545364567,2836,2836,2836,0.691828796471107,0,0.00937060173073243,0.0681291899806505,0,0,0,23692,non-mge
2661,1577628,1577687,60,non-cds,non-cds,contig_1,.,2836,2830,2831.6,2.02693724033853,2831,2830,2833,0.585433979786646,0,0.00980994597988688,0.0755733839628492,0,0,0,2063,non-mge
2662,1577688,1578506,819,Putative pyruvate%2C phosphate dikinase regulatory protein,PANCAC_01513,contig_1,-,2836,2834,2835.89255189255,0.321489060194361,2836,2836,2836,0.684636537014533,0,0.00796266184099302,0.0602844005474643,0,0,0,9183,non-mge
2663,1578507,1578516,10,non-cds,non-cds,contig_1,.,2834,2829,2832.4,2.36643191323985,2834,2830,2834,0.0173271912576118,0,0.00173271912576118,0.00547933898274106,0,0,0,7,non-mge
2664,1578517,1579056,540,CBS domain-containing protein,PANCAC_01514,contig_1,-,2836,2827,2835.01851851852,2.42276418546208,2836,2836,2836,0.678805944686435,0,0.00660369622736722,0.0551572009408906,0,0,0,5947,non-mge
2665,1579057,1579474,418,non-cds,non-cds,contig_1,.,2836,2832,2835.50956937799,1.20596212968928,2836,2836,2836,0.68057466568784,0,0.00435280041280746,0.0481148704580977,0,0,0,4637,non-mge
2666,1579475,1580866,1392,glycine--tRNA ligase,PANCAC_01515,contig_1,+,2836,2835,2835.96192528736,0.19144544627645,2836,2836,2836,0.769771389046674,0,0.00416192842339135,0.0402222893294139,0,0,0,5857,non-mge
2667,1580867,1581015,149,non-cds,non-cds,contig_1,.,2836,2832,2834.92617449664,1.31052887885699,2836,2833,2836,0.65245823702539,0,0.00711684941564949,0.0571829249296454,0,0,0,1280,non-mge
2668,1581016,1581762,747,DNA repair protein RecO,PANCAC_01516,contig_1,-,2836,2831,2835.4859437751,1.38287225359278,2836,2836,2836,0.692981497951276,0,0.00946638000858382,0.0646978062863151,0,0,0,9832,non-mge
2669,1581763,1581789,27,non-cds,non-cds,contig_1,.,2836,2836,2836,0,2836,2836,2836,0,0,0,0,0,0,0,0,non-mge
2670,1581790,1582689,900,GTPase Era,PANCAC_01517,contig_1,-,2836,2834,2835.68444444444,0.558464267792213,2836,2835,2836,0.656280808112025,0,0.00751275980604398,0.0552329897465271,0,0,0,11589,non-mge
2671,1582690,1583094,405,cytidine deaminase,PANCAC_01518,contig_1,-,2836,2834,2835.9012345679,0.306890274179976,2836,2836,2836,0.692963257939902,0,0.00518035975269213,0.0521987318841984,0,0,0,2979,non-mge
2672,1583095,1583104,10,non-cds,non-cds,contig_1,.,2834,2834,2834,0,2834,2834,2834,0.003158812208863,0,0.000631762441772599,0.00133187217076728,0,0,0,2,non-mge
2673,1583105,1583449,345,rRNA maturation RNase YbeY,PANCAC_01519,contig_1,-,2836,2832,2835.30434782609,1.25179345557065,2836,2835,2836,0.689151710625808,0,0.00691384792597839,0.0603372172696853,0,0,0,3289,non-mge
2674,1583450,1583451,2,non-cds,non-cds,contig_1,.,2836,2836,2836,0,2836,2836,2836,0,0,0,0,0,0,0,0,non-mge
2675,1583452,1583919,468,rRNA maturation RNase YbeY,PANCAC_01520,contig_1,-,2836,2834,2835.1688034188,0.688953105061076,2835,2835,2836,0.640427712455812,0,0.00676485525174925,0.0520273065716114,0,0,0,3184,non-mge
2676,1583920,1584867,948,PhoH-like protein,PANCAC_01521,contig_1,-,2836,2830,2835.18037974684,1.19137833059066,2836,2835,2836,0.620690153255173,0,0.00455960450715952,0.0414399672323591,0,0,0,6026,non-mge
2677,1584868,1585170,303,non-cds,non-cds,contig_1,.,2836,2826,2831.73927392739,3.77268092016507,2832,2828,2835,0.612634703012392,0,0.00983113827951536,0.060133912400378,0,0,0,2881,non-mge
2678,1585171,1585869,699,Iron transporter,PANCAC_01522,contig_1,-,2836,2835,2835.79399141631,0.404726310913559,2836,2836,2836,0.612041713031578,0,0.00607621212894257,0.050662130713231,0,0,0,7064,non-mge
2679,1585870,1585885,16,non-cds,non-cds,contig_1,.,2836,2836,2836,0,2836,2836,2836,0,0,0,0,0,0,0,0,non-mge
2680,1585886,1586875,990,flotillin-like protein FloA,PANCAC_01523,contig_1,-,2836,2835,2835.97777777778,0.147480049930537,2836,2836,2836,0.693147180559945,0,0.00728266777255812,0.0557778234642148,0,0,0,8202,non-mge
2681,1586876,1586892,17,non-cds,non-cds,contig_1,.,2836,2836,2836,0,2836,2836,2836,0.0193832908033096,0,0.00114019357666527,0.00470113855024171,0,0,0,8,non-mge
2682,1586893,1587600,708,NfeD-like C-terminal domain-containing protein,PANCAC_01524,contig_1,-,2836,2832,2835.69774011299,0.925297753354677,2836,2836,2836,0.68034548289763,0,0.00538605355908874,0.0446740552138822,0,0,0,5804,non-mge
2683,1587601,1587819,219,non-cds,non-cds,contig_1,.,2836,2833,2834.87671232877,0.92783469165083,2835,2834,2836,0.692058360218288,0,0.00863960969998388,0.0666702007273907,0,0,0,2716,non-mge
2684,1587820,1587996,177,30S ribosomal protein S21,PANCAC_01525,contig_1,-,2836,2836,2836,0,2836,2836,2836,0.0785833664171198,0,0.000577321977077756,0.00595875465114881,0,0,0,51,non-mge
2685,1587997,1588288,292,non-cds,non-cds,contig_1,.,2836,2834,2835.25,0.774929328337446,2835,2835,2836,0.683612139271692,0,0.00942806351479262,0.0651944498326992,0,0,0,3622,non-mge
2686,1588289,1589635,1347,tRNA (N(6)-L-threonylcarbamoyladenosine(37)-C(2))-methylthiotransferase MtaB,PANCAC_01526,contig_1,-,2836,2833,2835.87305122494,0.500587885791098,2836,2836,2836,1.06976542258189,0,0.00700577683514647,0.0605485740593671,0,0,0,13238,non-mge
2687,1589636,1589641,6,non-cds,non-cds,contig_1,.,2836,2836,2836,0,2836,2836,2836,0,0,0,0,0,0,0,0,non-mge
2688,1589642,1590394,753,16S rRNA (uracil(1498)-N(3))-methyltransferase,PANCAC_01527,contig_1,-,2836,2832,2835.14209827357,1.13209669720339,2836,2834,2836,0.673296172825008,0,0.00767928144843201,0.059226930134309,0,0,0,11229,non-mge
2689,1590395,1590395,1,non-cds,non-cds,contig_1,.,2835,2835,2835,NA,2835,2835,2835,0,0,0,NA,0,0,0,0,non-mge
2690,1590396,1591334,939,50S ribosomal protein L11 methyltransferase,PANCAC_01528,contig_1,-,2836,2833,2835.5708200213,0.840119082700092,2836,2835,2836,1.00149385521228,0,0.00743976549353838,0.0621355416073623,0,0,0,8870,non-mge
2691,1591335,1591337,3,non-cds,non-cds,contig_1,.,2836,2836,2836,0,2836,2836,2836,0.0172905196967579,0,0.00932037991682788,0.00872398298751553,0.0106706200537258,0.00533531002686289,0.0139805698752418,11,non-mge
2692,1591338,1592477,1140,molecular chaperone DnaJ,PANCAC_01529,contig_1,-,2836,2834,2835.90877192982,0.322566911478565,2836,2836,2836,0.691907975201116,0,0.00866776953477381,0.0591697740453981,0,0,0,14346,non-mge
2693,1592478,1592612,135,non-cds,non-cds,contig_1,.,2836,2832,2834.43703703704,1.67335308835867,2835,2832,2836,0.391735285397336,0,0.00513723334489922,0.0408545546180492,0,0,0,605,non-mge
2694,1592613,1594445,1833,molecular chaperone DnaK,PANCAC_01530,contig_1,-,2836,2835,2835.95635570104,0.204358160314644,2836,2836,2836,0.690666394270171,0,0.00756281130112594,0.059061105736338,0,0,0,18395,non-mge
2695,1594446,1594513,68,non-cds,non-cds,contig_1,.,2836,2836,2836,0,2836,2836,2836,0.0129444149479594,0,0.000276014184188129,0.00171169269318972,0,0,0,7,non-mge
2696,1594514,1595140,627,nucleotide exchange factor GrpE,PANCAC_01531,contig_1,-,2836,2832,2835.72248803828,0.80900771336743,2836,2836,2836,0.589094281847512,0,0.00649193599550649,0.0499743911374847,0,0,0,5325,non-mge
2697,1595141,1595171,31,non-cds,non-cds,contig_1,.,2836,2836,2836,0,2836,2836,2836,0.0151470613380297,0,0.000488614881871925,0.0027204925264349,0,0,0,6,non-mge
2698,1595172,1596149,978,heat-inducible transcriptional repressor HrcA,PANCAC_01532,contig_1,-,2836,2830,2835.14519427403,1.27385423786734,2836,2835,2836,0.693147180559945,0,0.00725651096429241,0.0573851706192529,0,0,0,10724,non-mge
2699,1596150,1596249,100,non-cds,non-cds,contig_1,.,2836,2836,2836,0,2836,2836,2836,0.031152019718333,0,0.00116863759288766,0.00484828393970209,0,0,0,48,non-mge
2700,1596250,1597407,1158,radical SAM family heme chaperone HemW,PANCAC_01533,contig_1,-,2836,2830,2835.40414507772,1.24064698027639,2836,2835,2836,0.693087274231022,0,0.0128668446974396,0.0748014386658328,0,0,0,18326,non-mge
2701,1597408,1597936,529,non-cds,non-cds,contig_1,.,2836,2624,2791.10586011342,66.2363203691795,2826,2748,2834,0.672661045832334,0,0.00780648780382146,0.0603280614457692,0,0,0,4817,non-mge
2702,1597937,1599760,1824,translation elongation factor 4,PANCAC_01535,contig_1,-,2836,2835,2835.91502192982,0.278925529438355,2836,2836,2836,0.963441750450392,0,0.009367895497327,0.0676439461244596,0,0,0,26373,non-mge
2703,1599761,1600105,345,non-cds,non-cds,contig_1,.,2836,2833,2835.38550724638,0.958025367787954,2836,2835,2836,0.300048252371622,0,0.00351147945769136,0.0276170101867757,0,0,0,880,non-mge
2704,1600106,1600357,252,30S ribosomal protein S20,PANCAC_01536,contig_1,+,2836,2833,2835.7619047619,0.453908593016135,2836,2836,2836,0.0504984821778824,0,0.000402334080495435,0.0034139704918178,0,0,0,43,non-mge
2705,1600358,1600401,44,non-cds,non-cds,contig_1,.,2833,2815,2819.84090909091,6.19806114402171,2817,2815,2826,0.0031777485904797,0,0.000216437488434488,0.000809387346622335,0,0,0,3,non-mge
2706,1600402,1601376,975,DNA polymerase III subunit delta,PANCAC_01537,contig_1,-,2836,2828,2834.60820512821,1.16429352999934,2835,2834,2835,0.693147180559945,0,0.00675485100400146,0.0507969493595803,0,0,0,6787,non-mge
2707,1601377,1601432,56,non-cds,non-cds,contig_1,.,2835,2835,2835,0,2835,2835,2835,0.668286183133222,0,0.0233278744478388,0.120254120365724,0,0,0,1975,non-mge
2708,1601433,1603634,2202,DNA internalization-related competence protein ComEC/Rec2,PANCAC_01538,contig_1,-,2836,2797,2832.97411444142,6.4359114480247,2835,2833,2836,0.811880488676938,0,0.0135379056110202,0.0783091113767519,0,0,0,41675,non-mge
2709,1603635,1603638,4,non-cds,non-cds,contig_1,.,2836,2836,2836,0,2836,2836,2836,0,0,0,0,0,0,0,0,non-mge
2710,1603639,1604070,432,ComE operon protein 2,PANCAC_01539,contig_1,-,2836,2836,2836,0,2836,2836,2836,0.907899250008783,0,0.00691830328889203,0.0604162650301786,0,0,0,3014,non-mge
2711,1604071,1604191,121,non-cds,non-cds,contig_1,.,2836,2835,2835.73553719008,0.442880628035033,2836,2835,2836,0.237426899863485,0,0.00303992296406847,0.0244019912394034,0,0,0,261,non-mge
2712,1604192,1604869,678,ComE operon protein 1,PANCAC_01540,contig_1,-,2836,2830,2835.32448377581,1.49079577320388,2836,2835,2836,0.693006631297319,0,0.0118310964860758,0.0758489167489274,0,0,0,11490,non-mge
2713,1604870,1604917,48,non-cds,non-cds,contig_1,.,2835,2834,2834.79166666667,0.410414079086058,2835,2835,2835,0.00831013345717067,0,0.000426086114813344,0.00155900985224346,0,0,0,7,non-mge
2714,1604918,1605634,717,Methyltransferase,PANCAC_01541,contig_1,-,2836,2834,2835.86052998605,0.392052681810321,2836,2836,2836,0.620690153255173,0,0.00897654458214216,0.0606755865341001,0,0,0,6773,non-mge
2715,1605635,1605636,2,non-cds,non-cds,contig_1,.,2834,2834,2834,0,2834,2834,2834,0,0,0,0,0,0,0,0,non-mge
2716,1605637,1605990,354,ribosome silencing factor,PANCAC_01542,contig_1,-,2836,2833,2835.56214689266,0.860088881963372,2836,2836,2836,0.651628651480434,0,0.0095966390604334,0.0663376465661727,0,0,0,5096,non-mge
2717,1605991,1606575,585,nicotinate (nicotinamide) nucleotide adenylyltransferase,PANCAC_01543,contig_1,-,2836,2831,2835.36923076923,1.40829620770656,2836,2836,2836,0.680801805977895,0,0.00968244011683737,0.0654696698311744,0,0,0,6464,non-mge
2718,1606565,1607134,570,nicotinate (nicotinamide) nucleotide adenylyltransferase,PANCAC_01544,contig_1,-,2836,2835,2835.88771929825,0.315988796178882,2836,2836,2836,0.663871288920967,0,0.00863752043084248,0.0614241533817615,0,0,0,6517,non-mge
2719,1607135,1607136,2,non-cds,non-cds,contig_1,.,2836,2836,2836,0,2836,2836,2836,0.183983644486281,0,0.0919918222431406,0.130096082643664,0.0919918222431406,0.0459959111215703,0.137987733364711,128,non-mge
2720,1607137,1607427,291,ribosome assembly RNA-binding protein YhbY,PANCAC_01545,contig_1,-,2836,2834,2834.83161512027,0.392819783604745,2835,2835,2835,0.681952771856075,0,0.0113603743968163,0.077977161981631,0,0,0,4517,non-mge
2721,1607428,1607430,3,non-cds,non-cds,contig_1,.,2835,2835,2835,0,2835,2835,2835,0,0,0,0,0,0,0,0,non-mge
2722,1607431,1608237,807,Shikimate dehydrogenase (NADP(+)),PANCAC_01546,contig_1,-,2836,2833,2835.44981412639,0.855370910592905,2836,2835,2836,0.690054510497101,0,0.0127766051061291,0.0786095353583062,0,0,0,15810,non-mge
2723,1608238,1608250,13,non-cds,non-cds,contig_1,.,2836,2836,2836,0,2836,2836,2836,0.538911419798858,0,0.0414547245999122,0.149467135155222,0,0,0,2186,non-mge
2724,1608251,1609351,1101,ribosome biogenesis GTPase YqeH,PANCAC_01547,contig_1,-,2836,2835,2835.92461398728,0.264133163634275,2836,2836,2836,0.692769095635605,0,0.00945424522893283,0.0654793673067093,0,0,0,14794,non-mge
2725,1609352,1609879,528,YqeG family HAD IIIA-type phosphatase,PANCAC_01548,contig_1,-,2836,2832,2835.49053030303,0.995199722992099,2836,2835,2836,0.450892174860039,0,0.00683769208019707,0.0432386314301477,0,0,0,2937,non-mge
2726,1609880,1609898,19,non-cds,non-cds,contig_1,.,2836,2836,2836,0,2836,2836,2836,0.00582454957683332,0,0.000306555240885964,0.00133624331563469,0,0,0,2,non-mge
2727,1609899,1610585,687,5'-methylthioadenosine/adenosylhomocysteine nucleosidase,PANCAC_01549,contig_1,-,2836,2835,2835.95342066958,0.210889624131475,2836,2836,2836,0.687777386701621,0,0.00725781537013506,0.0548988080630687,0,0,0,6201,non-mge
2728,1610586,1610898,313,non-cds,non-cds,contig_1,.,2836,2835,2835.80830670927,0.394263361137718,2836,2836,2836,0.58144679224055,0,0.00974642853288825,0.0645527746371623,0,0,0,4361,non-mge
2729,1610899,1611168,270,hypothetical protein,PANCAC_01550,contig_1,+,2836,2831,2834.49259259259,1.57759072955634,2834,2833,2836,0.529342022418137,0,0.00744144164256884,0.0477702426649488,0,0,0,1736,non-mge
2730,1611169,1611369,201,non-cds,non-cds,contig_1,.,2835,2797,2832.26865671642,6.25998903246381,2834,2834,2834,0.669081791507716,0,0.0144865009954545,0.0806682956779152,0,0,0,3334,non-mge
2731,1611370,1612122,753,staphylococcal enterotoxin type 26,PANCAC_01551,contig_1,-,2835,2826,2833.84993359894,1.5861948046665,2834,2834,2834,0.690609480191351,0,0.00912861698859423,0.0651100616768369,0,0,0,8371,non-mge
2732,1612123,1612535,413,non-cds,non-cds,contig_1,.,2834,1578,2651.21307506053,347.929783290354,2822,2550,2826,0.647173502032073,0,0.00980825925235322,0.0626264216037625,0,0,0,5016,non-mge
2733,1612536,1613756,1221,Fido domain-containing protein,PANCAC_01552,contig_1,-,2338,2319,2333.94103194103,4.99111951531839,2336,2332,2338,0.692446034751891,0,0.00758027132399978,0.0567903118956311,0,0,0,9810,non-mge
2734,1613757,1614044,288,non-cds,non-cds,contig_1,.,2836,2324,2574.29861111111,243.737037139056,2768,2327.75,2834,0.624990067545936,0,0.0108707817783781,0.0672558596955261,0,0,0,3041,non-mge
2735,1614045,1615274,1230,Divalent metal cation transporter,PANCAC_01553,contig_1,-,2836,2834,2835.74959349593,0.523550186710745,2836,2836,2836,0.869987366951733,0,0.00795429395270537,0.0589395483008891,0,0,0,10654,non-mge
2736,1615275,1615286,12,non-cds,non-cds,contig_1,.,2835,2835,2835,0,2835,2835,2835,0.0031578221490543,0,0.000263151845754525,0.000911584733904732,0,0,0,1,non-mge
2737,1615287,1616039,753,5-oxoprolinase subunit PxpA,PANCAC_01554,contig_1,-,2836,2835,2835.97343957503,0.16090167929459,2836,2836,2836,0.692769095635605,0,0.00823126033841927,0.06203617583997,0,0,0,7897,non-mge
2738,1616039,1617400,1362,Acetyl-CoA carboxylase biotin carboxylase subunit,PANCAC_01555,contig_1,-,2836,2833,2835.67914831131,0.746674140364548,2836,2836,2836,0.843173677337662,0,0.00869252249521895,0.0615944502530591,0,0,0,13878,non-mge
2739,1617401,1617413,13,non-cds,non-cds,contig_1,.,2836,2836,2836,0,2836,2836,2836,0.0129444149479594,0,0.00168659978988918,0.00381301285101162,0,0,0,8,non-mge
2740,1617414,1617863,450,Acetyl-CoA carboxylase biotin carboxyl carrier protein subunit,PANCAC_01556,contig_1,-,2836,2836,2836,0,2836,2836,2836,0.685993257230323,0,0.016525040480095,0.0861059965857696,0,0,0,10661,non-mge
2741,1617864,1617864,1,non-cds,non-cds,contig_1,.,2836,2836,2836,NA,2836,2836,2836,0,0,0,NA,0,0,0,0,non-mge
2742,1617865,1618875,1011,Carboxyltransferase domain-containing protein,PANCAC_01557,contig_1,-,2836,2835,2835.91394658754,0.2805817032413,2836,2836,2836,0.679700787040769,0,0.0125059221947816,0.0704842425130853,0,0,0,16179,non-mge
2743,1618865,1619599,735,5-oxoprolinase subunit PxpB,PANCAC_01558,contig_1,-,2836,2832,2835.58503401361,0.967056387923995,2836,2836,2836,0.889097105451812,0,0.0122687432704526,0.0750488650334337,0,0,0,10439,non-mge
2744,1619600,1619924,325,non-cds,non-cds,contig_1,.,2836,2832,2835.32,1.22060499065417,2836,2835,2836,0.690690904194969,0,0.0161927665456982,0.0922012926642904,0,0,0,7776,non-mge
2745,1619925,1620401,477,transcription elongation factor GreA,PANCAC_01559,contig_1,-,2835,2834,2834.99371069182,0.0791383757193384,2835,2835,2835,0.599452264909367,0,0.00683229940658655,0.0521463468422396,0,0,0,3262,non-mge
2746,1620402,1620428,27,non-cds,non-cds,contig_1,.,2834,2832,2832.25925925926,0.594370552161152,2832,2832,2832,0,0,0,0,0,0,0,0,non-mge
2747,1620429,1621052,624,uridine kinase,PANCAC_01560,contig_1,-,2836,2816,2833.34775641026,5.58051196023462,2836,2834,2836,0.536085862748791,0,0.00531510178883249,0.0459187630848493,0,0,0,4996,non-mge
2748,1621052,1622320,1269,Peptidase family U32 C-terminal domain-containing protein,PANCAC_01561,contig_1,-,2836,2833,2835.82742316785,0.521770277236359,2836,2836,2836,0.686079657738187,0,0.00608279265124489,0.0530927336544108,0,0,0,10723,non-mge
2749,1622321,1622331,11,non-cds,non-cds,contig_1,.,2833,2833,2833,0,2833,2833,2833,0.00831525395924151,0,0.000755932178112865,0.00250714340175648,0,0,0,3,non-mge
2750,1622332,1623255,924,Peptidase U32 family protein,PANCAC_01562,contig_1,-,2836,2833,2835.84415584416,0.54639411041723,2836,2836,2836,0.681906901136513,0,0.00818758757970723,0.0622356268698691,0,0,0,12053,non-mge
2751,1623256,1623257,2,non-cds,non-cds,contig_1,.,2836,2836,2836,0,2836,2836,2836,0,0,0,0,0,0,0,0,non-mge
2752,1623258,1623896,639,tRNA 5-hydroxyuridine methyltransferase,PANCAC_01563,contig_1,-,2836,2836,2836,0,2836,2836,2836,0.62947843673057,0,0.00456084817901734,0.0428687103378146,0,0,0,2655,non-mge
2753,1623897,1624180,284,non-cds,non-cds,contig_1,.,2836,2828,2835.49647887324,1.2080362227405,2836,2836,2836,0.408251205368438,0,0.00279318832636204,0.0271026301301277,0,0,0,624,non-mge
2754,1624181,1624489,309,UPF0473 protein SAOUHSC_01719,PANCAC_01564,contig_1,-,2836,2835,2835.97411003236,0.159064638691765,2836,2836,2836,0.596112960351386,0,0.0034436335891136,0.036858967711899,0,0,0,1090,non-mge
2755,1624490,1624503,14,non-cds,non-cds,contig_1,.,2836,2836,2836,0,2836,2836,2836,0,0,0,0,0,0,0,0,non-mge
2756,1624504,1624932,429,Holliday junction resolvase RuvX,PANCAC_01565,contig_1,-,2836,2833,2835.48484848485,0.858099828559922,2836,2835,2836,0.237426899863485,0,0.00271768043237071,0.0211383801756312,0,0,0,769,non-mge
2757,1624933,1624935,3,non-cds,non-cds,contig_1,.,2835,2835,2835,0,2835,2835,2835,0,0,0,0,0,0,0,0,non-mge
2758,1624936,1625196,261,IreB family regulatory phosphoprotein,PANCAC_01566,contig_1,-,2836,2834,2835.84291187739,0.404586146447016,2836,2836,2836,0.695379081759843,0,0.00725230285390917,0.0632926624722112,0,0,0,2508,non-mge
2759,1625197,1625258,62,non-cds,non-cds,contig_1,.,2836,2835,2835.91935483871,0.274512211008174,2836,2836,2836,0.0872970929603104,0,0.00155287863356307,0.0110995234153562,0,0,0,52,non-mge
2760,1625259,1627892,2634,alanine--tRNA ligase,PANCAC_01567,contig_1,-,2836,2834,2835.92596810934,0.293339003723768,2836,2836,2836,0.68670687996578,0,0.00724005290534954,0.0535141580195328,0,0,0,25107,non-mge
2761,1627893,1628231,339,non-cds,non-cds,contig_1,.,2836,2827,2835.13864306785,1.84654144633986,2836,2835,2836,0.692953656191501,0,0.00802888011669169,0.0633207801287751,0,0,0,4922,non-mge
2762,1628232,1630709,2478,ATP-dependent RecD2 DNA helicase,PANCAC_01568,contig_1,-,2836,2830,2835.58676351897,0.981633072727273,2836,2836,2836,0.693061272680278,0,0.0106565468299781,0.0669371209568272,0,0,0,31978,non-mge
2763,1630710,1630710,1,non-cds,non-cds,contig_1,.,2836,2836,2836,NA,2836,2836,2836,0.0129444149479594,0.0129444149479594,0.0129444149479594,NA,0.0129444149479594,0.0129444149479594,0.0129444149479594,5,non-mge
2764,1630711,1631379,669,Tetratricopeptide repeat protein,PANCAC_01569,contig_1,-,2836,2832,2835.36322869955,1.00502884190819,2836,2835,2836,0.673808179363144,0,0.0120935177755141,0.0706670365674811,0,0,0,10705,non-mge
2765,1631380,1631840,461,non-cds,non-cds,contig_1,.,2836,2646,2827.48373101952,26.2970128896572,2835,2832,2836,0.656280808112025,0,0.00993100978961134,0.0658895950133851,0,0,0,6817,non-mge
2766,1631841,1632614,774,tRNA 2-thiouridine(34) synthase MnmA,PANCAC_01570,contig_1,-,2836,2835,2835.95607235142,0.205066675643958,2836,2836,2836,0.693146454206542,0,0.00904229756887514,0.0653438847759412,0,0,0,9514,non-mge
2767,1632615,1632622,8,non-cds,non-cds,contig_1,.,2836,2836,2836,0,2836,2836,2836,0,0,0,0,0,0,0,0,non-mge
2768,1632623,1632958,336,tRNA 2-thiouridine(34) synthase MnmA,PANCAC_01571,contig_1,-,2836,2835,2835.87202380952,0.334561525517785,2836,2836,2836,0.690924298826588,0,0.00783934102534652,0.0670424048291125,0,0,0,5588,non-mge
2769,1632959,1634101,1143,cysteine desulfurase,PANCAC_01572,contig_1,-,2836,2835,2835.99475065617,0.0722935731266511,2836,2836,2836,0.688436866626464,0,0.00530558654930801,0.0448499471447897,0,0,0,6344,non-mge
2770,1634102,1634412,311,non-cds,non-cds,contig_1,.,2836,2831,2835.14147909968,1.15531718813793,2836,2834,2836,0.682754301369367,0,0.00675412470305551,0.0549546423342269,0,0,0,2484,non-mge
2771,1634413,1635426,1014,LLM class flavin-dependent oxidoreductase,PANCAC_01573,contig_1,+,2836,2834,2835.11439842209,0.645991346979688,2835,2835,2836,1.06372000759184,0,0.0105930506737383,0.0733173596128077,0,0,0,12969,non-mge
2772,1635427,1635662,236,non-cds,non-cds,contig_1,.,2835,2828,2833.73305084746,2.13997634048348,2835,2834,2835,0.833502366824073,0,0.018544733486581,0.102703645627558,0,0,0,5827,non-mge
2773,1635663,1635809,147,SAS049 family protein,PANCAC_01574,contig_1,-,2830,2812,2824.26530612245,6.3270743857141,2828,2817,2829,0.617249884831737,0,0.0137224197514101,0.0750250908837565,0,0,0,2123,non-mge
2774,1635810,1635848,39,non-cds,non-cds,contig_1,.,2830,2830,2830,0,2830,2830,2830,0.270851681732263,0,0.013406852254329,0.0568179219026589,0,0,0,391,non-mge
2775,1635849,1636031,183,UPF0337 protein SAS1561,PANCAC_01575,contig_1,-,2834,2829,2833.04918032787,1.25040076443466,2834,2832,2834,0.684905096009704,0,0.00679515908117911,0.0556068423422417,0,0,0,1605,non-mge
2776,1636032,1636130,99,non-cds,non-cds,contig_1,.,2830,2816,2821.34343434343,4.42202653736676,2819,2818,2824,0.685543948634909,0,0.0228066301610814,0.104501508705494,0,0,0,2969,non-mge
2777,1636131,1636235,105,Iron-sulfur cluster regulator IscR,PANCAC_01576,contig_1,-,2836,2831,2835.25714285714,1.27873563928,2836,2835,2836,0.259650711954517,0,0.00261853104535858,0.0253366488068949,0,0,0,210,non-mge
2778,1636204,1636554,351,Iron-sulfur cluster regulator IscR,PANCAC_01577,contig_1,-,2836,2836,2836,0,2836,2836,2836,0.655094684191781,0,0.00269875865547202,0.0375748403364192,0,0,0,1244,non-mge
2779,1636555,1636638,84,non-cds,non-cds,contig_1,.,2836,2836,2836,0,2836,2836,2836,0.0106706200537258,0,0.000469333173251336,0.00186032559639283,0,0,0,14,non-mge
2780,1636639,1637913,1275,AAA+ ATPase domain-containing protein,PANCAC_01578,contig_1,+,2836,2835,2835.95764705882,0.201472096412934,2836,2836,2836,0.69209684695266,0,0.00996969007052905,0.0697493045229251,0,0,0,18360,non-mge
2781,1637914,1638073,160,non-cds,non-cds,contig_1,.,2836,2835,2835.99375,0.0790569415042095,2836,2836,2836,0.620690153255173,0,0.0209486060799435,0.0929728408846033,0,0,0,3602,non-mge
2782,1638074,1638847,774,HesA/moeB/thiF family protein,PANCAC_01579,contig_1,-,2836,2832,2834.91602067183,1.22370999937625,2835,2834,2836,0.751521046714755,0,0.0100868599532034,0.0676791727035738,0,0,0,8930,non-mge
2783,1638848,1639307,460,non-cds,non-cds,contig_1,.,2836,2831,2834.47391304348,1.39925825084321,2835,2834,2835,0.693147180559945,0,0.00450522120193828,0.0465941011628184,0,0,0,2791,non-mge
2784,1639308,1641074,1767,aspartate--tRNA ligase,PANCAC_01581,contig_1,-,2836,2835,2835.96434634975,0.185477590557644,2836,2836,2836,0.692238536163459,0,0.00940449048544447,0.0679363611109254,0,0,0,26455,non-mge
2785,1641075,1641089,15,non-cds,non-cds,contig_1,.,2836,2836,2836,0,2836,2836,2836,0.0234407728152644,0,0.00156271818768429,0.00605238151571671,0,0,0,10,non-mge
2786,1641090,1642352,1263,histidine--tRNA ligase,PANCAC_01582,contig_1,-,2836,2832,2835.68171021378,0.737305404738075,2836,2836,2836,0.693147180559945,0,0.00666938222987937,0.054958922711936,0,0,0,14550,non-mge
2787,1642353,1642812,460,non-cds,non-cds,contig_1,.,2836,2835,2835.92608695652,0.261914172614666,2836,2836,2836,0.685464234169813,0,0.00734818837115873,0.0560154927207519,0,0,0,3845,non-mge
2788,1642813,1643688,876,putative cell wall amidase LytH,PANCAC_01583,contig_1,-,2836,2835,2835.91666666667,0.27654328861173,2836,2836,2836,0.867252843858644,0,0.00819862414934047,0.0594067004894757,0,0,0,8343,non-mge
2789,1643685,1644137,453,D-aminoacyl-tRNA deacylase,PANCAC_01584,contig_1,-,2836,2835,2835.90507726269,0.293432245936472,2836,2836,2836,0.684916993871299,0,0.00622544359235255,0.0566388994190501,0,0,0,3689,non-mge
2790,1644138,1644148,11,non-cds,non-cds,contig_1,.,2836,2836,2836,0,2836,2836,2836,0,0,0,0,0,0,0,0,non-mge
2791,1644149,1646359,2211,GTP pyrophosphokinase,PANCAC_01585,contig_1,-,2836,2831,2835.71777476255,0.738069958250764,2836,2836,2836,0.686079657738187,0,0.00761620908549302,0.0595521060922318,0,0,0,22521,non-mge
2792,1646360,1646765,406,non-cds,non-cds,contig_1,.,2836,2832,2835.43596059113,0.797890699791317,2836,2835,2836,0.456903039184712,0,0.00528494591574713,0.0413109855318669,0,0,0,1837,non-mge
2793,1646766,1647284,519,adenine phosphoribosyltransferase,PANCAC_01586,contig_1,-,2836,2832,2835.57610789981,0.901247245972916,2836,2836,2836,0.639096642284553,0,0.00448394405659851,0.0409520534628867,0,0,0,2329,non-mge
2794,1647285,1647305,21,non-cds,non-cds,contig_1,.,2836,2836,2836,0,2836,2836,2836,0.00830757571750994,0,0.00039559884369095,0.00181286164605078,0,0,0,3,non-mge
2795,1647306,1649579,2274,single-stranded-DNA-specific exonuclease RecJ,PANCAC_01587,contig_1,-,2836,2832,2835.90633245383,0.440497665135016,2836,2836,2836,0.689571145615094,0,0.00793611578449841,0.055012200416091,0,0,0,20598,non-mge
2796,1649580,1649781,202,non-cds,non-cds,contig_1,.,2834,2818,2828.5396039604,4.64789213890658,2829.5,2828,2832,0.542895122348526,0,0.00577517398420571,0.0468875039917085,0,0,0,1124,non-mge
2797,1649782,1652061,2280,protein translocase subunit SecDF,PANCAC_01588,contig_1,-,2836,2823,2835.52105263158,1.81759107870608,2836,2836,2836,0.693134124735511,0,0.00648324963239617,0.0533481766328548,0,0,0,20170,non-mge
2798,1652062,1652335,274,non-cds,non-cds,contig_1,.,2836,2824,2832.4197080292,3.99850410519684,2833,2829,2836,0.529882786074831,0,0.00742094955043121,0.0544670427096586,0,0,0,2010,non-mge
2799,1652336,1652596,261,preprotein translocase subunit YajC,PANCAC_01589,contig_1,-,2836,2829,2834.69348659004,2.62493877379371,2836,2836,2836,0.299664246000666,0,0.00415386039336008,0.0287826727416612,0,0,0,766,non-mge
2800,1652597,1652614,18,non-cds,non-cds,contig_1,.,2836,2831,2834.11111111111,1.84355439584991,2835,2832.5,2835,0.0129483595133557,0,0.000719353306297538,0.00305195760571171,0,0,0,5,non-mge
2801,1652615,1653754,1140,tRNA guanosine(34) transglycosylase Tgt,PANCAC_01590,contig_1,-,2836,2834,2835.86666666667,0.449107331688162,2836,2836,2836,0.692816666289909,0,0.00530095388089103,0.0440375319325236,0,0,0,7044,non-mge
2802,1653755,1653776,22,non-cds,non-cds,contig_1,.,2835,2834,2834.27272727273,0.455842305838552,2834,2834,2834.75,0.003158812208863,0,0.000143582373130136,0.000673461025762439,0,0,0,1,non-mge
2803,1653777,1654802,1026,tRNA preQ1(34) S-adenosylmethionine ribosyltransferase-isomerase QueA,PANCAC_01591,contig_1,-,2836,2834,2835.89083820663,0.387328409394657,2836,2836,2836,1.02041641318483,0,0.0104271736685804,0.0726356950487166,0,0,0,13773,non-mge
2804,1654803,1654803,1,non-cds,non-cds,contig_1,.,2836,2836,2836,NA,2836,2836,2836,0,0,0,NA,0,0,0,0,non-mge
2805,1654804,1655808,1005,Holliday junction branch migration DNA helicase RuvB,PANCAC_01592,contig_1,-,2836,2835,2835.94925373134,0.219588396875468,2836,2836,2836,0.689877031364027,0,0.00812762114787508,0.0602642517597305,0,0,0,11625,non-mge
2806,1655809,1655839,31,non-cds,non-cds,contig_1,.,2836,2836,2836,0,2836,2836,2836,0,0,0,0,0,0,0,0,non-mge
2807,1655840,1656442,603,Holliday junction branch migration protein RuvA,PANCAC_01593,contig_1,-,2836,2832,2835.89718076285,0.398554713053417,2836,2836,2836,0.646468488705869,0,0.00666281195251569,0.0526634386522668,0,0,0,5681,non-mge
2808,1656443,1656455,13,non-cds,non-cds,contig_1,.,2832,2832,2832,0,2832,2832,2832,0,0,0,0,0,0,0,0,non-mge
2809,1656456,1656911,456,ACT domain-containing protein,PANCAC_01594,contig_1,-,2836,2831,2835.18640350877,1.16840804794094,2836,2835,2836,0.565990189290962,0,0.00541048313299404,0.0471627958275371,0,0,0,4055,non-mge
2810,1656912,1656923,12,non-cds,non-cds,contig_1,.,2836,2836,2836,0,2836,2836,2836,0.45540311418134,0,0.0384356386465144,0.13132137607822,0,0,0,2358,non-mge
2811,1656924,1658216,1293,GTPase ObgE,PANCAC_01595,contig_1,-,2836,2834,2835.70069605568,0.476352054511547,2836,2835,2836,0.666757345412802,0,0.00768331751878728,0.0566583452264592,0,0,0,11670,non-mge
2812,1658217,1658570,354,non-cds,non-cds,contig_1,.,2835,2668,2800.75988700565,38.0296064178049,2813,2760,2834,0.688679027343693,0,0.0101639772072391,0.0722883604945111,0,0,0,5185,non-mge
2813,1658571,1658855,285,50S ribosomal protein L27,PANCAC_01596,contig_1,-,2836,2835,2835.71228070175,0.453495879229767,2836,2835,2836,0.015151658399525,0,0.000231724691712771,0.00148988348492231,0,0,0,24,non-mge
2814,1658856,1658866,11,non-cds,non-cds,contig_1,.,2836,2836,2836,0,2836,2836,2836,0,0,0,0,0,0,0,0,non-mge
2815,1658867,1659187,321,Ribosomal processing cysteine protease Prp,PANCAC_01597,contig_1,-,2836,2831,2835.73831775701,0.894459843265729,2836,2836,2836,0.583211596802784,0,0.00266151130897579,0.0341473878236889,0,0,0,2234,non-mge
2816,1659188,1659192,5,non-cds,non-cds,contig_1,.,2832,2832,2832,0,2832,2832,2832,0.0194066825197604,0,0.00388133650395208,0.00867893226638823,0,0,0,8,non-mge
2817,1659193,1659501,309,50S ribosomal protein L21,PANCAC_01598,contig_1,-,2836,2832,2835.88025889968,0.599159528460942,2836,2836,2836,0.370312076285205,0,0.00372367884445028,0.0298084020788858,0,0,0,867,non-mge
2818,1659502,1659667,166,non-cds,non-cds,contig_1,.,2836,1980,2796.21084337349,171.934335959135,2836,2830,2836,0.0330111918114931,0,0.000580649454565314,0.00324626914867662,0,0,0,37,non-mge
2819,1659668,1660198,531,rod shape-determining protein MreD,PANCAC_01599,contig_1,-,2836,2829,2833.40866290019,1.79428871210174,2833,2832,2836,0.659161692894317,0,0.0107540371648678,0.066596387946571,0,0,0,6176,non-mge
2820,1660198,1661040,843,rod shape-determining protein MreC,PANCAC_01600,contig_1,-,2836,2834,2835.73902728351,0.611242652319699,2836,2836,2836,0.68969501268573,0,0.0081807092991398,0.063973730995476,0,0,0,9324,non-mge
2821,1661041,1661432,392,non-cds,non-cds,contig_1,.,2836,2835,2835.74489795918,0.436475643081601,2836,2835,2836,0.685464234169813,0,0.00522008315615558,0.0413635894892802,0,0,0,2109,non-mge
2822,1661433,1661906,474,DUF4930 domain-containing protein,PANCAC_01601,contig_1,-,2836,2832,2835.41561181435,1.03135255984222,2836,2835,2836,0.691926475318227,0,0.00708573231159931,0.0516813124386201,0,0,0,3765,non-mge
2823,1661907,1662379,473,non-cds,non-cds,contig_1,.,2836,2833,2835.16490486258,0.98197464144354,2836,2834,2836,0.631751544010973,0,0.00962612964695461,0.0663953785448022,0,0,0,6150,non-mge
2824,1662380,1662664,285,MW1603 protein,PANCAC_01602,contig_1,-,2836,2836,2836,0,2836,2836,2836,1.07071239330059,0,0.0116691956489674,0.0849243638591782,0,0,0,5588,non-mge
2825,1662665,1662731,67,non-cds,non-cds,contig_1,.,2836,2836,2836,0,2836,2836,2836,0.0106706200537258,0,0.000253496799123269,0.00140069169198165,0,0,0,6,non-mge
2826,1662732,1663418,687,DNA repair protein RadC,PANCAC_01603,contig_1,-,2836,2818,2834.05676855895,2.04568308400304,2835,2832,2836,0.685993257230323,0,0.00822203851615088,0.053498280126417,0,0,0,5930,non-mge
2827,1663415,1664122,708,Prepilin peptidase A24 N-terminal domain-containing protein,PANCAC_01604,contig_1,-,2836,2825,2833.53248587571,2.96425017527856,2835,2833,2836,0.684945535792898,0,0.0136790474908627,0.0741833181913194,0,0,0,10690,non-mge
2828,1664123,1664391,269,non-cds,non-cds,contig_1,.,2836,2831,2834.84014869888,1.24906889807348,2835,2834,2836,0.660786177606997,0,0.0121113304972682,0.0696816752966499,0,0,0,3450,non-mge
2829,1664392,1665663,1272,tetrahydrofolate synthase,PANCAC_01605,contig_1,-,2836,2835,2835.87421383648,0.331738635516927,2836,2836,2836,0.686079657738187,0,0.00707759734119788,0.0574684178156847,0,0,0,11436,non-mge
2830,1665664,1665675,12,non-cds,non-cds,contig_1,.,2835,2835,2835,0,2835,2835,2835,0,0,0,0,0,0,0,0,non-mge
2831,1665676,1668306,2631,valine--tRNA ligase,PANCAC_01606,contig_1,-,2836,2834,2835.84568605093,0.432232042612371,2836,2836,2836,0.692584133269144,0,0.00602612740116661,0.0491733595915487,0,0,0,18547,non-mge
2832,1668307,1668708,402,non-cds,non-cds,contig_1,.,2836,2828,2834.43532338308,2.09429721335245,2836,2833,2836,0.525327256933431,0,0.00500070682528449,0.0369699545049127,0,0,0,1638,non-mge
2833,1668709,1669269,561,DNA-3-methyladenine glycosylase I,PANCAC_01607,contig_1,+,2836,2835,2835.88057040998,0.324582747178165,2836,2836,2836,0.692466051517692,0,0.0157705867672534,0.0838072226814986,0,0,0,11464,non-mge
2834,1669270,1669491,222,non-cds,non-cds,contig_1,.,2836,2831,2835.97747747748,0.335578027607012,2836,2836,2836,0.622080584590305,0,0.0111164562064222,0.0738967964908728,0,0,0,2928,non-mge
2835,1669492,1670559,1068,AbrB family transcriptional regulator,PANCAC_01608,contig_1,-,2836,2831,2834.8904494382,1.10980236015394,2835,2834,2836,0.693081019165776,0,0.00943748548573873,0.0678512567817109,0,0,0,12650,non-mge
2836,1670560,1670760,201,non-cds,non-cds,contig_1,.,2836,2817,2831.62189054726,4.75566172135489,2834,2832,2834,0.692665974144538,0,0.00890405776245906,0.0700055361638869,0,0,0,4390,non-mge
2837,1670761,1672047,1287,glutamate-1-semialdehyde 2%2C1-aminomutase,PANCAC_01609,contig_1,-,2836,2826,2835.91297591298,0.667073471027794,2836,2836,2836,0.693118833118035,0,0.0117002612858447,0.0735018191057495,0,0,0,21353,non-mge
2838,1672048,1672094,47,non-cds,non-cds,contig_1,.,2827,2823,2824.82978723404,1.47911767083668,2825,2823,2826,0.272013769329043,0,0.00823924017542666,0.0422973063879771,0,0,0,284,non-mge
2839,1672095,1673069,975,porphobilinogen synthase,PANCAC_01610,contig_1,-,2836,2827,2835.46769230769,1.47905719029681,2836,2835,2836,0.692963257939902,0,0.0102873192730655,0.0629280123891699,0,0,0,10779,non-mge
2840,1673070,1673071,2,non-cds,non-cds,contig_1,.,2836,2836,2836,0,2836,2836,2836,0,0,0,0,0,0,0,0,non-mge
2841,1673072,1673740,669,Uroporphyrinogen-III synthase,PANCAC_01611,contig_1,-,2836,2834,2835.83258594918,0.512200878544658,2836,2836,2836,0.54814048826787,0,0.00864901817754194,0.0546409846169032,0,0,0,5367,non-mge
2842,1673741,1673761,21,non-cds,non-cds,contig_1,.,2836,2835,2835.33333333333,0.483045891539648,2835,2835,2836,0.0031578221490543,0,0.0001503724832883,0.000689093287107117,0,0,0,1,non-mge
2843,1673762,1674688,927,hydroxymethylbilane synthase,PANCAC_01612,contig_1,-,2836,2834,2835.8284789644,0.502400453094709,2836,2836,2836,0.670878066420256,0,0.00720099741392478,0.0499588589864765,0,0,0,7969,non-mge
2844,1674689,1674729,41,non-cds,non-cds,contig_1,.,2836,2836,2836,0,2836,2836,2836,0.031152019718333,0,0.000901867543784544,0.0049270319224067,0,0,0,16,non-mge
2845,1674730,1675545,816,Cytochrome c assembly protein domain-containing protein,PANCAC_01613,contig_1,-,2836,2833,2835.19485294118,0.608748472091345,2835,2835,2836,0.675250714540637,0,0.00928277861671811,0.0652364297980895,0,0,0,10053,non-mge
2846,1675546,1675566,21,non-cds,non-cds,contig_1,.,2835,2835,2835,0,2835,2835,2835,0,0,0,0,0,0,0,0,non-mge
2847,1675567,1676913,1347,glutamyl-tRNA reductase,PANCAC_01614,contig_1,-,2836,2833,2835.8849294729,0.388508853817702,2836,2836,2836,0.621526147736637,0,0.0043476957241135,0.0381595460277629,0,0,0,10328,non-mge
2848,1676914,1677129,216,non-cds,non-cds,contig_1,.,2836,2832,2834.29166666667,1.28067024603126,2834,2833,2835,0.689751158808996,0,0.00699003886392454,0.0593047252843891,0,0,0,2299,non-mge
2849,1677130,1677720,591,ribosome biogenesis GTP-binding protein YihA/YsxC,PANCAC_01615,contig_1,-,2836,2833,2834.91201353638,1.03122824898825,2835,2834,2836,0.646689772528589,0,0.00722753413936523,0.0536390878270124,0,0,0,5438,non-mge
2850,1677721,1677873,153,non-cds,non-cds,contig_1,.,2836,2835,2835.61437908497,0.488340139852606,2836,2835,2836,0.679695039164362,0,0.00857274945727303,0.0599719713838666,0,0,0,1592,non-mge
2851,1677874,1679136,1263,ATP-dependent Clp protease ATP-binding subunit ClpX,PANCAC_01616,contig_1,-,2836,2833,2835.43309580364,0.952973740667782,2836,2835,2836,0.689594423189977,0,0.00558098730485687,0.0500878558181,0,0,0,10123,non-mge
2852,1679137,1679286,150,non-cds,non-cds,contig_1,.,2835,2830,2831.98,1.84816251936527,2831,2830,2834,0.46318799341615,0,0.00384124155170786,0.0380379799808979,0,0,0,2385,non-mge
2853,1679287,1680588,1302,trigger factor,PANCAC_01617,contig_1,-,2836,2821,2835.69124423963,1.32320395416913,2836,2836,2836,0.693134124735511,0,0.00767973366764071,0.0609946402623997,0,0,0,16110,non-mge
2854,1680589,1680750,162,non-cds,non-cds,contig_1,.,2835,2818,2826.96913580247,6.89623431270493,2826.5,2820,2834,0.0368338776802149,0,0.000473948044239754,0.00336512147675867,0,0,0,2819,non-mge
2855,1680751,1681680,930,TPR domain protein,PANCAC_01618,contig_1,-,2836,2825,2834.71720430108,2.03854797814153,2835.5,2834,2836,0.6864944343566,0,0.00926861871481233,0.0645855372460489,0,0,0,11370,non-mge
2856,1681681,1681698,18,non-cds,non-cds,contig_1,.,2835,2835,2835,0,2835,2835,2835,0.00582635575576123,0,0.000323686430875624,0.00137328522150135,0,0,0,2,non-mge
2857,1681699,1682307,609,Nudix hydrolase domain-containing protein,PANCAC_01619,contig_1,-,2836,2835,2835.8407224959,0.366235476858195,2836,2836,2836,0.680114256693524,0,0.00703480959704584,0.0479707927662915,0,0,0,4156,non-mge
2858,1682308,1682448,141,non-cds,non-cds,contig_1,.,2836,2836,2836,0,2836,2836,2836,0.623730040818454,0,0.0112161792639689,0.0644538819801555,0,0,0,1592,non-mge
2859,1682449,1682805,357,50S ribosomal protein L20,PANCAC_01620,contig_1,-,2836,2835,2835.87955182073,0.325941713835932,2836,2836,2836,0.692944310483886,0,0.0056994438565022,0.0586053014335361,0,0,0,3300,non-mge
2860,1682806,1682851,46,non-cds,non-cds,contig_1,.,2836,2836,2836,0,2836,2836,2836,0.0193832908033096,0,0.000421375887028471,0.0028579103127592,0,0,0,8,non-mge
2861,1682852,1683052,201,50S ribosomal protein L35,PANCAC_01621,contig_1,-,2836,2835,2835.78606965174,0.411102146825309,2836,2836,2836,0.676845456973654,0,0.0041323567040825,0.0479594665599187,0,0,0,1228,non-mge
2862,1683053,1683080,28,non-cds,non-cds,contig_1,.,2836,2836,2836,0,2836,2836,2836,0.530667280718606,0,0.0211294765752566,0.100454149635481,0,0,0,660,non-mge
2863,1683081,1683641,561,translation initiation factor IF-3,PANCAC_01622,contig_1,-,2836,2833,2835.75757575758,0.700803496798882,2836,2836,2836,0.529784494490266,0,0.00530482393640562,0.0429558150584755,0,0,0,6711,non-mge
2864,1683642,1683836,195,non-cds,non-cds,contig_1,.,2836,2834,2835.48717948718,0.62885081212236,2836,2835,2836,0.672075033162613,0,0.00961616399436781,0.0642288326647979,0,0,0,2730,non-mge
2865,1683837,1685330,1494,Amino acid permease/ SLC12A domain-containing protein,PANCAC_01623,contig_1,-,2836,2835,2835.85876840696,0.348376902345168,2836,2836,2836,0.688001751508505,0,0.00819754511584882,0.0597431650793471,0,0,0,14301,non-mge
2866,1685331,1685755,425,non-cds,non-cds,contig_1,.,2836,2831,2835.2,1.3957482608075,2836,2834,2836,0.522163930613615,0,0.00335222974588833,0.0354219233496932,0,0,0,1357,non-mge
2867,1685756,1687693,1938,threonine--tRNA ligase,PANCAC_01624,contig_1,-,2836,2834,2835.69607843137,0.569392341586106,2836,2836,2836,0.754205790086498,0,0.00997714206403665,0.0666012632969751,0,0,0,28870,non-mge
2868,1687694,1688105,412,non-cds,non-cds,contig_1,.,2836,2834,2835.68689320388,0.651797483402444,2836,2836,2836,0.636185728322747,0,0.0078846568419398,0.0586582084487883,0,0,0,3532,non-mge
2869,1688106,1689026,921,primosomal protein DnaI,PANCAC_01625,contig_1,-,2836,2835,2835.97176981542,0.165719823801934,2836,2836,2836,0.661379945342483,0,0.00586910413759223,0.0499127605515273,0,0,0,5828,non-mge
2870,1689026,1690426,1401,DnaD domain-containing protein,PANCAC_01626,contig_1,-,2836,2835,2835.96359743041,0.18735655265286,2836,2836,2836,0.68581893935446,0,0.00794041245253823,0.056369068902457,0,0,0,11778,non-mge
2871,1690427,1690897,471,transcriptional regulator NrdR,PANCAC_01627,contig_1,-,2836,2835,2835.84288747346,0.364293758703036,2836,2836,2836,0.743578826162148,0,0.00441598050435354,0.0475647764037904,0,0,0,4457,non-mge
2872,1690898,1691106,209,non-cds,non-cds,contig_1,.,2836,2830,2834.48325358852,2.28518576458303,2836,2835,2836,0.300048252371622,0,0.00281224876107843,0.022831236991883,0,0,0,402,non-mge
2873,1691107,1692132,1026,type I glyceraldehyde-3-phosphate dehydrogenase,PANCAC_01628,contig_1,-,2836,2836,2836,0,2836,2836,2836,0.686587447023785,0,0.00873804178154968,0.0645752610700291,0,0,0,13441,non-mge
2874,1692133,1692301,169,non-cds,non-cds,contig_1,.,2836,2658,2791.89940828402,74.5855728557421,2832,2831,2834,0.624633031384136,0,0.0209909103807341,0.0895678524325473,0,0,0,4552,non-mge
2875,1692302,1692925,624,dephospho-CoA kinase,PANCAC_01629,contig_1,-,2836,2834,2835.67628205128,0.659063217615551,2836,2836,2836,0.530667280718606,0,0.00631816787385785,0.0451192822567126,0,0,0,6196,non-mge
2876,1692926,1692940,15,non-cds,non-cds,contig_1,.,2836,2836,2836,0,2836,2836,2836,0,0,0,0,0,0,0,0,non-mge
2877,1692941,1693813,873,bifunctional DNA-formamidopyrimidine glycosylase/DNA-(apurinic or apyrimidinic site) lyase,PANCAC_01630,contig_1,-,2836,2836,2836,0,2836,2836,2836,0.705214132840638,0,0.00928731315353835,0.0636653256305529,0,0,0,9807,non-mge
2878,1693814,1693828,15,non-cds,non-cds,contig_1,.,2836,2836,2836,0,2836,2836,2836,0,0,0,0,0,0,0,0,non-mge
2879,1693829,1696459,2631,DNA polymerase I,PANCAC_01631,contig_1,-,2836,2832,2835.57544659825,0.806997403948655,2836,2835,2836,1.07027552964928,0,0.00856030712342613,0.0633286163680834,0,0,0,33814,non-mge
2880,1696460,1696752,293,non-cds,non-cds,contig_1,.,2836,2828,2833.66211604096,2.53438645141551,2834,2832,2836,0.530667280718606,0,0.00775347920531971,0.0543717553785016,0,0,0,2207,non-mge
2881,1696753,1698240,1488,Glucosyltransferase,PANCAC_01632,contig_1,-,2836,2827,2835.40389784946,1.48161959775896,2836,2835,2836,0.692150154574249,0,0.00749693771600311,0.0601918282627105,0,0,0,14408,non-mge
2882,1698241,1698738,498,non-cds,non-cds,contig_1,.,2836,2821,2832.94176706827,4.15187316698478,2835,2833,2835,0.680962070841487,0,0.0132138310093221,0.074169763349693,0,0,0,7118,non-mge
2883,1698739,1700403,1665,two-component system histidine kinase PnpS,PANCAC_01633,contig_1,-,2836,2832,2835.55975975976,0.850729291176298,2836,2835,2836,0.693147180559945,0,0.0096845487296079,0.0642350456295605,0,0,0,20232,non-mge
2884,1700400,1701104,705,Alkaline phosphatase synthesis transcriptional regulatory protein,PANCAC_01634,contig_1,-,2836,2835,2835.95744680851,0.20199081695809,2836,2836,2836,0.676268230331819,0,0.00800644967430381,0.0595905951448509,0,0,0,6378,non-mge
2885,1701105,1701493,389,non-cds,non-cds,contig_1,.,2836,2636,2800.28791773779,58.0906187134263,2825,2818,2829,0.682167318999034,0,0.0128075271346389,0.0724407442687558,0,0,0,5510,non-mge
2886,1701494,1702762,1269,NADP-dependent isocitrate dehydrogenase,PANCAC_01635,contig_1,-,2836,2835,2835.94956658786,0.21892384777017,2836,2836,2836,0.693031755746422,0,0.008175595196218,0.0642444619655172,0,0,0,14378,non-mge
2887,1702763,1702810,48,non-cds,non-cds,contig_1,.,2836,2836,2836,0,2836,2836,2836,0.0886940796858014,0,0.00296445045688553,0.0139549763363984,0,0,0,74,non-mge
2888,1702811,1703857,1047,citrate synthase,PANCAC_01636,contig_1,-,2836,2834,2835.69054441261,0.630439154418045,2836,2836,2836,0.692963257939902,0,0.00933076449510648,0.0649862764688525,0,0,0,12813,non-mge
2889,1703858,1704279,422,non-cds,non-cds,contig_1,.,2836,2815,2832.79146919431,6.08991403414115,2836,2833,2836,0.751871320646539,0,0.00702162569068321,0.0601589596927049,0,0,0,6693,non-mge
2890,1704280,1705641,1362,Amino acid permease/ SLC12A domain-containing protein,PANCAC_01637,contig_1,+,2830,2823,2826.72540381791,1.82022699812079,2827,2827,2828,0.668624761151163,0,0.00405445638205224,0.0434837357142553,0,0,0,6497,non-mge
2891,1705642,1705673,32,non-cds,non-cds,contig_1,.,2823,1729,2677.4375,248.758327790571,2718,2717,2823,0,0,0,0,0,0,0,0,non-mge
2892,1705674,1706480,807,IS1182 family transposase,PANCAC_01638,contig_1,-,2753,2645,2695.73605947955,29.6874701132229,2697,2664.5,2721,0.00333499876017555,0,4.13258830257193e-06,0.000117397516436224,0,0,0,1,non-mge
2893,1706481,1706497,17,non-cds,non-cds,contig_1,.,2647,2644,2646.05882352941,0.966345450349804,2646,2645,2647,0,0,0,0,0,0,0,0,non-mge
2894,1706498,1707325,828,Truncated transposase%2C putative,PANCAC_01639,contig_1,-,2808,2316,2657.64734299517,136.575640992088,2710,2586,2742,0,0,0,0,0,0,0,0,non-mge
2895,1707326,1707965,640,non-cds,non-cds,contig_1,.,2835,2114,2741.1578125,94.4305315614712,2737,2683,2830,0.653418846180506,0,0.00310414574422835,0.0337184148443707,0,0,0,1597,non-mge
2896,1707966,1709723,1758,pyruvate kinase,PANCAC_01641,contig_1,-,2836,2834,2835.93629124005,0.248918684718962,2836,2836,2836,0.689633331250545,0,0.00645024276844651,0.0557580649306643,0,0,0,16192,non-mge
2897,1709724,1709744,21,non-cds,non-cds,contig_1,.,2833,2828,2829.90476190476,2.16575072214606,2830,2828,2833,0,0,0,0,0,0,0,0,non-mge
2898,1709745,1710713,969,6-phosphofructokinase,PANCAC_01642,contig_1,-,2836,2827,2835.52734778122,1.88609671819065,2836,2836,2836,0.633698367528719,0,0.00543563334171523,0.0501767705086572,0,0,0,7166,non-mge
2899,1710714,1710981,268,non-cds,non-cds,contig_1,.,2836,2832,2835.70895522388,0.502050132024922,2836,2835,2836,0.661379945342483,0,0.00935337107117946,0.0703940644850239,0,0,0,3272,non-mge
2900,1710982,1711926,945,acetyl-CoA carboxylase carboxyltransferase subunit alpha,PANCAC_01643,contig_1,-,2836,2835,2835.87513227513,0.330743910588743,2836,2836,2836,0.693123067711814,0,0.0118508629765701,0.0749503391356553,0,0,0,13750,non-mge
2901,1711926,1712783,858,acetyl-CoA carboxylase%2C carboxyltransferase subunit beta,PANCAC_01644,contig_1,-,2836,2831,2835.61072261072,1.19995203714988,2836,2836,2836,0.650368009142091,0,0.00544550877874892,0.044849553324176,0,0,0,4653,non-mge
2902,1712784,1712977,194,non-cds,non-cds,contig_1,.,2836,2836,2836,0,2836,2836,2836,0.620410329880405,0,0.00688488466912592,0.0511691082404471,0,0,0,1370,non-mge
2903,1712978,1714207,1230,NADP-dependent malic enzyme (Conversion of malate into pyruvate),PANCAC_01645,contig_1,-,2836,2833,2835.35772357724,0.618800662885487,2835,2835,2836,0.78728444382319,0,0.00692460129171637,0.0545608280921956,0,0,0,11026,non-mge
2904,1714208,1714656,449,non-cds,non-cds,contig_1,.,2836,2799,2832.14922048998,7.98925090176576,2836,2833,2836,0.61944108526304,0,0.00577756002958116,0.0398218662150506,0,0,0,2177,non-mge
2905,1714657,1717854,3198,DNA polymerase III subunit alpha,PANCAC_01646,contig_1,-,2836,2795,2834.97967479675,4.65727755656756,2836,2836,2836,1.03809778095962,0,0.0111345892611764,0.0732483945170333,0,0,0,43770,non-mge
2906,1717855,1717874,20,non-cds,non-cds,contig_1,.,2836,2836,2836,0,2836,2836,2836,0.576057037287051,0,0.0288028518643525,0.128810269429098,0,0,0,745,non-mge
2907,1717875,1718816,942,pApA hydrolase Pde2,PANCAC_01647,contig_1,-,2836,2835,2835.75159235669,0.432318971795174,2836,2836,2836,0.693147180559945,0,0.010259809859186,0.0652999812892825,0,0,0,10684,non-mge
2908,1718817,1719076,260,non-cds,non-cds,contig_1,.,2836,2141,2709.71153846154,229.601512827343,2833,2828,2835,0.539304163703522,0,0.00877161136214467,0.0538901129380764,0,0,0,2016,non-mge
2909,1719077,1720375,1299,CBS domain-containing protein,PANCAC_01648,contig_1,-,2836,2832,2835.63048498845,0.9107442876665,2836,2836,2836,0.993347997756767,0,0.00940628544272882,0.0700428231090237,0,0,0,14999,non-mge
2910,1720376,1720579,204,non-cds,non-cds,contig_1,.,2836,2833,2834.80882352941,0.858295130057883,2835,2834,2835,0.232783205473814,0,0.0013817585695865,0.0163284086209063,0,0,0,193,non-mge
2911,1720580,1720993,414,UspA domain-containing protein,PANCAC_01649,contig_1,+,2836,2835,2835.98792270531,0.109363263068026,2836,2836,2836,0.529342022418137,0,0.0028932400452547,0.0293049974106396,0,0,0,3828,non-mge
2912,1720994,1721297,304,non-cds,non-cds,contig_1,.,2836,1619,2414.6875,578.9315221181,2833,1619,2836,0.400821787342997,0,0.00334537625539151,0.0291218153432042,0,0,0,751,76
2913,1721298,1721987,690,metal-dependent hydrolase,PANCAC_01650,contig_1,-,2836,2833,2835.34347826087,1.205692624852,2836,2836,2836,0.620690153255173,0,0.00766443287681741,0.0535758410160898,0,0,0,5168,non-mge
2914,1721988,1722161,174,non-cds,non-cds,contig_1,.,2836,2832,2833.78735632184,1.20002934431377,2834,2833,2835,0.669675242768359,0,0.0114772615195512,0.0749055654305864,0,0,0,3872,non-mge
2915,1722162,1723217,1056,Uncharacterized peptidase SAUSA300_1654,PANCAC_01651,contig_1,+,2836,2835,2835.64488636364,0.478774488429803,2836,2835,2836,0.685413737636337,0,0.010428291628898,0.0696637005089465,0,0,0,20376,non-mge
2916,1723218,1723532,315,non-cds,non-cds,contig_1,.,2836,2833,2834.91746031746,0.937291748851374,2835,2835,2836,0.692612267936502,0,0.0118274939389477,0.0677127180276467,0,0,0,4198,non-mge
2917,1723533,1724651,1119,alanine dehydrogenase,PANCAC_01652,contig_1,-,2836,2829,2834.94995531725,1.89981580355757,2836,2833,2836,0.87053545880622,0,0.00641894248961581,0.0521626393845974,0,0,0,8607,non-mge
2918,1724652,1724791,140,non-cds,non-cds,contig_1,.,2836,2835,2835.69285714286,0.462965551361193,2836,2835,2836,0.29335747434326,0,0.00244639431035262,0.0248977538518421,0,0,0,264,non-mge
2919,1724792,1725292,501,Putative universal stress protein MW1653,PANCAC_01653,contig_1,+,2836,2835,2835.97604790419,0.153052767699898,2836,2836,2836,0.671800618119688,0,0.0047275285948209,0.0495984827879235,0,0,0,2613,non-mge
2920,1725293,1725537,245,non-cds,non-cds,contig_1,.,2836,2835,2835.80816326531,0.394551381834264,2836,2836,2836,0.661015555979983,0,0.016041635465199,0.0813045646713734,0,0,0,4314,non-mge
2921,1725538,1726740,1203,Acetate kinase,PANCAC_01654,contig_1,-,2836,2827,2835.62842892768,1.57214409236214,2836,2836,2836,0.643998144884548,0,0.00898076033601339,0.0625546490038303,0,0,0,11945,non-mge
2922,1726741,1726827,87,non-cds,non-cds,contig_1,.,2836,2834,2834.90804597701,0.935503643835221,2835,2834,2836,0.675305860199133,0,0.00888024412030745,0.0727378811234368,0,0,0,1197,non-mge
2923,1726828,1727775,948,Adenine-specific methyltransferase,PANCAC_01655,contig_1,-,2836,2835,2835.89662447257,0.304609429001773,2836,2836,2836,0.662102353791173,0,0.00821765704158718,0.0524421803847574,0,0,0,8884,non-mge
2924,1727776,1727897,122,non-cds,non-cds,contig_1,.,2836,2836,2836,0,2836,2836,2836,0.0471379301932932,0,0.00085857907693391,0.00490875706190032,0,0,0,45,non-mge
2925,1727898,1728392,495,thiol peroxidase,PANCAC_01656,contig_1,-,2836,2835,2835.92323232323,0.266491784147037,2836,2836,2836,0.662102353791173,0,0.00662743806520474,0.0565065213767104,0,0,0,4690,non-mge
2926,1728393,1728489,97,non-cds,non-cds,contig_1,.,2836,2827,2835.09278350515,1.22544612817472,2835,2835,2836,0.300121296345945,0,0.00370139608580339,0.0307090293897153,0,0,0,278,non-mge
2927,1728490,1729260,771,putative membrane transporter protein,PANCAC_01657,contig_1,-,2836,2812,2833.40337224384,5.06753753465632,2836,2835,2836,0.691578902117059,0,0.0158528688904487,0.092690130118426,0,0,0,17440,non-mge
2928,1729261,1729303,43,non-cds,non-cds,contig_1,.,2836,2836,2836,0,2836,2836,2836,0,0,0,0,0,0,0,0,non-mge
2929,1729304,1730527,1224,putative tRNA sulfurtransferase,PANCAC_01658,contig_1,-,2836,2834,2835.85212418301,0.418534683601122,2836,2836,2836,0.681689960026779,0,0.00885312023003127,0.0597244605710529,0,0,0,11168,non-mge
2930,1730527,1731693,1167,Aminotransferase,PANCAC_01659,contig_1,-,2836,2834,2835.68980291345,0.466464251211969,2836,2835,2836,0.909599353478357,0,0.00965804219619508,0.0659866735667054,0,0,0,14813,non-mge
2931,1731694,1732037,344,non-cds,non-cds,contig_1,.,2835,2698,2745.93895348837,61.5779796226851,2705,2701,2832,0.352776954426071,0,0.00361027455920673,0.0300879149147987,0,0,0,916,non-mge
2932,1732038,1733732,1695,septation ring formation regulator EzrA,PANCAC_01660,contig_1,-,2836,2826,2835.51504424779,1.1036502629908,2836,2835,2836,0.688108552584718,0,0.00666959803349052,0.054777267683733,0,0,0,21682,non-mge
2933,1733733,1733868,136,non-cds,non-cds,contig_1,.,2836,2823,2828.25735294118,3.69583614261081,2826,2826,2832,0.00316775231015808,0,4.65772694110852e-05,0.000382660822981054,0,0,0,2,non-mge
2934,1733869,1734333,465,GAF domain-containing protein,PANCAC_01661,contig_1,+,2836,2835,2835.8688172043,0.337963760115859,2836,2836,2836,0.686079657738187,0,0.0129661297352923,0.0744275692745111,0,0,0,9273,non-mge
2935,1734334,1734576,243,non-cds,non-cds,contig_1,.,2836,2831,2835.00823045267,1.49376602532246,2836,2834,2836,0.665248393762574,0,0.00623336241132036,0.0557359519886254,0,0,0,1897,non-mge
2936,1734577,1735179,603,30S ribosomal protein S4,PANCAC_01662,contig_1,+,2836,2835,2835.96351575456,0.187647379952955,2836,2836,2836,0.363280260059778,0,0.0036322291212198,0.0294247685211673,0,0,0,1653,non-mge
2937,1735180,1735394,215,non-cds,non-cds,contig_1,.,2836,2831,2835.42325581395,1.47642489535926,2836,2836,2836,0.633194146607098,0,0.00724561096776698,0.0507177943495967,0,0,0,1542,non-mge
2938,1735395,1736138,744,GP-PDE domain-containing protein,PANCAC_01663,contig_1,-,2836,2832,2835.40994623656,1.15429235682277,2836,2835,2836,0.689121731023926,0,0.0132909506969947,0.0790097586766702,0,0,0,12399,non-mge
2939,1736139,1736217,79,non-cds,non-cds,contig_1,.,2836,2836,2836,0,2836,2836,2836,0.530226246985501,0,0.0112232183409908,0.06898257020194,0,0,0,903,non-mge
2940,1736218,1736664,447,Organic hydroperoxide resistance protein,PANCAC_01664,contig_1,+,2836,2836,2836,0,2836,2836,2836,0.681906901136513,0,0.0105597511106887,0.0663233023594622,0,0,0,5727,non-mge
2941,1736665,1736777,113,non-cds,non-cds,contig_1,.,2836,2834,2835.12389380531,0.696069877480906,2835,2835,2836,0.632262349298088,0,0.00868754594192962,0.0609270542543207,0,0,0,1104,non-mge
2942,1736778,1737938,1161,Aminotransferase class V domain-containing protein,PANCAC_01665,contig_1,+,2836,2834,2835.77260981912,0.466062923315842,2836,2836,2836,0.669803387848812,0,0.00906840479223812,0.0635527038305125,0,0,0,13025,non-mge
2943,1737925,1739529,1605,phosphoglycerate dehydrogenase,PANCAC_01666,contig_1,+,2836,2832,2835.72024922118,0.709479762826294,2836,2836,2836,0.969922047661977,0,0.00804556541517581,0.0608079513173951,0,0,0,17912,non-mge
2944,1739530,1739678,149,non-cds,non-cds,contig_1,.,2836,2696,2825.63758389262,34.9389844151318,2835,2835,2836,0.688507621301639,0,0.0109059083694889,0.066478360756889,0,0,0,1954,non-mge
2945,1739679,1740809,1131,HAD family hydrolase,PANCAC_01667,contig_1,-,2836,2831,2835.52873563218,1.12171490547414,2836,2836,2836,0.686834521420553,0,0.00881605982362951,0.0607514963915525,0,0,0,10975,non-mge
2946,1740810,1740915,106,non-cds,non-cds,contig_1,.,2836,2836,2836,0,2836,2836,2836,0.635445415671545,0,0.0084127453480487,0.0641000840154756,0,0,0,1095,non-mge
2947,1740916,1742382,1467,N-acetylglucosamine-specific PTS transporter subunit IIBC,PANCAC_01668,contig_1,-,2836,2833,2835.69461486026,0.638246370400034,2836,2836,2836,0.686752668327883,0,0.010286502836073,0.0691067918564622,0,0,0,24194,non-mge
2948,1742383,1742509,127,non-cds,non-cds,contig_1,.,2836,2835,2835.66141732283,0.475101867789323,2836,2835,2836,0.577508351763751,0,0.00968153609827028,0.0670472401470129,0,0,0,3113,non-mge
2949,1742510,1743127,618,1-acyl-sn-glycerol-3-phosphate acyltransferase,PANCAC_01669,contig_1,-,2836,2830,2835.19093851133,1.66451634925168,2836,2836,2836,0.692944310483886,0,0.00785357085282423,0.0588239721040545,0,0,0,7718,non-mge
2950,1743128,1743298,171,non-cds,non-cds,contig_1,.,2833,2825,2829.52046783626,2.29151678841907,2829,2827.5,2831,0.277572413575206,0,0.00213951083080191,0.0213820544931742,0,0,0,259,non-mge
2951,1743299,1744573,1275,Serine protease HtrA-like,PANCAC_01670,contig_1,+,2836,2833,2835.96156862745,0.229525588715666,2836,2836,2836,0.83359024627264,0,0.00821988185102304,0.0651541011376544,0,0,0,13836,non-mge
2952,1744574,1744666,93,non-cds,non-cds,contig_1,.,2836,2828,2832.59139784946,3.07951351020913,2834,2829,2836,0.425036481763328,0,0.00783835701270045,0.0485277121563429,0,0,0,618,non-mge
2953,1744667,1745929,1263,tyrosine--tRNA ligase,PANCAC_01671,contig_1,-,2836,2833,2835.6864608076,0.694007905508333,2836,2836,2836,0.680801805977895,0,0.00497674376327093,0.0411743302510058,0,0,0,6181,non-mge
2954,1745930,1746310,381,non-cds,non-cds,contig_1,.,2836,2827,2833.68503937008,2.57528982753676,2835,2832,2835,0.662638592415282,0,0.00436206575681419,0.0392489545196897,0,0,0,1701,non-mge
2955,1746311,1747216,906,peptidoglycan glycosyltransferase,PANCAC_01672,contig_1,+,2836,2829,2834.69977924945,1.58944722864643,2835,2834,2836,0.668348567839344,0,0.0101852927366471,0.06773052400517,0,0,0,10626,non-mge
2956,1747217,1747418,202,non-cds,non-cds,contig_1,.,2836,2832,2835.22772277228,1.36320655143192,2836,2835,2836,0.630380550778457,0,0.0097822689008206,0.0621558593841648,0,0,0,1907,non-mge
2957,1747419,1750106,2688,haptoglobin-binding heme uptake protein HarA,PANCAC_01673,contig_1,-,2836,2817,2828.11160714286,2.92395352676816,2828,2827,2829,0.71636969933179,0,0.00983677821468718,0.0640779094533619,0,0,0,29683,non-mge
2958,1750107,1750439,333,non-cds,non-cds,contig_1,.,2836,2801,2827.52552552553,9.67094658918259,2829,2828,2836,0.530667280718606,0,0.0124002309506869,0.0650680542444797,0,0,0,3777,non-mge
2959,1750440,1752107,1668,formate--tetrahydrofolate ligase,PANCAC_01675,contig_1,-,2836,2834,2835.91606714628,0.323309038755278,2836,2836,2836,0.69112150018387,0,0.00781266080373681,0.0591704979256051,0,0,0,18685,non-mge
2960,1752108,1752546,439,non-cds,non-cds,contig_1,.,2836,2830,2834.69476082005,1.62956275467668,2836,2833,2836,0.69209684695266,0,0.0101438814613293,0.0670082458982206,0,0,0,5479,non-mge
2961,1752547,1754253,1707,acetate--CoA ligase,PANCAC_01676,contig_1,-,2836,2833,2835.83011130639,0.494241327047957,2836,2836,2836,0.732700093801701,0,0.00997397900840243,0.0673324654274021,0,0,0,27168,non-mge
2962,1754254,1754421,168,non-cds,non-cds,contig_1,.,2836,2833,2833.70238095238,0.92574309889083,2833,2833,2835,0.303468046771854,0,0.00639600919899812,0.0364326934677368,0,0,0,760,non-mge
2963,1754422,1755054,633,N-acetyltransferase domain-containing protein,PANCAC_01677,contig_1,+,2836,2835,2835.86255924171,0.344584353427825,2836,2836,2836,0.693147180559945,0,0.0141733486641637,0.0817993235366489,0,0,0,13810,non-mge
2964,1755055,1755078,24,non-cds,non-cds,contig_1,.,2836,2834,2834.5,0.834057656228299,2834,2834,2835,0.0151562584421409,0,0.00100596807386803,0.00329274847225306,0,0,0,9,non-mge
2965,1755079,1756248,1170,Acetoin utilization protein AcuC,PANCAC_01678,contig_1,+,2836,2826,2835.3094017094,1.52425403685191,2836,2835,2836,0.679048426483481,0,0.0127087531916987,0.071918897708763,0,0,0,16556,non-mge
2966,1756249,1756345,97,non-cds,non-cds,contig_1,.,2836,2836,2836,0,2836,2836,2836,0.662638592415282,0,0.0219620136015251,0.106778027477906,0,0,0,2712,non-mge
2967,1756346,1757335,990,catabolite control protein A,PANCAC_01679,contig_1,-,2836,2825,2835.4494949495,2.08586526904337,2836,2836,2836,1.07676914250536,0,0.00761394066016543,0.0654108622579737,0,0,0,10085,non-mge
2968,1757336,1757874,539,non-cds,non-cds,contig_1,.,2834,2643,2727.6400742115,80.555946690523,2656,2652,2811.5,0.688508062967596,0,0.0133320685370534,0.0749648139295684,0,0,0,8038,non-mge
2969,1757875,1758966,1092,bifunctional 3-deoxy-7-phosphoheptulonate synthase/chorismate mutase,PANCAC_01680,contig_1,-,2835,2834,2834.94047619048,0.236710872189658,2835,2835,2835,0.692893698417275,0,0.00578409512984143,0.0480643616089714,0,0,0,10004,non-mge
2970,1758967,1759665,699,non-cds,non-cds,contig_1,.,2835,2804,2827.2660944206,6.89903718602993,2828,2824,2832.5,0.691668742711836,0,0.0112381456177958,0.0747456460557694,0,0,0,10643,non-mge
2971,1759666,1761183,1518,Maebl,PANCAC_01681,contig_1,-,2836,1449,2468.54216073781,409.873183919511,2714.5,2145,2803,0.692734100336214,0,0.0070565123182936,0.0528935828092267,0,0,0,11262,77
2972,1761184,1761256,73,non-cds,non-cds,contig_1,.,2835,2834,2834.41095890411,0.495412747064847,2834,2834,2835,0.0173009803376865,0,0.000360070660856192,0.00215309102243365,0,0,0,10,non-mge
2973,1761257,1761748,492,UPF0478 protein MW1682,PANCAC_01682,contig_1,-,2836,2835,2835.91463414634,0.279709749716085,2836,2836,2836,0.62354295330139,0,0.0040963340879581,0.0364690598580968,0,0,0,2907,non-mge
2974,1761749,1761821,73,non-cds,non-cds,contig_1,.,2836,2801,2819.98630136986,11.4909301802733,2818,2809,2832,0.00837722710687348,0,0.000201859564483056,0.00110188486491611,0,0,0,5,non-mge
2975,1761822,1763135,1314,UDP-N-acetylmuramate--L-alanine ligase,PANCAC_01683,contig_1,-,2836,2804,2834.88812785388,3.69583809013805,2836,2835,2836,0.674508311778225,0,0.00685922462161936,0.0518574004802583,0,0,0,9875,non-mge
2976,1763136,1763158,23,non-cds,non-cds,contig_1,.,2836,2836,2836,0,2836,2836,2836,0.00315683274376661,0,0.00013725359755507,0.000658245129842683,0,0,0,1,non-mge
2977,1763159,1766983,3825,FtsK domain-containing protein,PANCAC_01684,contig_1,-,2836,2834,2835.79660130719,0.495733844106746,2836,2836,2836,0.927362666200129,0,0.0109077926981408,0.0707007285325814,0,0,0,50481,non-mge
2978,1766984,1767003,20,non-cds,non-cds,contig_1,.,2836,2836,2836,0,2836,2836,2836,0.141966266478636,0,0.00709831332393178,0.0317446222358079,0,0,0,91,non-mge
2979,1767004,1767600,597,YtpR family tRNA-binding protein,PANCAC_01685,contig_1,-,2836,2808,2833.59128978224,5.87142361612406,2836,2835,2836,0.675790546287496,0,0.00605824298982325,0.0526350052508093,0,0,0,4418,non-mge
2980,1767601,1767628,28,non-cds,non-cds,contig_1,.,2836,2835,2835.28571428571,0.460043706228236,2835,2835,2836,0.530765563814524,0,0.0195735024641994,0.100203057413226,0,0,0,638,non-mge
2981,1767629,1768486,858,UPF0354 protein SA1564,PANCAC_01686,contig_1,-,2836,2834,2835.97435897436,0.18533106847667,2836,2836,2836,0.531986077449738,0,0.00893578806893346,0.053433959811545,0,0,0,6789,non-mge
2982,1768487,1768585,99,non-cds,non-cds,contig_1,.,2836,2831,2833.47474747475,1.75745313371735,2833,2832,2835,0.0786727905908988,0,0.00148542218550489,0.00824982857205879,0,0,0,68,non-mge
2983,1768586,1768897,312,Thioredoxin domain-containing protein,PANCAC_01687,contig_1,-,2836,2835,2835.84935897436,0.358273242626664,2836,2836,2836,0.679880986150905,0,0.00763147645800447,0.0560113216529068,0,0,0,3103,non-mge
2984,1768898,1768961,64,non-cds,non-cds,contig_1,.,2835,2831,2832.265625,1.33621340729738,2832,2831,2833,0.52939066373057,0,0.0161049231695509,0.0760338407394038,0,0,0,978,non-mge
2985,1768962,1770038,1077,Glutamyl aminopeptidase Deblocking aminopeptidase,PANCAC_01688,contig_1,-,2836,2833,2835.65831012071,0.70727639051742,2836,2836,2836,0.655293715262697,0,0.00758037793301746,0.0529354031794062,0,0,0,7975,non-mge
2986,1770039,1770121,83,non-cds,non-cds,contig_1,.,2835,2834,2834.51807228916,0.502710841172637,2835,2834,2835,0.0872970929603104,0,0.00134848431236886,0.00970878103697711,0,0,0,58,non-mge
2987,1770122,1770436,315,PepSY domain-containing protein,PANCAC_01689,contig_1,+,2836,2835,2835.94285714286,0.232484699663866,2836,2836,2836,0.59935997251929,0,0.00385934603786981,0.0444677722299977,0,0,0,1448,non-mge
2988,1770437,1770560,124,non-cds,non-cds,contig_1,.,2836,2836,2836,0,2836,2836,2836,0.445748875334218,0,0.0105640093990548,0.0586286613157197,0,0,0,1156,non-mge
2989,1770561,1771403,843,Metal-dependent hydrolase,PANCAC_01690,contig_1,-,2836,2834,2835.75444839858,0.470218550421752,2836,2836,2836,0.691512277206253,0,0.0114053839020285,0.0741366613231788,0,0,0,17373,non-mge
2990,1771404,1771872,469,non-cds,non-cds,contig_1,.,2834,2197,2805.99360341151,110.766685000522,2827,2824,2829,0.687481053230483,0,0.01177427836208,0.0667001792760849,0,0,0,5642,non-mge
2991,1771873,1772517,645,tRNA (guanosine(46)-N7)-methyltransferase TrmB,PANCAC_01692,contig_1,-,2836,2831,2835.88217054264,0.396108714530733,2836,2836,2836,0.680114256693524,0,0.00997848964648427,0.0630377422257089,0,0,0,6892,non-mge
2992,1772518,1772531,14,non-cds,non-cds,contig_1,.,2836,2836,2836,0,2836,2836,2836,0,0,0,0,0,0,0,0,non-mge
2993,1772532,1773323,792,Aminoglycoside phosphotransferase domain-containing protein,PANCAC_01693,contig_1,-,2836,2835,2835.93181818182,0.252216926023354,2836,2836,2836,0.681138688697039,0,0.00669934024460794,0.0539029293445232,0,0,0,5962,non-mge
2994,1773324,1773872,549,non-cds,non-cds,contig_1,.,2836,2808,2830.96539162113,10.5405319919345,2836,2835,2836,0.667716313666458,0,0.00794497147026343,0.0577844870147727,0,0,0,4879,non-mge
2995,1773873,1774721,849,D-amino-acid transaminase,PANCAC_01694,contig_1,-,2836,2834,2835.85159010601,0.469971337640797,2836,2836,2836,0.666091959084094,0,0.00765537560742356,0.0564773512819664,0,0,0,7023,non-mge
2996,1774722,1774724,3,non-cds,non-cds,contig_1,.,2836,2836,2836,0,2836,2836,2836,0,0,0,0,0,0,0,0,non-mge
2997,1774725,1776134,1410,Mn(2+)-dependent dipeptidase Sapep,PANCAC_01695,contig_1,-,2836,2826,2835.57021276596,1.62301337561896,2836,2836,2836,0.691491502201767,0,0.00750325442363876,0.0547258758558925,0,0,0,12076,non-mge
2998,1776135,1776997,863,non-cds,non-cds,contig_1,.,2836,738,1968.38933951333,648.437471544783,1655,1438,2756,0.536002119612176,0,0.00413249207725637,0.0332893483185895,0,0,0,2138,78;79
2999,1776998,1777420,423,YtxH domain-containing protein,PANCAC_01696,contig_1,-,2835,2815,2830.37352245863,5.01726484926024,2833,2828,2833,0.632076314971358,0,0.00696638735041289,0.0539011899174578,0,0,0,4685,non-mge
3000,1777421,1777436,16,non-cds,non-cds,contig_1,.,2835,2835,2835,0,2835,2835,2835,0.0031578221490543,0,0.000197363884315894,0.000789455537263576,0,0,0,1,non-mge
3001,1777437,1778132,696,Pseudouridine synthase,PANCAC_01697,contig_1,-,2835,2832,2834.79454022989,0.511197286774027,2835,2835,2835,0.691236238075869,0,0.0117038415213757,0.0769824000753144,0,0,0,11590,non-mge
3002,1778129,1779790,1662,Polysaccharide biosynthesis protein,PANCAC_01698,contig_1,-,2835,2822,2833.58062575211,2.23144515301897,2834,2833,2835,0.620005147786841,0,0.00566375689546565,0.0440550372943047,0,0,0,8744,non-mge
3003,1779791,1780196,406,non-cds,non-cds,contig_1,.,2836,2809,2825.52955665025,9.34934411381415,2828,2815,2834,0.620217306493613,0,0.00727027374867508,0.054134842340417,0,0,0,3014,non-mge
3004,1780197,1781465,1269,Aminoacetone oxidase family FAD-binding enzyme,PANCAC_01699,contig_1,+,2836,2834,2835.86918833727,0.411089634614177,2836,2836,2836,0.719857975090582,0,0.00966839348430887,0.0614232983253043,0,0,0,12444,non-mge
3005,1781466,1781581,116,non-cds,non-cds,contig_1,.,2836,2823,2835.49137931034,1.98031920859139,2836,2836,2836,0.639096642284553,0,0.0169872933222668,0.0856523838758369,0,0,0,2189,non-mge
3006,1781582,1788142,6561,LPXTG-anchored repetitive surface protein SasC,PANCAC_01700,contig_1,-,2836,2564,2821.74698978814,39.8803316701757,2832,2819,2836,0.692568332542028,0,0.00815032429165173,0.0577253182725893,0,0,0,62298,non-mge
3007,1788143,1788484,342,non-cds,non-cds,contig_1,.,2836,2714,2807.31286549708,39.1733317700974,2821,2807.75,2836,0.463695531742964,0,0.00505430189032193,0.0328792030540843,0,0,0,1241,non-mge
3008,1788485,1788796,312,Rhodanese domain-containing protein,PANCAC_01701,contig_1,-,2836,2836,2836,0,2836,2836,2836,0.751211768735431,0,0.0127383025252089,0.0863837608054269,0,0,0,6659,non-mge
3009,1788797,1788817,21,non-cds,non-cds,contig_1,.,2836,2836,2836,0,2836,2836,2836,0.655293715262697,0,0.031204462631557,0.142996812029531,0,0,0,1029,non-mge
3010,1788818,1791235,2418,leucine--tRNA ligase,PANCAC_01702,contig_1,-,2836,2834,2835.86641852771,0.389058667095148,2836,2836,2836,1.09511860723705,0,0.010333821905894,0.0721794056226947,0,0,0,32645,non-mge
3011,1791236,1791522,287,non-cds,non-cds,contig_1,.,2836,2836,2836,0,2836,2836,2836,0.191449333460506,0,0.000964146757179525,0.0114799997863421,0,0,0,168,non-mge
3012,1791523,1792704,1182,Major facilitator superfamily (MFS) profile domain-containing protein,PANCAC_01703,contig_1,-,2836,2830,2835.7614213198,1.08750147193794,2836,2836,2836,0.734597592527345,0,0.00819036018987401,0.0650841079598561,0,0,0,15161,non-mge
3013,1792705,1792813,109,non-cds,non-cds,contig_1,.,2836,2832,2834.00917431193,1.71321342448994,2834,2832,2836,0.311321423705059,0,0.0033133944413577,0.0299099184115634,0,0,0,286,non-mge
3014,1792814,1793767,954,TIGR01212 family radical SAM protein,PANCAC_01704,contig_1,+,2836,2829,2835.95911949686,0.338823438587973,2836,2836,2836,0.710575097507671,0,0.00758610248133883,0.0586843462020171,0,0,0,10230,non-mge
3015,1793764,1794327,564,tRNA (mnm(5)s(2)U34)-methyltransferase,PANCAC_01705,contig_1,+,2836,2835,2835.76595744681,0.423774762929293,2836,2836,2836,0.530667280718606,0,0.00803953994645914,0.0507271826030814,0,0,0,4013,non-mge
3016,1794328,1794446,119,non-cds,non-cds,contig_1,.,2836,2834,2835.49579831933,0.872109750322355,2836,2835,2836,0.68857787189062,0,0.00825016777852008,0.0657570633816472,0,0,0,1466,non-mge
3017,1794447,1794848,402,HTH-type transcriptional regulator rot,PANCAC_01706,contig_1,-,2836,2834,2835.78855721393,0.562828985388294,2836,2836,2836,0.662102353791173,0,0.007267410921435,0.0596930197796194,0,0,0,3582,non-mge
3018,1794849,1795367,519,non-cds,non-cds,contig_1,.,2836,2775,2820.45086705202,13.1172686079555,2820,2818,2832,0.620497628113372,0,0.0134291619717532,0.0777136292149479,0,0,0,8977,non-mge
3019,1795368,1795592,225,Transposase,PANCAC_01707,contig_1,-,2818,705,2152.01777777778,667.178748031887,2315,2310,2380,0.477880148694941,0,0.00239100070931336,0.0320918428014239,0,0,0,143,non-mge
3020,1795589,1796080,492,Transposase InsH N-terminal domain-containing protein,PANCAC_01708,contig_1,-,2793,2381,2733.69918699187,61.3441342748294,2749,2736,2755,0,0,0,0,0,0,0,0,non-mge
3021,1796081,1796426,346,non-cds,non-cds,contig_1,.,2835,2423,2644.77167630058,50.6918214375863,2638,2613.25,2684,0,0,0,0,0,0,0,0,non-mge
3022,1796427,1797254,828,Serine aminopeptidase S33 domain-containing protein,PANCAC_01710,contig_1,-,2836,2828,2834.72584541063,2.46002303058707,2836,2835,2836,0.693147180559945,0,0.00586590154158881,0.0518008878302173,0,0,0,6231,non-mge
3023,1797255,1797487,233,non-cds,non-cds,contig_1,.,2836,2813,2826.74678111588,8.55107880011924,2828,2817,2836,0.68152349404291,0,0.00807152805113547,0.0560047964036126,0,0,0,2050,non-mge
3024,1797488,1798489,1002,proline dehydrogenase,PANCAC_01711,contig_1,+,2836,2835,2835.92115768463,0.269627072690227,2836,2836,2836,0.692666846225057,0,0.00922534646492253,0.0582607530076415,0,0,0,10135,non-mge
3025,1798490,1798610,121,non-cds,non-cds,contig_1,.,2836,2830,2834.38016528926,1.50142264950672,2835,2833,2836,0.686059142195826,0,0.0135957358614448,0.0861722341377961,0,0,0,2348,non-mge
3026,1798611,1799075,465,6%2C7-dimethyl-8-ribityllumazine synthase,PANCAC_01712,contig_1,-,2836,2834,2835.86666666667,0.444635974056629,2836,2836,2836,0.800101374274047,0,0.0100401417413251,0.0727125444013132,0,0,0,5772,non-mge
3027,1799076,1799087,12,non-cds,non-cds,contig_1,.,2835,2835,2835,0,2835,2835,2835,0.653352601961521,0,0.0547092020092146,0.188525964673496,0,0,0,1818,non-mge
3028,1799088,1800269,1182,Riboflavin biosynthesis protein RibBA,PANCAC_01713,contig_1,-,2836,2835,2835.94247038917,0.232950348602783,2836,2836,2836,0.68905551272373,0,0.00844595085706621,0.0608862927725971,0,0,0,12883,non-mge
3029,1800270,1800279,10,non-cds,non-cds,contig_1,.,2836,2836,2836,0,2836,2836,2836,0.0106706200537258,0,0.00189781957712357,0.0040395373106885,0,0,0,7,non-mge
3030,1800280,1800912,633,riboflavin synthase,PANCAC_01714,contig_1,-,2836,2835,2835.93206951027,0.251825578015729,2836,2836,2836,0.683512243211124,0,0.0107337109867996,0.0691578646105952,0,0,0,9009,non-mge
3031,1800913,1800918,6,non-cds,non-cds,contig_1,.,2836,2836,2836,0,2836,2836,2836,0.0151470613380297,0,0.00305064901363271,0.00605904784143318,0,0,0.00236762455782496,7,non-mge
3032,1800919,1801950,1032,bifunctional diaminohydroxyphosphoribosylaminopyrimidine deaminase/5-amino-6-(5-phosphoribosylamino)uracil reductase RibD,PANCAC_01715,contig_1,-,2836,2831,2835.68217054264,1.01001384687884,2836,2836,2836,0.689633331250545,0,0.00902762900748285,0.0644103134881687,0,0,0,11760,non-mge
3033,1801951,1802442,492,non-cds,non-cds,contig_1,.,2836,2830,2835.19105691057,1.84426266756626,2836,2836,2836,0.62263271051329,0,0.00532812838473006,0.0399748029371512,0,0,0,2302,non-mge
3034,1802443,1803945,1503,FAD-dependent urate hydroxylase HpyO/Asp monooxygenase CreE-like FAD/NAD(P)-binding domain-containing protein,PANCAC_01716,contig_1,-,2836,2833,2835.39920159681,0.858295093380486,2836,2835,2836,0.689410718776024,0,0.0118364902239406,0.0751979113550945,0,0,0,24862,non-mge
3035,1803946,1804467,522,non-cds,non-cds,contig_1,.,2836,2775,2821.47509578544,20.7971731545231,2831,2824,2836,0.662102353791173,0,0.00974884677159896,0.0646463322856733,0,0,0,5671,non-mge
3036,1804468,1804782,315,Arsenate operon regulator,PANCAC_01717,contig_1,+,2836,2832,2835.25079365079,1.21977770448849,2836,2835,2836,0.689656488568023,0,0.0130204422284002,0.0822234151842073,0,0,0,5897,non-mge
3037,1804782,1806074,1293,arsenite efflux transporter membrane subunit ArsB,PANCAC_01718,contig_1,+,2836,2831,2834.99535962877,1.16580940861849,2835,2835,2836,0.686335826362985,0,0.0082721662895613,0.0572312995247242,0,0,0,15126,non-mge
3038,1806075,1806091,17,non-cds,non-cds,contig_1,.,1352,1073,1155.23529411765,130.920552918442,1073,1073,1352,0,0,0,0,0,0,0,0,80
3039,1806092,1806487,396,arsenate reductase (thioredoxin),PANCAC_01719,contig_1,+,1079,1073,1076.79292929293,1.45742985329186,1077,1076,1078,0.547814112464283,0,0.00697421806863552,0.0503095391701416,0,0,0,988,80
3040,1806488,1806781,294,non-cds,non-cds,contig_1,.,2834,1020,1515.58163265306,449.081738650253,1333,1321,2131,0.560748253730757,0,0.00558835583726713,0.0478035967369828,0,0,0,755,80
3041,1806782,1807636,855,Mannosyl-glycoprotein endo-beta-N-acetylglucosamidase-like domain-containing protein,PANCAC_01720,contig_1,-,2835,2833,2834.05964912281,0.427341181774388,2834,2834,2834,0.681782353524129,0,0.00515544445542057,0.0488391234956514,0,0,0,6683,non-mge
3042,1807637,1807911,275,non-cds,non-cds,contig_1,.,2834,2825,2830.12,2.59634779985468,2830,2828,2833,0.675360960023809,0,0.00956225901585281,0.0695637677226178,0,0,0,3451,non-mge
3043,1807912,1808136,225,Staphylococcal protein,PANCAC_01721,contig_1,-,2834,2832,2833.62222222222,0.585878799969728,2834,2833,2834,0.692336549092858,0,0.00711941489023024,0.0595073741145397,0,0,0,2200,non-mge
3044,1808137,1808334,198,non-cds,non-cds,contig_1,.,2834,2831,2832.88888888889,0.96000094002586,2833,2832,2834,0.598346136456526,0,0.00671985290254497,0.0497092594993673,0,0,0,1304,non-mge
3045,1808335,1808805,471,RNA polymerase sigma factor SigS,PANCAC_01722,contig_1,+,2834,2602,2809.10191082803,43.5472623728605,2834,2783,2834,0.660288907878126,0,0.005770835338623,0.0492678708477245,0,0,0,2891,non-mge
3046,1808806,1808917,112,non-cds,non-cds,contig_1,.,2602,2600,2601.16964285714,0.708867805019783,2601,2601,2602,0.693101193349773,0,0.00997352552494313,0.0749832460237296,0,0,0,1692,non-mge
3047,1808918,1809361,444,Competence protein ComK,PANCAC_01723,contig_1,+,2605,2602,2603.78153153153,0.497870314458815,2604,2604,2604,0.554818949372783,0,0.00593912523374109,0.0461491771548566,0,0,0,2289,non-mge
3048,1809348,1809791,444,Staphylococcal protein,PANCAC_01724,contig_1,-,2605,2602,2603.86261261261,0.761101983195919,2604,2604,2604,0.556558303937301,0,0.0063447527447731,0.0471802288544991,0,0,0,2422,non-mge
3049,1809792,1810086,295,non-cds,non-cds,contig_1,.,2604,1710,2141.10847457627,443.545105149507,1719,1712,2601,0.40868220079836,0,0.00498351366263442,0.0348719053530366,0,0,0,746,81
3050,1810087,1810722,636,CPBP family intramembrane metalloprotease SdpA,PANCAC_01725,contig_1,+,1724,1712,1720.17924528302,3.79630280932073,1722,1721,1722,0.693147180559945,0,0.00677202995028889,0.0553578757756987,0,0,0,3278,81
3051,1810723,1811161,439,non-cds,non-cds,contig_1,.,2827,1590,1736.39635535308,391.977491648805,1596,1593,1596,0.910820288891719,0,0.013795400370151,0.0827675195752155,0,0,0,4902,81
3052,1811162,1811875,714,transaldolase,PANCAC_01726,contig_1,-,2835,2828,2834.66526610644,0.999999017839473,2835,2835,2835,0.671390255511518,0,0.00905253152929273,0.0655105059731753,0,0,0,9511,non-mge
3053,1811876,1812134,259,non-cds,non-cds,contig_1,.,2835,2826,2831.31274131274,2.62048279005541,2831,2829,2834,0.663303403562975,0,0.00462784379944996,0.044948323909463,0,0,0,1405,non-mge
3054,1812135,1812437,303,Membrane protein,PANCAC_01727,contig_1,+,2835,2832,2833.49834983498,0.864588818011259,2833,2833,2834,0.686021050355605,0,0.00817503158850967,0.0620406418044608,0,0,0,3184,non-mge
3055,1812438,1812692,255,non-cds,non-cds,contig_1,.,2835,2829,2832.16470588235,1.78696323689231,2832,2830,2834,0.660808303350321,0,0.00870874407238694,0.062277252880772,0,0,0,2515,non-mge
3056,1812693,1813058,366,fluoride efflux transporter CrcB,PANCAC_01728,contig_1,+,2835,2831,2834.31420765027,1.27017000287965,2835,2834,2835,0.529440317757678,0,0.0106320878643162,0.0590929679189585,0,0,0,3504,non-mge
3057,1813055,1813408,354,Fluoride-specific ion channel FluC,PANCAC_01729,contig_1,+,2835,2833,2834.81355932203,0.57741956813112,2835,2835,2835,0.671986044487989,0,0.00952556622124324,0.0599706721666975,0,0,0,3455,non-mge
3058,1813409,1813963,555,non-cds,non-cds,contig_1,.,2835,1584,2737.16036036036,107.185748621032,2776,2685,2828,0.348037122226876,0,0.00210762829893572,0.0208260233473571,0,0,0,836,non-mge
3059,1813964,1814788,825,IS1182 family transposase,PANCAC_01731,contig_1,+,2814,2321,2651.88484848485,132.274474035311,2699,2588,2744,0.00323290028166947,0,3.9186670080842e-06,0.000112555140594307,0,0,0,1,non-mge
3060,1814789,1814820,32,non-cds,non-cds,contig_1,.,2658,2644,2653.71875,6.01200076728259,2657,2645.75,2658,0,0,0,0,0,0,0,0,non-mge
3061,1814821,1815429,609,Truncated transposase%2C putative,PANCAC_01732,contig_1,+,2765,2650,2703.80623973727,31.9509064273294,2709,2666,2730,0.00859933698748297,0,1.41204219827307e-05,0.000348462719720437,0,0,0,3,non-mge
3062,1815430,1815491,62,non-cds,non-cds,contig_1,.,2762,1681,2185.75806451613,361.712533513992,1977,1977,2637,0,0,0,0,0,0,0,0,non-mge
3063,1815492,1816325,834,Aldo/keto reductase family protein,PANCAC_01733,contig_1,-,2834,2832,2833.80215827338,0.596464287269482,2834,2834,2834,0.69713837322979,0,0.0110889372760623,0.0745834710375097,0,0,0,15496,non-mge
3064,1816326,1816536,211,non-cds,non-cds,contig_1,.,2834,2832,2833.62085308057,0.735715545592302,2834,2834,2834,0.52840370396952,0,0.0131170698474076,0.0693498512158125,0,0,0,2644,non-mge
3065,1816537,1817445,909,NERD domain-containing protein,PANCAC_01734,contig_1,-,2834,2832,2833.66666666667,0.582414842237172,2834,2833,2834,0.664350406187347,0,0.00969772464982343,0.0653721335896977,0,0,0,14549,non-mge
3066,1817446,1817569,124,non-cds,non-cds,contig_1,.,2834,2828,2831.58064516129,2.31325896951848,2833,2828,2833,0.36678236954668,0,0.00580187676035265,0.0386866845890722,0,0,0,568,non-mge
3067,1817570,1818763,1194,methionine adenosyltransferase,PANCAC_01735,contig_1,-,2834,2834,2834,0,2834,2834,2834,0.781863401685026,0,0.0104988783726803,0.0729058083299486,0,0,0,16268,non-mge
3068,1818764,1819133,370,non-cds,non-cds,contig_1,.,2834,2832,2833.61081081081,0.674660924082932,2834,2833,2834,0.633851316805104,0,0.00432845952997215,0.0442090865719411,0,0,0,1789,non-mge
3069,1819134,1820726,1593,phosphoenolpyruvate carboxykinase (ATP),PANCAC_01736,contig_1,+,2834,2830,2833.90018832392,0.460179356217453,2834,2834,2834,0.84799336319439,0,0.0078103475288334,0.0583152968188639,0,0,0,16630,non-mge
3070,1820727,1820861,135,non-cds,non-cds,contig_1,.,2834,871,1207.32592592593,530.033789821631,1043,1042,1044,0.0152296219871801,0,0.000112812014719853,0.00131075716278629,0,0,0,2,82
3071,1820862,1821347,486,IS200/IS605 family ISSep3 transposase,PANCAC_01737,contig_1,-,1067,1034,1054.77572016461,7.89891725556044,1057,1048,1061,0.00767959994208174,0,7.79096195569468e-05,0.000764968789392663,0,0,0,5,82
3072,1821348,1821721,374,non-cds,non-cds,contig_1,.,2834,527,1534.16042780749,586.911049556951,1537,1063,1542,0.693147180559945,0,0.00470339309430401,0.0511725121860442,0,0,0,1972,82
3073,1821722,1822492,771,Peptidase S9 prolyl oligopeptidase catalytic domain-containing protein,PANCAC_01738,contig_1,-,2834,2834,2834,0,2834,2834,2834,0.690542846077743,0,0.0120467353173418,0.0723750856858919,0,0,0,13312,non-mge
3074,1822473,1822952,480,RNA deprotection pyrophosphohydrolase,PANCAC_01739,contig_1,-,2834,2830,2833.39375,1.02431936768501,2834,2833,2834,0.906028306203374,0,0.00956950021519793,0.0698980541699282,0,0,0,8974,non-mge
3075,1822953,1823011,59,non-cds,non-cds,contig_1,.,2832,2830,2831,0.909717652294684,2831,2830,2832,0,0,0,0,0,0,0,0,non-mge
3076,1823012,1823269,258,membrane protein insertion efficiency factor YidD,PANCAC_01740,contig_1,+,2834,2833,2833.63953488372,0.481068623149722,2834,2833,2834,0.693143896419216,0,0.010592234055621,0.0713721739835531,0,0,0,3603,non-mge
3077,1823266,1824267,1002,o-succinylbenzoate synthase,PANCAC_01741,contig_1,-,2834,2832,2833.59780439122,0.54462698345709,2834,2833,2834,0.931358961852175,0,0.0113973015371814,0.0688619104306651,0,0,0,12554,non-mge
3078,1824268,1824271,4,non-cds,non-cds,contig_1,.,2833,2833,2833,0,2833,2833,2833,0,0,0,0,0,0,0,0,non-mge
3079,1824272,1825750,1479,o-succinylbenzoate--CoA ligase,PANCAC_01742,contig_1,-,2834,2832,2833.90263691684,0.354728083957654,2834,2834,2834,0.91604695725004,0,0.0138654520593936,0.0778071428007868,0,0,0,23362,non-mge
3080,1825751,1825908,158,non-cds,non-cds,contig_1,.,2834,2832,2832.78481012658,0.483376818260693,2833,2833,2833,0.693147180559945,0,0.0138093119319064,0.0896514706009108,0,0,0,3562,non-mge
3081,1825909,1826391,483,DUF4909 domain-containing protein,PANCAC_01743,contig_1,-,2834,2811,2825.03105590062,8.62815690755273,2832,2817,2834,0.684718366515016,0,0.00963429947086575,0.0596992760092114,0,0,0,6064,non-mge
3082,1826392,1826702,311,non-cds,non-cds,contig_1,.,2819,2814,2817.00964630225,1.28385892739899,2817,2816,2818,0.690097381715799,0,0.00881154249898381,0.0529152885645047,0,0,0,2601,non-mge
3083,1826703,1827317,615,Endonuclease,PANCAC_01744,contig_1,+,2818,2803,2813.38536585366,4.09966795602357,2813,2812,2817,0.978412413363127,0,0.0121339139476148,0.0774269950127794,0,0,0,8992,non-mge
3084,1827318,1827397,80,non-cds,non-cds,contig_1,.,2817,2817,2817,0,2817,2817,2817,0.234760862722084,0,0.00421709858209722,0.0271912725864669,0,0,0,225,non-mge
3085,1827398,1828393,996,DUF4352 domain-containing protein,PANCAC_01745,contig_1,+,2817,2809,2816.04317269076,1.68025589529259,2817,2816,2817,0.875266229725091,0,0.0116968000262597,0.0677278151088659,0,0,0,11506,non-mge
3086,1828394,1828468,75,non-cds,non-cds,contig_1,.,2817,2816,2816.18666666667,0.392267604925354,2816,2816,2816,0.383060263350842,0,0.00968796213938462,0.0500536860783142,0,0,0,570,non-mge
3087,1828469,1829095,627,Lipoprotein,PANCAC_01746,contig_1,+,2817,2816,2816.87559808612,0.330303013941283,2817,2817,2817,0.686025016098295,0,0.0127435368728969,0.0765759774353178,0,0,0,11851,non-mge
3088,1829096,1829135,40,non-cds,non-cds,contig_1,.,2817,2807,2809,4.05095746833467,2807,2807,2807,0.097873760545521,0,0.00244684401363803,0.0154752003244885,0,0,0,56,non-mge
3089,1829136,1829480,345,DUF3969 domain-containing protein,PANCAC_01747,contig_1,+,2807,2805,2806.57101449275,0.551188317034987,2807,2806,2807,0.681770592743437,0,0.0106054507651854,0.0770417951656576,0,0,0,5585,non-mge
3090,1829481,1829577,97,non-cds,non-cds,contig_1,.,2806,2803,2804.74226804124,1.04361501637601,2805,2804,2805,0.592789474918847,0,0.0117874045519488,0.0769670054365502,0,0,0,1335,non-mge
3091,1829578,1830129,552,Phage protein,PANCAC_01748,contig_1,+,2807,2789,2804.08514492754,1.21320486343564,2804,2804,2804,0.692053121546498,0,0.0112719652356572,0.0684308321702078,0,0,0,7953,non-mge
3092,1830130,1830346,217,non-cds,non-cds,contig_1,.,2803,1856,2713.50230414747,237.586906602849,2800,2797,2802,0.637172621211728,0,0.0088836049360214,0.0565928071129353,0,0,0,1896,83
3093,1830347,1830988,642,IrrE N-terminal-like domain-containing protein,PANCAC_01749,contig_1,-,1869,1862,1867.5031152648,1.11190814996707,1868,1867,1868,0.693083878810331,0,0.00639050422838911,0.0532813109626073,0,0,0,3735,83
3094,1830989,1831288,300,non-cds,non-cds,contig_1,.,1872,1838,1859.41666666667,12.3419664563196,1864,1853,1870,0.670444961587265,0,0.00685496705457563,0.0543042540820093,0,0,0,1515,83
3095,1831289,1831465,177,Mobilization protein,PANCAC_01750,contig_1,-,1841,1838,1839.32768361582,0.558988281927543,1839,1839,1840,0.643114555026532,0,0.00967275595621915,0.0662675488570387,0,0,0,1216,83
3096,1831466,1831475,10,non-cds,non-cds,contig_1,.,1841,1841,1841,0,1841,1841,1841,0.012094729068535,0,0.0012094729068535,0.00382468915392173,0,0,0,3,83
3097,1831476,1831859,384,Phage protein,PANCAC_01751,contig_1,-,1841,1513,1673.01041666667,161.793327523596,1516,1515,1841,0.693147180559945,0,0.00920644588778638,0.0625974676001313,0,0,0,3193,83
3098,1831860,1832462,603,non-cds,non-cds,contig_1,.,2289,1513,1890.02653399668,228.912391573081,2060,1726,2077,0.691924609874155,0,0.0077449985295803,0.0633099783470313,0,0,0,4593,83;84
3099,1832463,1832606,144,Transposase family protein%2C putative,PANCAC_01752,contig_1,-,1736,1721,1730.13888888889,3.40425712732846,1730,1729,1733,0.551599612538078,0,0.00773034776312365,0.0568276126818857,0,0,0,698,84
3100,1832607,1833475,869,non-cds,non-cds,contig_1,.,2433,600,1741.88952819333,414.840057728525,1719,1469,2142,0.541142979532391,0,0.00277760392519474,0.0305621414347751,0,0,0,1176,84;85;86
3101,1833476,1833853,378,DUF1433 domain-containing protein,PANCAC_01754,contig_1,-,1719,1512,1670.02645502646,82.7499787309506,1716,1704,1718,0.693147180559945,0,0.0116927895463635,0.0796056461669398,0,0,0,4215,86
3102,1833854,1834372,519,non-cds,non-cds,contig_1,.,1514,596,1048.97495183044,456.706373643494,598,597,1509,0.231556495932375,0,0.000999302108240604,0.0141610702278147,0,0,0,144,86
3103,1834373,1838485,4113,SMEK domain-containing protein,PANCAC_01755,contig_1,-,602,578,596.804279115001,4.37119608637931,598,597,599,0.434297963542687,0,0.000408983262072239,0.00874052971683497,0,0,0,232,86
3104,1838486,1839334,849,non-cds,non-cds,contig_1,.,944,598,745.848056537102,169.63016583009,602,600,944,0.657868674385334,0,0.0022362427538942,0.0334213079551753,0,0,0,807,86
3105,1839335,1840534,1200,Restriction endonuclease subunit S,PANCAC_01756,contig_1,-,2804,597,1033.2625,537.237871619889,1058,600,1060,0.664593383109262,0,0.00270343515820095,0.0345198375114478,0,0,0,1453,86
3106,1840527,1842083,1557,type I restriction-modification system subunit M,PANCAC_01757,contig_1,-,2816,2725,2795.34810533076,19.0476220761271,2803,2788,2809,0.0175561621455039,0,9.98776925248875e-05,0.00111478584466036,0,0,0,58,non-mge
3107,1842084,1842445,362,non-cds,non-cds,contig_1,.,2813,1725,2056.15193370166,486.263521466776,1742,1730,2774.25,0.562492122420968,0,0.00565686419499878,0.0460090248165981,0,0,0,1217,87
3108,1842446,1843165,720,serine protease SplF,PANCAC_01758,contig_1,-,1783,1727,1759.05555555556,19.552425080633,1752,1741,1778,0.337541959341353,0,0.0051429817055425,0.0361367393436796,0,0,0,1803,87
3109,1843166,1843315,150,non-cds,non-cds,contig_1,.,1746,1435,1475.61333333333,86.9162048565552,1450,1439,1456.75,0.42976735293948,0,0.00583698667570179,0.0416759446045024,0,0,0,377,87
3110,1843316,1844032,717,serine protease SplE,PANCAC_01759,contig_1,-,1521,1131,1263.87308228731,155.648021173079,1171,1169,1458,0.962396003126483,0,0.0101226952040838,0.0726457805712166,0,0,0,3507,87
3111,1844033,1844189,157,non-cds,non-cds,contig_1,.,1509,1176,1427.13375796178,43.190112760612,1428,1416,1430,0.0738975637385703,0,0.00167214782400717,0.00808273373987974,0,0,0,61,87
3112,1844190,1844909,720,serine protease SplD,PANCAC_01760,contig_1,-,1790,1731,1763.99444444444,19.8774401158749,1776,1743,1781,0.459589835723963,0,0.00392419325723676,0.0335687202194994,0,0,0,1444,87
3113,1844910,1845029,120,non-cds,non-cds,contig_1,.,1793,1762,1786.825,7.1627684662315,1792,1778,1792.25,0.408167501855913,0,0.0105845302792181,0.0568356976759338,0,0,0,685,87
3114,1845030,1845749,720,serine protease SplC,PANCAC_01761,contig_1,-,1797,1779,1792.48194444444,4.27460809642172,1793,1792,1795,0.622517464615793,0,0.00764552388575247,0.0514757889419023,0,0,0,3256,87
3115,1845750,1845806,57,non-cds,non-cds,contig_1,.,1795,1793,1794.54385964912,0.757584871214263,1795,1794,1795,0.0191788878839663,0,0.000419515824168813,0.00260564039673377,0,0,0,6,87
3116,1845807,1846529,723,serine protease SplB,PANCAC_01762,contig_1,-,1795,1466,1540.57676348548,122.547330952504,1470,1467,1541,0.6110644665766,0,0.00577920921894637,0.0451628617865902,0,0,0,2093,87
3117,1846530,1846653,124,non-cds,non-cds,contig_1,.,1469,1468,1468.62096774194,0.487114315817688,1469,1468,1469,0.693147180559945,0,0.0098658617221785,0.0669138606419639,0,0,0,921,87
3118,1846654,1847361,708,serine protease SplA,PANCAC_01763,contig_1,-,1566,1466,1528.32062146893,44.5992721496123,1557,1468,1564,0.691910264287576,0,0.0115738287819001,0.0737188514444379,0,0,0,5676,87
3119,1847362,1848324,963,non-cds,non-cds,contig_1,.,1561,850,1457.63862928349,144.747519244487,1529,1407,1541.5,0.688881740701836,0,0.0125818566898359,0.0687271316606237,0,0,0,7069,87
3120,1848325,1848891,567,DUF4888 domain-containing protein,PANCAC_01764,contig_1,+,1564,610,977.335097001764,432.356752011392,614,613,1548,0.677274929799274,0,0.00482951275051759,0.0503383452082251,0,0,0,1701,87
3121,1848892,1849364,473,non-cds,non-cds,contig_1,.,1568,1476,1532.8245243129,41.5013894886331,1564,1478,1566,0.693147180559945,0,0.010788992279595,0.0700926433038282,0,0,0,3223,87
3122,1849365,1850063,699,Lantibiotic ABC transporter protein,PANCAC_01765,contig_1,-,1564,654,990.9556509299,434.052357809217,658,657,1559,0.67794034673647,0,0.00393186246377837,0.0416521679777348,0,0,0,1725,87
3123,1850060,1850821,762,Membrane protein%2C putative,PANCAC_01766,contig_1,-,658,651,655.498687664042,1.92790514528854,656,655,657,0.485056531534467,0,0.00167821325984409,0.0191679547945175,0,0,0,216,87
3124,1850818,1851510,693,Lantibiotic immunity protein F,PANCAC_01767,contig_1,-,662,656,658.5670995671,1.54701365779786,659,657,659,0.52812275821746,0,0.00145253663605088,0.0215076853448409,0,0,0,205,87
3125,1851511,1851532,22,non-cds,non-cds,contig_1,.,662,661,661.454545454545,0.509647191437625,661,661,662,0.0587696123421207,0,0.00318728829353708,0.0126476285417802,0,0,0,8,87
3126,1851533,1852906,1374,Leader peptide-processing serine protease,PANCAC_01768,contig_1,-,662,657,658.9730713246,1.32322071687127,659,658,660,0.249493706747574,0,0.00121870072978091,0.011364269023072,0,0,0,220,87
3127,1852907,1852915,9,non-cds,non-cds,contig_1,.,659,659,659,0,659,659,659,0,0,0,0,0,0,0,0,87
3128,1852916,1853434,519,Lantibiotic modifying enzyme,PANCAC_01769,contig_1,-,662,657,659.745664739884,0.92834779303632,660,659,660,0.207834050394822,0,0.000915956441656806,0.00998988274741976,0,0,0,63,87
3129,1853435,1853449,15,non-cds,non-cds,contig_1,.,659,659,659,0,659,659,659,0,0,0,0,0,0,0,0,87
3130,1853450,1854694,1245,Lanthionine synthetase C-like family protein,PANCAC_01770,contig_1,-,661,656,658.309236947791,1.10535955910457,658,658,659,0.41065939432699,0,0.00125002474852577,0.015060528655018,0,0,0,243,87
3131,1854687,1857680,2994,Epidermin biosynthesis protein epiB,PANCAC_01771,contig_1,-,661,651,657.969605878424,1.88086839841438,658,657,659,0.527273678776899,0,0.00266003249948665,0.0279478629475509,0,0,0,1536,87
3132,1857681,1857744,64,non-cds,non-cds,contig_1,.,659,657,658.265625,0.821191304587523,658.5,658,659,0.407922574617711,0,0.00729549613631564,0.0514047427137517,0,0,0,100,87
3133,1857745,1857888,144,Lantibiotic,PANCAC_01772,contig_1,-,658,657,657.881944444444,0.323800158039712,658,658,658,0.11453484368813,0,0.00101812103725776,0.00972576566592634,0,0,0,19,87
3134,1857889,1859009,1121,non-cds,non-cds,contig_1,.,657,473,568.107939339875,38.4195813557808,558,556,564,0.408702131491175,0,0.00197728400789568,0.0196701113594989,0,0,0,326,87
3135,1859010,1859993,984,bi-component leukocidin LukED subunit D,PANCAC_01773,contig_1,-,1586,618,1583.01727642276,30.8188469753814,1584,1583,1585,0.692204117192498,0,0.00788761723938886,0.058822228530942,0,0,0,5112,87
3136,1859994,1859994,1,non-cds,non-cds,contig_1,.,1584,1584,1584,NA,1584,1584,1584,0,0,0,NA,0,0,0,0,87
3137,1859995,1860915,921,bi-component leukocidin LukED subunit E,PANCAC_01774,contig_1,-,1586,1577,1582.90662323561,2.15183682867501,1583,1582,1584,0.692942324308173,0,0.00731474355571806,0.0581646659780785,0,0,0,5551,87
3138,1860916,1861812,897,non-cds,non-cds,contig_1,.,2160,1378,1845.23968784838,299.620897870916,2037,1565,2141,0.71231470289629,0,0.011156361115682,0.0723879807519043,0,0,0,8287,87
3139,1861813,1862268,456,DUF6978 domain-containing protein,PANCAC_01776,contig_1,+,2040,1438,1694.08552631579,225.009956626948,1565,1561,2039,0.691385360794689,0,0.0104093451654933,0.0701565595890679,0,0,0,3908,88
3140,1862269,1862280,12,non-cds,non-cds,contig_1,.,1565,1563,1564.66666666667,0.65133894727893,1565,1564.75,1565,0.398044898589117,0,0.0331704082157597,0.114905664674992,0,0,0,213,88
3141,1862281,1863069,789,DUF1828 domain-containing protein,PANCAC_01777,contig_1,+,1569,1546,1563.11280101394,4.78032143081696,1565,1561,1566,0.679050635697583,0,0.00987107086662906,0.0619183052074376,0,0,0,4478,88
3142,1863070,1865525,2456,non-cds,non-cds,contig_1,.,2831,1010,2161.62052117264,582.441059604079,2295,1610,2777,0.695465947207228,0,0.00691501105276394,0.0557848688322617,0,0,0,14092,88
3143,1865526,1866080,555,Serine hydrolase family protein,PANCAC_01787,contig_1,-,2656,2652,2654.64684684685,1.03266328940345,2655,2654,2655,0.649292711997446,0,0.0103079721837945,0.0659090642541745,0,0,0,8274,non-mge
3144,1866081,1866402,322,non-cds,non-cds,contig_1,.,2836,2653,2660.36645962733,29.8389633089346,2656,2655,2656,0.609240095688805,0,0.0080694378650272,0.05179148209473,0,0,0,2248,non-mge
3145,1866403,1867803,1401,protoporphyrinogen oxidase,PANCAC_01788,contig_1,-,2836,2835,2835.98358315489,0.127117528752094,2836,2836,2836,0.687274694753006,0,0.00880661240102153,0.066678621804903,0,0,0,22322,non-mge
3146,1867804,1867826,23,non-cds,non-cds,contig_1,.,2836,2836,2836,0,2836,2836,2836,0.0771070728774876,0,0.00414830291127321,0.016221627196543,0,0,0,49,non-mge
3147,1867827,1868750,924,ferrochelatase,PANCAC_01789,contig_1,-,2836,2832,2835.5183982684,0.996574430373001,2836,2836,2836,0.646468488705869,0,0.00847461119083581,0.0538416555929416,0,0,0,11014,non-mge
3148,1868751,1868807,57,non-cds,non-cds,contig_1,.,2834,2828,2831.50877192982,2.30777263532196,2833,2830,2834,0.649264720852434,0,0.0114460268958122,0.0859907593178393,0,0,0,998,non-mge
3149,1868808,1869845,1038,uroporphyrinogen decarboxylase,PANCAC_01790,contig_1,-,2836,2829,2835.55876685934,1.06939326229891,2836,2836,2836,0.659909627942323,0,0.00760619755568049,0.0552607753274432,0,0,0,10646,non-mge
3150,1869846,1870107,262,non-cds,non-cds,contig_1,.,2836,2777,2800.2786259542,27.0109003330523,2782,2778,2835,0.687024657198596,0,0.00435608644732876,0.0459775153693049,0,0,0,1534,non-mge
3151,1870108,1870611,504,signal transduction protein TRAP,PANCAC_01791,contig_1,+,2835,2783,2792.24007936508,6.00396661408378,2792,2792,2792,0.688207991206228,0,0.00670110698532832,0.0556410802356022,0,0,0,4191,non-mge
3152,1870612,1870734,123,non-cds,non-cds,contig_1,.,2835,2833,2834.0487804878,0.525632461142115,2834,2834,2834,0.530422855753129,0,0.0136459005126849,0.0739715746838707,0,0,0,1693,non-mge
3153,1870735,1871958,1224,ABC transporter permease EcsB,PANCAC_01792,contig_1,-,2836,2830,2834.88480392157,1.49262492007769,2836,2834,2836,0.691706161108626,0,0.0135162017846659,0.0793784864697405,0,0,0,21157,non-mge
3154,1871951,1872691,741,ABC transporter ATP-binding protein,PANCAC_01793,contig_1,-,2836,2834,2835.36842105263,0.649761965387553,2835,2835,2836,0.881572622889812,0,0.00827010278959264,0.0643540284966325,0,0,0,10978,non-mge
3155,1872692,1872824,133,non-cds,non-cds,contig_1,.,2835,2833,2834.01503759398,0.797581214692605,2834,2833,2835,0.664243160727505,0,0.0125028771844476,0.0726475761604684,0,0,0,1882,non-mge
3156,1872825,1873247,423,HIT domain-containing protein,PANCAC_01794,contig_1,+,2836,2834,2835.58156028369,0.686595023010412,2836,2835,2836,0.691072960979857,0,0.00555429468633573,0.0499502347163193,0,0,0,3106,non-mge
3157,1873248,1873388,141,non-cds,non-cds,contig_1,.,2836,2836,2836,0,2836,2836,2836,0.29997524778915,0,0.00457579876497304,0.0304854886377254,0,0,0,459,non-mge
3158,1873389,1873754,366,YtxH domain-containing protein,PANCAC_01795,contig_1,+,2836,2836,2836,0,2836,2836,2836,0.688221577876082,0,0.00988001553732302,0.0699603975864106,0,0,0,5605,non-mge
3159,1873755,1874486,732,non-cds,non-cds,contig_1,.,2836,2825,2833.75546448087,3.03450925725877,2835,2833,2836,0.620969397117501,0,0.0159037335587518,0.0755379222247524,0,0,0,11015,non-mge
3160,1874487,1875044,558,DUF3267 domain-containing protein,PANCAC_01796,contig_1,+,2836,2821,2832.86021505376,3.78532951310571,2834,2831,2835,0.690366012070512,0,0.00715319139901749,0.0469453854732982,0,0,0,3805,non-mge
3161,1875045,1875248,204,non-cds,non-cds,contig_1,.,2836,2833,2834.07843137255,1.26869293516594,2833,2833,2835,0.299372132234651,0,0.00500709341263756,0.0281479790239948,0,0,0,660,non-mge
3162,1875249,1876211,963,Foldase protein PrsA,PANCAC_01797,contig_1,+,2836,2833,2834.77154724818,1.10927876148707,2835,2834,2836,0.609736209923908,0,0.00706445864209169,0.0515711167350373,0,0,0,9158,non-mge
3163,1876212,1876331,120,non-cds,non-cds,contig_1,.,2836,2836,2836,0,2836,2836,2836,0.618150837076996,0,0.0139645694665281,0.0727706780411355,0,0,0,1696,non-mge
3164,1876332,1877273,942,3'-5' exoribonuclease YhaM,PANCAC_01798,contig_1,-,2836,2834,2835.87261146497,0.400203688569339,2836,2836,2836,0.608434035121033,0,0.00564772543582783,0.0484000372052249,0,0,0,8001,non-mge
3165,1877270,1880206,2937,Uncharacterized protein YhaN AAA domain-containing protein,PANCAC_01799,contig_1,-,2836,2830,2835.73953013279,0.774187750408503,2836,2836,2836,0.693147180559945,0,0.00667689603820087,0.0507264269251197,0,0,0,23904,non-mge
3166,1880196,1881392,1197,Calcineurin-like phosphoesterase domain-containing protein,PANCAC_01800,contig_1,-,2836,2832,2835.60401002506,0.896994587982176,2836,2836,2836,0.68969501268573,0,0.00638480411365456,0.0523039935444689,0,0,0,8753,non-mge
3167,1881393,1882163,771,non-cds,non-cds,contig_1,.,2836,2766,2834.046692607,4.40429528631122,2836,2833,2836,0.641927394074252,0,0.00693441164372644,0.0495621633372797,0,0,0,5118,non-mge
3168,1882164,1882508,345,YlbF/YmcA family competence regulator,PANCAC_01801,contig_1,-,2836,2834,2835.73333333333,0.492580611590356,2836,2836,2836,0.366107141315461,0,0.00166204392250818,0.0202751238019821,0,0,0,433,non-mge
3169,1882509,1882576,68,non-cds,non-cds,contig_1,.,2836,2836,2836,0,2836,2836,2836,0.00830757571750994,0,0.000300673393851125,0.00131990995121969,0,0,0,7,non-mge
3170,1882577,1883701,1125,UPF0754 membrane protein SAOUHSC_01978,PANCAC_01802,contig_1,-,2836,2828,2835.256,1.73212066348813,2836,2835,2836,0.692731460285746,0,0.0110837674046035,0.068998288892354,0,0,0,16070,non-mge
3171,1883702,1883879,178,non-cds,non-cds,contig_1,.,2835,2832,2834.30898876404,1.08925314686355,2835,2834,2835,0.300121296345945,0,0.00285491923836394,0.0237418742731178,0,0,0,353,non-mge
3172,1883880,1884344,465,HTH cro/C1-type domain-containing protein,PANCAC_01803,contig_1,-,2836,2831,2835.66021505376,1.18386601723153,2836,2836,2836,0.334685081822385,0,0.00206710575824805,0.0202709249753139,0,0,0,2919,non-mge
3173,1884345,1884699,355,non-cds,non-cds,contig_1,.,2836,2820,2831.79436619718,4.80465544376674,2835,2829,2835,0.621178838638054,0,0.00812332013132519,0.0512170754437533,0,0,0,2658,non-mge
3174,1884700,1885323,624,DNA-binding response regulator,PANCAC_01804,contig_1,-,2836,2835,2835.94711538462,0.223982657020044,2836,2836,2836,0.529342022418137,0,0.00488122419716973,0.037668059358766,0,0,0,2548,non-mge
3175,1885324,1885344,21,non-cds,non-cds,contig_1,.,2836,2836,2836,0,2836,2836,2836,0.00830757571750994,0,0.00039559884369095,0.00181286164605078,0,0,0,3,non-mge
3176,1885345,1886457,1113,histidine kinase,PANCAC_01805,contig_1,-,2836,2826,2834.86522911051,2.45861141985229,2836,2836,2836,1.07764888441028,0,0.00938247814366483,0.0682345464448789,0,0,0,14357,non-mge
3177,1886458,1886619,162,non-cds,non-cds,contig_1,.,2836,2832,2833.7962962963,1.21143049207499,2834,2833,2834,0.689565852076764,0,0.0117764192621263,0.0864663975239787,0,0,0,3642,non-mge
3178,1886620,1887441,822,Pseudouridine synthase,PANCAC_01806,contig_1,+,2836,2833,2835.81630170316,0.611762053583058,2836,2836,2836,0.68969501268573,0,0.00804667561228298,0.0624434347555666,0,0,0,8343,non-mge
3179,1887442,1887903,462,non-cds,non-cds,contig_1,.,2836,2831,2835.20779220779,1.36587790338937,2836,2835,2836,0.621526147736637,0,0.00720402476954268,0.0511916357135328,0,0,0,3159,non-mge
3180,1887904,1889289,1386,class II fumarate hydratase,PANCAC_01807,contig_1,-,2836,2833,2835.82034632035,0.521221997761366,2836,2836,2836,0.669958477499862,0,0.00813869811698707,0.0613312073583542,0,0,0,14919,non-mge
3181,1889290,1889484,195,non-cds,non-cds,contig_1,.,2836,2836,2836,0,2836,2836,2836,0.654494361929432,0,0.00673863816416386,0.0527391892941139,0,0,0,1474,non-mge
3182,1889485,1889880,396,DUF2975 domain-containing protein,PANCAC_01808,contig_1,-,2836,2818,2830.2196969697,4.28594593598286,2832,2829,2833,0.690964432550342,0,0.0117895309846481,0.0772533125314901,0,0,0,10011,non-mge
3183,1889881,1890656,776,non-cds,non-cds,contig_1,.,2835,1205,2564.32989690722,495.201523717485,2822,2615,2833,0.692563214852309,0,0.00565546271808941,0.0416121626472337,0,0,0,4230,non-mge
3184,1890657,1890809,153,SAS053 family DNA gyrase inhibitor,PANCAC_01809,contig_1,-,2835,2827,2830.58823529412,2.41576350512493,2831,2828,2832,0.686353481477295,0,0.0149887508466378,0.0906767867089393,0,0,0,3745,non-mge
3185,1890810,1890833,24,non-cds,non-cds,contig_1,.,2835,2835,2835,0,2835,2835,2835,0,0,0,0,0,0,0,0,non-mge
3186,1890834,1891433,600,Glucosamine-6-phosphate isomerase,PANCAC_01810,contig_1,-,2836,2835,2835.94833333333,0.221537853627483,2836,2836,2836,0.670726104231314,0,0.00862258895405885,0.0643203997841159,0,0,0,6210,non-mge
3187,1891434,1891591,158,non-cds,non-cds,contig_1,.,2836,2833,2835.06329113924,1.29025521745236,2836,2833.25,2836,0.518964643525713,0,0.0130114244779825,0.0735393261099161,0,0,0,2099,non-mge
3188,1891592,1892062,471,tRNA (uridine(34)/cytosine(34)/5-carboxymethylaminomethyluridine(34)-2'-O)-methyltransferase TrmL,PANCAC_01811,contig_1,-,2836,2835,2835.86624203822,0.34075400875756,2836,2836,2836,0.686079657738187,0,0.00661693230837464,0.0570514300357506,0,0,0,5696,non-mge
3189,1892063,1892066,4,non-cds,non-cds,contig_1,.,2836,2836,2836,0,2836,2836,2836,0,0,0,0,0,0,0,0,non-mge
3190,1892067,1893194,1128,tRNA epoxyqueuosine(34) reductase QueG,PANCAC_01812,contig_1,-,2836,2832,2835.76418439716,0.690455303946859,2836,2836,2836,0.693147180559945,0,0.0103215803612196,0.0696008520666067,0,0,0,16089,non-mge
3191,1893195,1893344,150,non-cds,non-cds,contig_1,.,2836,2831,2832.54,1.26188311395651,2832,2832,2833,0.661832824275342,0,0.00744435115093662,0.0611596622187611,0,0,0,2135,non-mge
3192,1893345,1894073,729,Glutamine transport ATP-binding protein glnQ,PANCAC_01813,contig_1,-,2836,2834,2835.86008230453,0.434956728714504,2836,2836,2836,0.701866897098207,0,0.00734499454926667,0.0549209473198415,0,0,0,6962,non-mge
3193,1894060,1895517,1458,ABC transporter%2C permease protein%2C putative,PANCAC_01814,contig_1,-,2836,2824,2835.4780521262,1.58661994408621,2836,2836,2836,0.655492208534732,0,0.00710810063638025,0.0548648463022164,0,0,0,13722,non-mge
3194,1895518,1895774,257,non-cds,non-cds,contig_1,.,2831,2816,2820.99221789883,3.04265537028672,2821,2819,2822,0.392706520274861,0,0.00501901405622058,0.0354129546909933,0,0,0,984,non-mge
3195,1895775,1896836,1062,Phosphotransferase system EIIC domain-containing protein,PANCAC_01815,contig_1,-,2836,2820,2833.78060263653,3.81250984322984,2836,2833,2836,0.864600441837497,0,0.0088378322625418,0.063444139088808,0,0,0,12459,non-mge
3196,1896837,1897328,492,non-cds,non-cds,contig_1,.,2836,1067,2419.56504065041,703.180228421542,2805,2787,2835,0.635020237183473,0,0.00525222021631171,0.0385710543638024,0,0,0,2230,89
3197,1897329,1898531,1203,ISL3 family IS1181 transposase,PANCAC_01817,contig_1,+,1259,1176,1242.85120532003,15.5943899036201,1248,1240,1251,0,0,0,0,0,0,0,0,89
3198,1898532,1907223,8692,non-cds,non-cds,contig_1,.,2835,1118,2653.5011504832,281.180727336422,2756,2636,2779,0.700508302265337,0,0.00120685614090502,0.022985795440997,0,0,0,12062,89
3199,1907224,1907670,447,peroxide-responsive transcriptional repressor PerR,PANCAC_01850,contig_1,-,2836,2829,2834.54138702461,1.71316737841579,2835,2834,2836,0.635278456572581,0,0.0033578313839819,0.0366683577817705,0,0,0,1577,non-mge
3200,1907671,1907766,96,non-cds,non-cds,contig_1,.,2835,2819,2826.125,5.05183656025994,2825.5,2822,2828.25,0.244503636858861,0,0.00831445754490305,0.0412789477987936,0,0,0,576,non-mge
3201,1907767,1908726,960,Hydroxyacid dehydrogenase,PANCAC_01851,contig_1,-,2836,2833,2835.284375,0.919811846040693,2836,2835,2836,0.719868800653281,0,0.0125988052696808,0.0785537059940408,0,0,0,15695,non-mge
3202,1908723,1909178,456,thioredoxin-dependent thiol peroxidase,PANCAC_01852,contig_1,-,2836,2834,2835.77192982456,0.51415288647345,2836,2836,2836,0.66970886383933,0,0.0117233004840509,0.0681304415759431,0,0,0,5584,non-mge
3203,1909179,1909258,80,non-cds,non-cds,contig_1,.,2836,2836,2836,0,2836,2836,2836,0.0106706200537258,0,0.000133382750671572,0.00119301159011016,0,0,0,4,non-mge
3204,1909259,1910548,1290,glutamate-1-semialdehyde 2%2C1-aminomutase,PANCAC_01853,contig_1,+,2836,2835,2835.92790697674,0.258742181627396,2836,2836,2836,0.698256878923412,0,0.0102863343215431,0.0685244919946484,0,0,0,15764,non-mge
3205,1910549,1910789,241,non-cds,non-cds,contig_1,.,2836,2830,2833.88381742739,1.7850617262516,2834,2833,2835,0.686752668327883,0,0.0124128930858105,0.0718841482176616,0,0,0,4287,non-mge
3206,1910790,1911935,1146,Aromatic acid exporter family protein,PANCAC_01854,contig_1,+,2836,2831,2835.35253054101,0.757828235444953,2835,2835,2836,0.677028026942329,0,0.00683047516304923,0.0561462447797701,0,0,0,10290,non-mge
3207,1911936,1912125,190,non-cds,non-cds,contig_1,.,2836,2835,2835.67894736842,0.468114474500014,2836,2835,2836,0.67928885964804,0,0.00837524915214927,0.0633788510645453,0,0,0,2018,non-mge
3208,1912126,1913862,1737,SAV1866 family putative multidrug efflux ABC transporter,PANCAC_01855,contig_1,-,2836,2830,2834.86413356362,1.31412380812165,2835,2834,2836,0.727107025264224,0,0.0094866823430824,0.0647586733116732,0,0,0,20785,non-mge
3209,1913863,1914152,290,non-cds,non-cds,contig_1,.,2836,2834,2835.11034482759,0.601235652426102,2835,2835,2835,0.23748739959496,0,0.0051424200965122,0.0298067071494009,0,0,0,1005,non-mge
3210,1914153,1914695,543,Nucleoside triphosphate/diphosphate phosphatase,PANCAC_01856,contig_1,-,2836,2833,2835.3664825046,0.943094910548351,2836,2835,2836,0.669864325778237,0,0.00530360377934839,0.0470461879375286,0,0,0,3132,non-mge
3211,1914696,1914996,301,non-cds,non-cds,contig_1,.,2836,2834,2834.95681063123,0.555093200000324,2835,2835,2835,0.69241889727646,0,0.0107128188262039,0.0733108378758704,0,0,0,4991,non-mge
3212,1914997,1916034,1038,A/G-specific adenine glycosylase,PANCAC_01857,contig_1,-,2836,2834,2835.66184971098,0.552289220762288,2836,2835,2836,0.68603136942343,0,0.00997041371768079,0.066922217867128,0,0,0,12060,non-mge
3213,1916035,1916185,151,non-cds,non-cds,contig_1,.,2836,2833,2835.13245033113,1.07502245985059,2836,2834,2836,0.24025945219774,0,0.00712766397025698,0.037745367598944,0,0,0,769,non-mge
3214,1916186,1917163,978,Metal-dependent hydrolase,PANCAC_01858,contig_1,+,2836,2831,2835.69631901841,1.06339809341712,2836,2836,2836,0.92031760911169,0,0.00557894674029062,0.0472675805649604,0,0,0,5592,non-mge
3215,1917164,1917423,260,non-cds,non-cds,contig_1,.,2836,2836,2836,0,2836,2836,2836,0.61174433204694,0,0.00659861187527374,0.0476039162082365,0,0,0,1637,non-mge
3216,1917424,1918260,837,Teichoic acid translocation permease protein TagG,PANCAC_01859,contig_1,-,2836,2827,2833.85663082437,2.04225567750522,2834,2833,2835,0.697449715835606,0,0.00933097023692276,0.0657089197125662,0,0,0,11451,non-mge
3217,1918261,1918268,8,non-cds,non-cds,contig_1,.,2834,2834,2834,0,2834,2834,2834,0,0,0,0,0,0,0,0,non-mge
3218,1918269,1919786,1518,ABC transporter domain-containing protein,PANCAC_01860,contig_1,-,2836,2815,2834.04611330698,3.93074288943308,2836,2834,2836,0.693147180559945,0,0.0102243653145531,0.0718047760953084,0,0,0,23073,non-mge
3219,1919787,1919800,14,non-cds,non-cds,contig_1,.,2836,2836,2836,0,2836,2836,2836,0,0,0,0,0,0,0,0,non-mge
3220,1919801,1920115,315,Transcriptional regulator,PANCAC_01861,contig_1,-,2836,2836,2836,0,2836,2836,2836,0.651210607822297,0,0.00587374979992438,0.0532766895120835,0,0,0,3082,non-mge
3221,1920093,1920911,819,recombination regulator RecX,PANCAC_01862,contig_1,-,2836,2822,2835.49816849817,1.9694324368109,2836,2836,2836,0.692942968094172,0,0.0103669378402992,0.0691779589032336,0,0,0,14231,non-mge
3222,1920912,1921171,260,non-cds,non-cds,contig_1,.,2836,2835,2835.66923076923,0.471397520374919,2836,2835,2836,0.687156884732273,0,0.00728859984938276,0.0594012012431647,0,0,0,3838,non-mge
3223,1921172,1921981,810,monofunctional peptidoglycan glycosyltransferase SgtB,PANCAC_01863,contig_1,-,2836,2834,2835.78395061728,0.449132329305139,2836,2836,2836,0.68611757827497,0,0.00449753001479204,0.0413274652416657,0,0,0,3888,non-mge
3224,1921982,1922321,340,non-cds,non-cds,contig_1,.,2836,2829,2833.64705882353,2.00416017090199,2833,2832,2836,0.568557888771914,0,0.00855294429044671,0.0568554178171509,0,0,0,2845,non-mge
3225,1922322,1922837,516,Uncharacterized protein SACOL1933,PANCAC_01864,contig_1,-,2836,2830,2835.88953488372,0.72232565118067,2836,2836,2836,0.697468904868248,0,0.0115968374559025,0.0704634101849047,0,0,0,7429,non-mge
3226,1922838,1922967,130,non-cds,non-cds,contig_1,.,2836,2823,2829.79230769231,4.45075754173255,2829,2825,2834,0.660901011782301,0,0.0193026728303752,0.094554729329323,0,0,0,2953,non-mge
3227,1922968,1923129,162,Cytosolic protein,PANCAC_01865,contig_1,-,2836,2836,2836,0,2836,2836,2836,0.531986077449738,0,0.00995809703865746,0.0627543318420121,0,0,0,1588,non-mge
3228,1923130,1923882,753,non-cds,non-cds,contig_1,.,2836,321,1353.68924302789,1139.93934567253,738,362,2836,0.521366878683846,0,0.00336413625835064,0.0267602656867461,0,0,0,577,90
3229,1923883,1924068,186,XRE family transcriptional regulator,PANCAC_01866,contig_1,-,744,613,620.795698924731,26.2411103669919,616,614,617,0.189842723444791,0,0.0043127017473189,0.0235367391385184,0,0,0,112,90
3230,1924069,1924069,1,non-cds,non-cds,contig_1,.,613,613,613,NA,613,613,613,0,0,0,NA,0,0,0,0,90
3231,1924070,1924180,111,ORF187,PANCAC_01867,contig_1,-,613,609,611.684684684685,1.48924619114981,612,611,613,0.397907893006495,0,0.0083080171887315,0.0444157683515244,0,0,0,712,90
3232,1924181,1924250,70,non-cds,non-cds,contig_1,.,614,612,613.128571428571,0.377690486403442,613,613,613,0.306077182817472,0,0.00726698952082545,0.0382859525858691,0,0,0,77,90
3233,1924251,1924379,129,Phage protein,PANCAC_01868,contig_1,-,614,612,613.604651162791,0.642487896908898,614,613,614,0.0393937512972021,0,0.00111462318838823,0.0049105718678943,0,0,0,13,90
3234,1924380,1924646,267,non-cds,non-cds,contig_1,.,1286,610,891.434456928839,233.052557909383,1004,612,1028,0.635105421868133,0,0.0119393389498548,0.0696640024202976,0,0,0,1022,90
3235,1924647,1926092,1446,Endolysin LysH5,PANCAC_01869,contig_1,-,1108,831,870.050484094053,67.9340985091428,851,849,852,0.693147180559945,0,0.00885897761065441,0.0575039529271727,0,0,0,4050,90
3236,1926073,1926510,438,phage holin,PANCAC_01871,contig_1,-,1178,843,854.46803652968,42.063128227927,849,848,850,0.671172640187387,0,0.0106475248123348,0.0662942014705656,0,0,0,2065,90
3237,1926511,1926565,55,non-cds,non-cds,contig_1,.,1210,1001,1107.32727272727,101.096223790241,1178,1001,1209,0.0645377457646876,0,0.00117341355935796,0.00870226786364801,0,0,0,14,90
3238,1926566,1926961,396,Phage protein,PANCAC_01872,contig_1,-,1004,997,1000.47222222222,2.08107472505236,1000,999,1003,0.755038278154037,0,0.0182976752698936,0.0934913310519322,0,0,0,3484,90
3239,1926962,1926966,5,non-cds,non-cds,contig_1,.,1002,1002,1002,0,1002,1002,1002,0,0,0,0,0,0,0,0,90
3240,1926967,1928139,1173,BppU N-terminal domain-containing protein,PANCAC_01873,contig_1,-,1203,481,1020.93009377664,184.049760177997,1005,1000,1199,0.693147180559945,0,0.0137237790676834,0.0732886136416041,0,0,0,7162,90
3241,1928140,1928151,12,non-cds,non-cds,contig_1,.,1205,1200,1203.33333333333,1.96946385566932,1204,1201,1205,0.693147180559945,0,0.0577622650466621,0.200094355642157,0,0,0,598,90
3242,1928152,1930050,1899,Bifunctional autolysin,PANCAC_01874,contig_1,-,1210,688,900.522380200105,236.47985475818,725,724,1206,1.00423102086119,0,0.00873274644291707,0.0641251713010665,0,0,0,7310,90
3243,1930051,1930186,136,non-cds,non-cds,contig_1,.,1477,1170,1425.22058823529,103.205274856327,1465,1462,1466,0.0409021699280773,0,0.000671988066718211,0.00410704143390956,0,0,0,18,90
3244,1930187,1930522,336,DUF2951 domain-containing protein,PANCAC_01875,contig_1,-,1482,1272,1404.64583333333,85.7878127615337,1456,1276,1460,0.371277126328806,0,0.00138931120962212,0.0204176246058512,0,0,0,199,90
3245,1930523,1930525,3,non-cds,non-cds,contig_1,.,1477,1476,1476.66666666667,0.577350269189626,1477,1476.5,1477,0,0,0,0,0,0,0,0,90
3246,1930526,1930699,174,XkdX family protein,PANCAC_01876,contig_1,-,1476,1190,1309.25862068966,138.41053457495,1199,1191,1473,0.0337237925644142,0,0.000232814912517952,0.00260492278145981,0,0,0,9,90
3247,1930700,1930702,3,non-cds,non-cds,contig_1,.,1192,1188,1189.33333333333,2.3094010767585,1188,1188,1190,0.563715717769183,0,0.187905239256394,0.325461421400461,0,0,0.281857858884592,299,90
3248,1930703,1931080,378,DUF2977 domain-containing protein,PANCAC_01877,contig_1,-,1209,1187,1200.83597883598,5.77652587299275,1201,1196,1206,0.598664989327879,0,0.0106506824951932,0.061681906007206,0,0,0,1625,90
3249,1931080,1932903,1824,BppU N-terminal domain-containing protein,PANCAC_01878,contig_1,-,1209,729,1035.29111842105,198.157570153026,1174,733,1205,0.698160088283593,0,0.0103127789015524,0.0597151423930172,0,0,0,7886,90
3250,1932903,1934813,1911,P68 RBP/TagC-like beta propeller domain-containing protein,PANCAC_01879,contig_1,-,1199,723,1141.99686028257,144.653291906016,1192,1187,1195,0.729308031074553,0,0.00774886147128175,0.0567599816677463,0,0,0,7750,90
3251,1934814,1934827,14,non-cds,non-cds,contig_1,.,724,724,724,0,724,724,724,0,0,0,0,0,0,0,0,90
3252,1934828,1936729,1902,Peptidase,PANCAC_01880,contig_1,-,1033,722,823.508412197687,139.508869065087,727,725,1017,0.693116083447158,0,0.00876208401824515,0.0589491503585241,0,0,0,5258,90
3253,1936730,1936737,8,non-cds,non-cds,contig_1,.,727,727,727,0,727,727,727,0,0,0,0,0,0,0,0,90
3254,1936738,1937685,948,Siphovirus-type tail component RIFT-related domain-containing protein,PANCAC_01881,contig_1,-,729,724,726.955696202532,0.905304816907938,727,727,728,0.660264409772422,0,0.0117986202873337,0.0678457395135112,0,0,0,3030,90
3255,1937686,1937697,12,non-cds,non-cds,contig_1,.,726,726,726,0,726,726,726,0,0,0,0,0,0,0,0,90
3256,1937698,1941165,3468,Tape measure protein,PANCAC_01882,contig_1,-,729,423,713.649653979239,55.6012611303043,724,723,726,0.875281750277887,0,0.00967297585632475,0.066709470648742,0,0,0,12246,90
3257,1941166,1941181,16,non-cds,non-cds,contig_1,.,725,724,724.375,0.5,724,724,725,0,0,0,0,0,0,0,0,90
3258,1941182,1941526,345,Tape measure chaperone,PANCAC_01883,contig_1,-,728,725,726.913043478261,0.990347754796126,727,726,728,0.665196936825888,0,0.00907782739194319,0.0657205021596876,0,0,0,1120,90
3259,1941527,1941555,29,non-cds,non-cds,contig_1,.,728,727,727.103448275862,0.309934046694603,727,727,727,0.534580553471748,0,0.0187941646629454,0.099218765712962,0,0,0,165,90
3260,1941556,1941921,366,Tail protein,PANCAC_01884,contig_1,-,729,725,726.516393442623,1.01414872777077,726,726,727,0.540015807396227,0,0.00984115199887929,0.0650794513159428,0,0,0,960,90
3261,1941922,1941982,61,non-cds,non-cds,contig_1,.,726,721,723.83606557377,2.03453784980646,725,722,726,0.692263618006201,0,0.0238384271352832,0.122584149820579,0,0,0,787,90
3262,1941983,1942564,582,phage major tail protein%2C TP901-1 family,PANCAC_01885,contig_1,-,730,726,727.969072164948,1.00894732123178,728,728,729,0.693147180559945,0,0.00783830249915457,0.0628654204906783,0,0,0,1713,90
3263,1942565,1942582,18,non-cds,non-cds,contig_1,.,729,728,728.388888888889,0.50163132570455,728,728,729,0,0,0,0,0,0,0,0,90
3264,1942583,1942966,384,DUF3168 domain-containing protein,PANCAC_01886,contig_1,-,730,726,728.174479166667,1.13029709793087,728,728,729,0.693147180559945,0,0.0146523595469523,0.0795588270632761,0,0,0,1874,90
3265,1942967,1942977,11,non-cds,non-cds,contig_1,.,729,727,727.727272727273,1.00904995821903,727,727,729,0.0477568751366676,0,0.00434153410333342,0.014399239635289,0,0,0,6,90
3266,1942978,1943325,348,HK97-gp10 family putative phage morphogenesis protein,PANCAC_01887,contig_1,-,728,725,726.594827586207,0.817444336920278,727,726,727,0.484566811143432,0,0.00834732350681355,0.0534823606399848,0,0,0,1642,90
3267,1943325,1943627,303,Minor capsid protein,PANCAC_01888,contig_1,-,729,722,726.062706270627,1.72035782976798,726,725,728,0.686747718914369,0,0.0123128919366984,0.077708832511069,0,0,0,1180,90
3268,1943624,1943956,333,Phi Mu50B-like protein,PANCAC_01889,contig_1,-,732,728,729.42042042042,1.29077022530019,729,728,731,0.485812892707372,0,0.0041128717456653,0.0345874046514031,0,0,0,290,90
3269,1943957,1943964,8,non-cds,non-cds,contig_1,.,729,728,728.75,0.462910049886276,729,728.75,729,0,0,0,0,0,0,0,0,90
3270,1943965,1944252,288,Phi Mu50B-like protein,PANCAC_01890,contig_1,-,728,724,725.645833333333,0.717804919486503,726,725,726,0.603566109037959,0,0.004914695546353,0.0398391677134686,0,0,0,636,90
3271,1944253,1944273,21,non-cds,non-cds,contig_1,.,727,726,726.571428571429,0.50709255283711,727,726,727,0.209348128410769,0,0.0104671838936084,0.0456263667994916,0,0,0,40,90
3272,1944274,1945248,975,phage major capsid protein,PANCAC_01891,contig_1,-,728,722,724.92717948718,1.57098621361138,725,724,726,0.71463219418399,0,0.0105068103117432,0.0674561426509118,0,0,0,3888,90
3273,1945249,1945261,13,non-cds,non-cds,contig_1,.,723,723,723,0,723,723,723,0.010500460246776,0,0.000807727711290459,0.00291230367967092,0,0,0,1,90
3274,1945262,1945882,621,Capsid assembly scaffolding protein,PANCAC_01892,contig_1,-,724,394,587.927536231884,160.64807127709,721,395,722,0.689044058687357,0,0.00866352300486325,0.0624975583909762,0,0,0,1315,90
3275,1945883,1945990,108,non-cds,non-cds,contig_1,.,623,395,522.064814814815,113.300384236726,623,396,623,0.0756553388616061,0,0.00149298192217105,0.00945925759668798,0,0,0,18,90
3276,1945991,1946161,171,Phage protein,PANCAC_01893,contig_1,-,726,622,667.754385964912,50.6395383894563,627,623,725,0.623788798159612,0,0.0166948798130847,0.0785414059860464,0,0,0,690,90
3277,1946162,1946233,72,non-cds,non-cds,contig_1,.,726,724,724.930555555556,0.306106346653673,725,725,725,0.628825165830819,0,0.0133608973349063,0.0798186368078084,0,0,0,294,90
3278,1946234,1947229,996,Phage head morphogenesis domain-containing protein,PANCAC_01894,contig_1,-,727,723,725.125502008032,1.20606184537541,725,724,726,0.670591234131275,0,0.00908622314421394,0.0618734252965452,0,0,0,2685,90
3279,1947230,1947235,6,non-cds,non-cds,contig_1,.,723,722,722.666666666667,0.516397779494322,723,722.25,723,0,0,0,0,0,0,0,0,90
3280,1947236,1948771,1536,phage portal protein,PANCAC_01895,contig_1,-,730,722,725.370442708333,1.96354696323918,725,724,726,0.693147180559945,0,0.0102156689867054,0.0654684505116041,0,0,0,4567,90
3281,1948772,1948781,10,non-cds,non-cds,contig_1,.,726,726,726,0,726,726,726,0.0341913009181244,0,0.00341913009181244,0.010812238706548,0,0,0,4,90
3282,1948782,1950068,1287,PBSX family phage terminase large subunit,PANCAC_01896,contig_1,-,726,651,656.337995337995,9.26875267074906,655,653,657,0.679873217159045,0,0.00738346460941104,0.0505813832451961,0,0,0,2461,90
3283,1950046,1950486,441,Terminase small subunit,PANCAC_01897,contig_1,-,720,647,652.873015873016,8.28482853403641,653,649,654,0.693147180559945,0,0.00586480729554103,0.0438188866765229,0,0,0,645,90
3284,1950487,1950672,186,non-cds,non-cds,contig_1,.,766,281,619.645161290323,189.337259231291,721,720,721,0.665328894378896,0,0.00860276210777946,0.0616407152795788,0,0,0,305,90
3285,1950673,1951095,423,Transcriptional activator rinA,PANCAC_01898,contig_1,-,281,272,279.794326241135,1.87216223358435,280,280,280,0.693147180559945,0,0.0129052598167908,0.0824435307866531,0,0,0,770,90
3286,1951096,1951118,23,non-cds,non-cds,contig_1,.,280,280,280,0,280,280,280,0.284814872951623,0,0.0123832553457228,0.0593880063482479,0,0,0,23,90
3287,1951119,1951265,147,Phage protein,PANCAC_01899,contig_1,-,599,421,424.632653061225,25.253802543638,421,421,421,0.450872870025317,0,0.00911026483029606,0.0524985098517572,0,0,0,170,90
3288,1951266,1951442,177,transcriptional activator RinB,PANCAC_01900,contig_1,-,1853,347,1286.38418079096,624.451558804833,1807,592,1818,0.677767604073011,0,0.00805186130743732,0.0566054988766731,0,0,0,524,90
3289,1951442,1951642,201,DUF1381 domain-containing protein,PANCAC_01901,contig_1,-,353,347,351.766169154229,1.61246697679171,352,352,353,0,0,0,0,0,0,0,0,90
3290,1951617,1951805,189,DUF1381 domain-containing protein,PANCAC_01902,contig_1,-,888,352,735.21164021164,210.434448458011,861,769,865,0.191626930521192,0,0.00250840078252563,0.0204697424846226,0,0,0,97,90
3291,1951802,1952047,246,Phage protein,PANCAC_01903,contig_1,-,960,271,334.471544715447,170.750483918554,273,273,274,0.625434118921411,0,0.0132340627226494,0.077393267728222,0,0,0,514,90
3292,1952048,1952083,36,non-cds,non-cds,contig_1,.,967,960,962.027777777778,0.970599552886509,962,962,962,0.152981070941009,0,0.0042494741928058,0.0254968451568348,0,0,0,34,90
3293,1952084,1952593,510,dUTP diphosphatase,PANCAC_01904,contig_1,-,1086,206,879.333333333333,320.627924362199,1071,907,1082,0.501262604738447,0,0.00571634633598038,0.0415012661316125,0,0,0,796,90
3294,1952586,1952828,243,ETA orf 33-like protein,PANCAC_01905,contig_1,-,1969,8,156.197530864198,407.167125709261,8,8,8,0.410116318288409,0,0.0016877214744379,0.0263089740847635,0,0,0,8,90
3295,1952825,1953070,246,DUF1024 domain-containing protein,PANCAC_01906,contig_1,-,2108,1969,2044.76016260163,24.7119610462012,2053,2038,2062,0.245539672780394,0,0.00279289064082879,0.0222614445872812,0,0,0,337,90
3296,1953071,1953084,14,non-cds,non-cds,contig_1,.,1616,1502,1573.64285714286,42.4909169350112,1575,1549,1616,0,0,0,0,0,0,0,0,91
3297,1953085,1953333,249,Phage family protein,PANCAC_01907,contig_1,-,1628,544,1552.77911646586,234.658166373963,1615,1605,1626,0.444063327388028,0,0.00337574443905934,0.0297064823069977,0,0,0,376,91
3298,1953334,1953693,360,Phage protein,PANCAC_01908,contig_1,-,977,745,804.941666666667,79.2841892193338,754,750,826,0.641379882755848,0,0.0120277260126709,0.0684470066057639,0,0,0,1463,91
3299,1953694,1953963,270,HTH cro/C1-type domain-containing protein,PANCAC_01909,contig_1,-,1093,146,195.477777777778,169.34390523546,147,147,147,0.19349592134919,0,0.00165515667656478,0.0160691508541342,0,0,0,15,91
3300,1953964,1954149,186,DUF3113 domain-containing protein,PANCAC_01910,contig_1,-,1182,1093,1172.27419354839,23.6232839936241,1180,1178,1180.75,0.1364215184124,0,0.00111678297267688,0.0110476632403943,0,0,0,51,91
3301,1954150,1954153,4,non-cds,non-cds,contig_1,.,1180,1179,1179.5,0.577350269189626,1179.5,1179,1180,0.0448515979784571,0,0.0112128994946143,0.0224257989892286,0,0,0.0112128994946143,9,91
3302,1954154,1954558,405,DUF1064 domain-containing protein,PANCAC_01911,contig_1,-,1179,955,988.412345679012,40.9238044174662,959,959,1026,0.00775171637151892,0,5.73223215969527e-05,0.000664375216814416,0,0,0,3,91
3303,1954559,1954568,10,non-cds,non-cds,contig_1,.,1344,1340,1343,1.15470053837925,1343,1343,1343.75,0.00611143341781872,0,0.000611143341781872,0.00193260493687746,0,0,0,1,91
3304,1954569,1954790,222,DUF3269 domain-containing protein,PANCAC_01912,contig_1,-,1344,1337,1340.54504504505,1.6951481863033,1341,1340,1342,0.0614946872175476,0,0.000277003095574539,0.00412725316895495,0,0,0,15,91
3305,1954791,1954793,3,non-cds,non-cds,contig_1,.,1337,1337,1337,0,1337,1337,1337,0,0,0,0,0,0,0,0,91
3306,1954794,1955009,216,Phage protein,PANCAC_01913,contig_1,-,1337,337,407.402777777778,254.536824752409,338,338,338,0.507469835498278,0,0.00455268445048329,0.0382074405515637,0,0,0,104,91
3307,1955006,1956247,1242,Prophage L54a%2C replicative DNA helicase,PANCAC_01914,contig_1,-,343,336,339.078099838969,1.6902393909523,339,338,340,0.748933327294533,0,0.0110869575344698,0.0703795688643208,0,0,0,2663,91
3308,1956244,1956600,357,Phage protein,PANCAC_01915,contig_1,-,337,336,336.574229691877,0.495153231206606,337,336,337,0.635737097900546,0,0.0118427021543321,0.0746457019088862,0,0,0,1382,91
3309,1956600,1957406,807,Phi PV83 orf 20-like protein,PANCAC_01916,contig_1,-,955,74,247.810408921933,167.681393179348,101,99,434,0.679227952408859,0,0.0064927290010709,0.046294966980747,0,0,0,679,91
3310,1957378,1958070,693,Phage protein,PANCAC_01917,contig_1,-,1216,434,948.489177489177,209.707156016284,816,813,1209,0.257809545743005,0,0.00349444551234449,0.0254168785949751,0,0,0,496,91
3311,1958071,1958082,12,non-cds,non-cds,contig_1,.,810,797,806.916666666667,5.5833898685514,810,807,810,0,0,0,0,0,0,0,0,91
3312,1958083,1958637,555,Single-strand DNA-binding protein%2C putative,PANCAC_01918,contig_1,-,798,423,438.661261261261,61.616847951473,424,423,424,0.400511205352792,0,0.00640510168200518,0.0395373659257183,0,0,0,417,91
3313,1958638,1958666,29,non-cds,non-cds,contig_1,.,476,361,440.586206896552,53.7265013360521,476,362,476,0.0190789241997617,0,0.000657893937922816,0.00354286728132908,0,0,0,1,91
3314,1958667,1959446,780,ATP-binding protein,PANCAC_01919,contig_1,-,456,282,291.108974358974,23.7539737147155,283,283,283,0.0235465670984591,0,3.0187906536486e-05,0.000843102346588704,0,0,0,1,91
3315,1959447,1959983,537,Bacteriophage Mu Gam-like protein,PANCAC_01920,contig_1,-,291,287,290.871508379888,0.366849429776588,291,291,291,0.669621657713352,0,0.01174559005738,0.0754510467153326,0,0,0,784,91
3316,1959984,1959995,12,non-cds,non-cds,contig_1,.,399,287,321.75,38.6784530103354,294,294,361,0,0,0,0,0,0,0,0,91
3317,1959996,1960256,261,DUF1108 domain-containing protein,PANCAC_01921,contig_1,-,481,286,333.509578544061,83.0380641646125,287,287,287,0.419299911659254,0,0.00387449610984362,0.0311808641745595,0,0,0,120,91
3318,1960237,1960566,330,Phage protein,PANCAC_01922,contig_1,-,491,286,438.960606060606,50.3581847535041,463.5,424,465,0.688053186134552,0,0.00896269974452008,0.0645509295653773,0,0,0,898,91
3319,1960567,1960655,89,non-cds,non-cds,contig_1,.,1729,491,930.123595505618,572.773988034324,504,491,1705,0.138208071166265,0,0.00185096252842454,0.0148860309093573,0,0,0,33,91
3320,1960656,1960817,162,Phage protein,PANCAC_01923,contig_1,-,1798,1728,1792.01851851852,14.3451128831421,1795,1793,1798,0.3585289731419,0,0.00617323472141975,0.0380425119320677,0,0,0,472,91
3321,1960810,1961028,219,Phage protein,PANCAC_01924,contig_1,-,1798,687,743.799086757991,233.945566865549,688,688,689,0.653907237975458,0,0.0174746484596712,0.081675448105347,0,0,0,950,91
3322,1961029,1961044,16,non-cds,non-cds,contig_1,.,689,689,689,0,689,689,689,0,0,0,0,0,0,0,0,91
3323,1961045,1961494,450,Phi PV83 orf 10-like protein,PANCAC_01925,contig_1,-,689,203,291.884444444444,108.70304445276,205,205,346,0.633673746966386,0,0.00386553474982174,0.0394075230122897,0,0,0,228,91
3324,1961495,1961535,41,non-cds,non-cds,contig_1,.,517,307,359.048780487805,57.7693479362162,352,308,365,0,0,0,0,0,0,0,0,91
3325,1961536,1961760,225,type II toxin-antitoxin system antitoxin TscA,PANCAC_01926,contig_1,-,308,307,307.804444444444,0.397512104238189,308,308,308,0.249577529714387,0,0.00293744295402873,0.0228186091579323,0,0,0,48,91
3326,1961761,1962552,792,Bro-N domain-containing protein,PANCAC_01927,contig_1,-,889,307,736.972222222222,122.595092681328,806,626.5,808,0.674046514505323,0,0.00854640085407198,0.0576480498357126,0,0,0,2227,91
3327,1962553,1962708,156,non-cds,non-cds,contig_1,.,459,99,130.032051282051,81.0821502867304,102,102,102,0.667086037983145,0,0.00616376381010369,0.056077151525386,0,0,0,45,91
3328,1962709,1963017,309,Pathogenicity island protein,PANCAC_01928,contig_1,-,107,94,99.8187702265372,1.45031471359195,100,100,100,0.169308652080656,0,0.00130740225748468,0.0135271125319733,0,0,0,9,91
3329,1963018,1963031,14,non-cds,non-cds,contig_1,.,287,107,171.285714285714,89.5041284577924,107,107,287,0,0,0,0,0,0,0,0,91
3330,1963032,1963250,219,HTH cro/C1-type domain-containing protein,PANCAC_01929,contig_1,-,288,282,283.497716894977,1.35245081385149,283,283,284,0.636412760643406,0,0.00354968707450798,0.0433523614638145,0,0,0,197,91
3331,1963251,1963391,141,non-cds,non-cds,contig_1,.,284,282,283.212765957447,0.663416596526732,283,283,284,0.347406098877996,0,0.0048866597588272,0.0318005590124851,0,0,0,49,91
3332,1963392,1964111,720,Phage repressor protein%2C putative,PANCAC_01930,contig_1,+,1083,281,589.884722222222,218.100885895256,741,282,747,0.642191427772561,0,0.00197826563252206,0.0300745880399874,0,0,0,263,91
3333,1964112,1964180,69,non-cds,non-cds,contig_1,.,2497,1067,1904.59420289855,686.558131698397,2482,1084,2483,0.00355349271461877,0,5.14998944147648e-05,0.000427790251883446,0,0,0,1,91
3334,1964181,1964348,168,Cytosolic protein,PANCAC_01931,contig_1,+,2485,490,2422.6130952381,339.499119002591,2483,2481,2483,0,0,0,0,0,0,0,0,92
3335,1964349,1964507,159,non-cds,non-cds,contig_1,.,499,18,387.786163522013,196.446835168822,491,490,492,0.0568436992868263,0,0.000524347755662546,0.00496264771762983,0,0,0,7,92
3336,1964508,1964693,186,PV83 orf 4-like protein-related protein,PANCAC_01932,contig_1,+,440,18,352.908602150538,76.107159383246,369,369,369,0.547568240964704,0,0.0061960768717748,0.0483269188303088,0,0,0,342,92
3337,1964694,1964728,35,non-cds,non-cds,contig_1,.,440,89,168.4,124.86632852775,145,89,145,0.108493674751276,0,0.00309981927860789,0.0183387781654346,0,0,0,2,92
3338,1964729,1965634,906,PV83 orf 3-like protein,PANCAC_01933,contig_1,+,89,75,76.0662251655629,1.46412966626293,76,76,76,0.693147180559945,0,0.00402416253356648,0.0434305841392798,0,0,0,133,92
3339,1965571,1965771,201,Excisionase-related protein,PANCAC_01934,contig_1,-,76,76,76,0,76,76,76,0.168038370649911,0,0.00180020151414553,0.0154477460047328,0,0,0,6,92
3340,1965772,1965882,111,non-cds,non-cds,contig_1,.,705,76,506.459459459459,207.730147669071,701,292,704,0.523807243696398,0,0.0102544725765252,0.0668561132634583,0,0,0,290,92
3341,1965883,1966929,1047,Integrase,PANCAC_01935,contig_1,+,705,360,391.532951289398,94.2573093015557,364,362,364,0.693147180559945,0,0.00989110804886304,0.0736164117357004,0,0,0,3091,92
3342,1966930,1966973,44,non-cds,non-cds,contig_1,.,362,362,362,0,362,362,362,0.0730297739654629,0,0.0020933795037551,0.0113142581102909,0,0,0,6,92
3343,1966974,1968119,1146,radical SAM/CxCxxxxC motif protein YfkAB,PANCAC_01936,contig_1,+,2836,362,2761.83856893543,400.745906205955,2836,2836,2836,0.692744411267458,0,0.00720911619272625,0.0548667547433993,0,0,0,13557,92
3344,1968120,1968378,259,non-cds,non-cds,contig_1,.,2836,2830,2834.92664092664,1.87765953771146,2836,2835,2836,0.69112150018387,0,0.0146357697796588,0.079475975597629,0,0,0,4617,non-mge
3345,1968379,1968909,531,HotDog ACOT-type domain-containing protein,PANCAC_01937,contig_1,-,2836,2835,2835.91902071563,0.273060539186128,2836,2836,2836,0.312120727236265,0,0.00277837862662986,0.025331900394921,0,0,0,1094,non-mge
3346,1968910,1968998,89,non-cds,non-cds,contig_1,.,2836,2836,2836,0,2836,2836,2836,0.0538020367161785,0,0.000991091893142706,0.00605294844266197,0,0,0,40,non-mge
3347,1968999,1970246,1248,Aminopeptidase PepS,PANCAC_01938,contig_1,-,2836,2835,2835.94711538462,0.223892830404432,2836,2836,2836,0.930764346309868,0,0.00980639155282604,0.0683606867509064,0,0,0,16854,non-mge
3348,1970247,1970257,11,non-cds,non-cds,contig_1,.,2835,2835,2835,0,2835,2835,2835,0,0,0,0,0,0,0,0,non-mge
3349,1970258,1970464,207,UPF0435 protein SAHV_1865,PANCAC_01939,contig_1,-,2835,2829,2833.06763285024,2.22633524906868,2834,2831,2835,0.544085121966946,0,0.00604961378912079,0.0448004490013584,0,0,0,2650,non-mge
3350,1970465,1970604,140,non-cds,non-cds,contig_1,.,2835,2832,2833.92857142857,0.716133273465806,2834,2833,2834,0.53218264674512,0,0.00610631227329452,0.0489487848481218,0,0,0,844,non-mge
3351,1970605,1971069,465,Low molecular weight protein-tyrosine-phosphatase PtpA,PANCAC_01940,contig_1,+,2836,2834,2835.39139784946,0.59950696588992,2835,2835,2836,0.618523172963216,0,0.00647726456853374,0.0520658413835939,0,0,0,4291,non-mge
3352,1971070,1971075,6,non-cds,non-cds,contig_1,.,2836,2836,2836,0,2836,2836,2836,0,0,0,0,0,0,0,0,non-mge
3353,1971076,1971351,276,YtxH domain-containing protein,PANCAC_01941,contig_1,+,2836,2836,2836,0,2836,2836,2836,0.518964643525713,0,0.0044451278566251,0.0386455162318333,0,0,0,1105,non-mge
3354,1971352,1971628,277,non-cds,non-cds,contig_1,.,2836,2832,2834.54873646209,1.24323103150116,2835,2834,2836,0.768724094173282,0,0.0100895404486526,0.0697037576435835,0,0,0,2874,non-mge
3355,1971629,1972846,1218,Ribonuclease BN,PANCAC_01942,contig_1,+,2836,2827,2834.7881773399,1.79044982107481,2836,2834,2836,0.691621834458082,0,0.00912061036579753,0.0665736916399816,0,0,0,14459,non-mge
3356,1972847,1972961,115,non-cds,non-cds,contig_1,.,2836,2835,2835.89565217391,0.307049142974497,2836,2836,2836,0.687654032248505,0,0.018112716285952,0.0962166437096604,0,0,0,2127,non-mge
3357,1972962,1973591,630,two-component system response regulator VraR,PANCAC_01943,contig_1,-,2836,2832,2835.67936507937,0.903298799861416,2836,2836,2836,0.733512601643701,0,0.00777299227237187,0.0620673014268096,0,0,0,6232,non-mge
3358,1973581,1974624,1044,Sensor protein VraS,PANCAC_01944,contig_1,-,2836,2833,2835.61973180077,0.628527266200019,2836,2835,2836,0.654494361929432,0,0.00902414325450845,0.064772385407918,0,0,0,13748,non-mge
3359,1974621,1975322,702,Cell wall-active antibiotics response LiaF-like C-terminal domain-containing protein,PANCAC_01945,contig_1,-,2836,2833,2834.90170940171,0.954169428964104,2835,2834,2836,0.747153364855046,0,0.00751387621123566,0.0602466278591132,0,0,0,8822,non-mge
3360,1975323,1975336,14,non-cds,non-cds,contig_1,.,2836,2836,2836,0,2836,2836,2836,0.00315683274376661,0,0.000225488053126187,0.000843699039608871,0,0,0,1,non-mge
3361,1975337,1975723,387,Staphylococcal protein,PANCAC_01946,contig_1,-,2836,2814,2831.37984496124,5.55359258943937,2833,2829,2836,0.661266195673665,0,0.00527488436967663,0.0478560298494278,0,0,0,2284,non-mge
3362,1975724,1975939,216,non-cds,non-cds,contig_1,.,2836,2835,2835.80092592593,0.400231414540619,2836,2836,2836,0.673808179363144,0,0.00655017835900898,0.0621601653292257,0,0,0,2066,non-mge
3363,1975940,1976698,759,type I methionyl aminopeptidase,PANCAC_01947,contig_1,-,2836,2834,2835.91831357049,0.318587419337597,2836,2836,2836,0.945803951936246,0,0.00974114170005275,0.073212629980741,0,0,0,9231,non-mge
3364,1976699,1977225,527,non-cds,non-cds,contig_1,.,2836,2636,2799.37191650854,59.2959501493541,2825,2811,2832,0.685797682725971,0,0.00696804991404347,0.0544817698432769,0,0,0,4247,non-mge
3365,1977226,1978212,987,UPF0421 protein SACOL1947,PANCAC_01949,contig_1,+,2836,2826,2834.40121580547,2.31826650217024,2835,2834,2836,0.692021051927474,0,0.0101559421094296,0.0628239359668927,0,0,0,11663,non-mge
3366,1978213,1978642,430,non-cds,non-cds,contig_1,.,2828,2565,2775.4511627907,45.2712229054329,2762,2749.25,2826,0.528450917982898,0,0.00493408828793222,0.0374412683952605,0,0,0,1677,non-mge
3367,1978643,1979056,414,Cytosolic protein,PANCAC_01951,contig_1,-,2836,2835,2835.84057971014,0.366510476611869,2836,2836,2836,0.693147180559945,0,0.013428076192235,0.0789812626071935,0,0,0,7112,non-mge
3368,1979057,1979280,224,non-cds,non-cds,contig_1,.,2836,2830,2833.65178571429,1.8349365963488,2834,2832,2835,0.598807862184431,0,0.00831531453364362,0.0589513141854784,0,0,0,1874,non-mge
3369,1979281,1980012,732,Lipid II isoglutaminyl synthase (glutamine-hydrolyzing) subunit GatD,PANCAC_01952,contig_1,-,2836,2835,2835.91120218579,0.284646184188466,2836,2836,2836,0.69436524541626,0,0.0106815640523187,0.07047733563222,0,0,0,12967,non-mge
3370,1980013,1980013,1,non-cds,non-cds,contig_1,.,2836,2836,2836,NA,2836,2836,2836,0,0,0,NA,0,0,0,0,non-mge
3371,1980014,1981327,1314,lipid II isoglutaminyl synthase subunit MurT,PANCAC_01953,contig_1,-,2836,2835,2835.93150684932,0.252686429013778,2836,2836,2836,0.687777386701621,0,0.00751114979459414,0.0566798202234483,0,0,0,14287,non-mge
3372,1981328,1981618,291,non-cds,non-cds,contig_1,.,2836,2794,2825.0824742268,12.4604229488404,2830,2820,2835,0.634253883036305,0,0.00962298033760969,0.0576686358732369,0,0,0,2696,non-mge
3373,1981619,1982119,501,H-type ferritin FtnA,PANCAC_01954,contig_1,+,2836,2833,2835.94211576846,0.36144531338898,2836,2836,2836,0.620690153255173,0,0.00695149239297623,0.0545988850842832,0,0,0,3745,non-mge
3374,1982120,1982507,388,non-cds,non-cds,contig_1,.,2836,2829,2834.44329896907,2.01912853596631,2835,2834,2836,0.660649041044512,0,0.0054948351833594,0.0474455246089285,0,0,0,2309,non-mge
3375,1982508,1983062,555,DNA polymerase III polC-type,PANCAC_01955,contig_1,+,2836,2836,2836,0,2836,2836,2836,0.567511542277582,0,0.00494451351330293,0.0404906337430207,0,0,0,3875,non-mge
3376,1983063,1983129,67,non-cds,non-cds,contig_1,.,2836,2836,2836,0,2836,2836,2836,0.299153460744802,0,0.00507532244727168,0.0365560480747639,0,0,0,266,non-mge
3377,1983130,1984200,1071,DNA polymerase IV,PANCAC_01956,contig_1,-,2836,2830,2832.77871148459,2.38346222331131,2831,2831,2836,0.686079657738187,0,0.0102199655785052,0.066811827470271,0,0,0,12578,non-mge
3378,1984201,1984446,246,non-cds,non-cds,contig_1,.,2836,2831,2835.5,1.18062591493682,2836,2835,2836,0.530667280718606,0,0.0127496251979182,0.0727414378510315,0,0,0,3246,non-mge
3379,1984447,1984977,531,Permease,PANCAC_01957,contig_1,-,2836,2830,2835.17137476459,1.70205474959158,2836,2835,2836,0.620497628113372,0,0.00515453003967119,0.04515569768754,0,0,0,2817,non-mge
3380,1984978,1985146,169,non-cds,non-cds,contig_1,.,2836,2832,2834.84023668639,1.6378818902788,2836,2833,2836,0.450324296659573,0,0.00646030936833203,0.0420519580539079,0,0,0,885,non-mge
3381,1985147,1986508,1362,23S rRNA (uracil(1939)-C(5))-methyltransferase RlmD,PANCAC_01958,contig_1,-,2836,2822,2834.5704845815,2.91184884370632,2836,2835,2836,0.692739847617354,0,0.0094144166824924,0.0658809201657922,0,0,0,15250,non-mge
3382,1986509,1986588,80,non-cds,non-cds,contig_1,.,2836,2836,2836,0,2836,2836,2836,0.52034018907271,0,0.00964357790449282,0.0631837287207988,0,0,0,788,non-mge
3383,1986589,1987536,948,diacylglycerol kinase,PANCAC_01959,contig_1,-,2836,2836,2836,0,2836,2836,2836,0.693074733895447,0,0.00605501069255827,0.055187159341701,0,0,0,7585,non-mge
3384,1987537,1988304,768,non-cds,non-cds,contig_1,.,2836,2454,2775.61848958333,117.118852354585,2832,2808.75,2835,0.691227419960095,0,0.00860836787012207,0.0665215342823887,0,0,0,9611,non-mge
3385,1988305,1989732,1428,Asp-tRNA(Asn)/Glu-tRNA(Gln) amidotransferase subunit GatB,PANCAC_01961,contig_1,-,2836,2834,2835.93487394958,0.354116128089413,2836,2836,2836,0.689571145615094,0,0.00865564566370326,0.0637890101547229,0,0,0,16062,non-mge
3386,1989733,1989744,12,non-cds,non-cds,contig_1,.,2836,2836,2836,0,2836,2836,2836,0.00315683274376661,0,0.000263069395313884,0.00091129911720014,0,0,0,1,non-mge
3387,1989745,1991202,1458,Asp-tRNA(Asn)/Glu-tRNA(Gln) amidotransferase subunit GatA,PANCAC_01962,contig_1,-,2836,2835,2835.91563786008,0.27802551295624,2836,2836,2836,0.689756189880478,0,0.00707403952333564,0.0591719813263586,0,0,0,16001,non-mge
3388,1991203,1991203,1,non-cds,non-cds,contig_1,.,2836,2836,2836,NA,2836,2836,2836,0.00315683274376661,0.00315683274376661,0.00315683274376661,NA,0.00315683274376661,0.00315683274376661,0.00315683274376661,1,non-mge
3389,1991204,1991506,303,Asp-tRNA(Asn)/Glu-tRNA(Gln) amidotransferase subunit GatC,PANCAC_01963,contig_1,-,2836,2836,2836,0,2836,2836,2836,0.457637347116444,0,0.00169207099312966,0.026312287216695,0,0,0,2372,non-mge
3390,1991507,1991872,366,non-cds,non-cds,contig_1,.,2836,2830,2833.55464480874,1.65223559949338,2834,2832,2835,0.671057598234854,0,0.00909498860764811,0.0585007580356646,0,0,0,3573,non-mge
3391,1991873,1993411,1539,sodium/proline symporter PutP,PANCAC_01964,contig_1,+,2836,2833,2835.64197530864,0.592392382978332,2836,2835,2836,0.663696775697101,0,0.00513231649165916,0.0425903709005707,0,0,0,11611,non-mge
3392,1993412,1993499,88,non-cds,non-cds,contig_1,.,2836,2784,2828.61363636364,16.1205457668241,2833,2833,2836,0.424519655751656,0,0.00764875820482367,0.0472824146912442,0,0,0,561,non-mge
3393,1993500,1994699,1200,CamS family sex pheromone protein,PANCAC_01965,contig_1,-,2836,2834,2835.805,0.49549261088288,2836,2836,2836,0.660280398910904,0,0.00647015185550381,0.0501541347486701,0,0,0,11568,non-mge
3394,1994700,1994711,12,non-cds,non-cds,contig_1,.,2836,2836,2836,0,2836,2836,2836,0,0,0,0,0,0,0,0,non-mge
3395,1994712,1996715,2004,NAD-dependent DNA ligase LigA,PANCAC_01966,contig_1,-,2836,2832,2835.86327345309,0.617006820828125,2836,2836,2836,0.662816279160253,0,0.00612391450868051,0.0495934742978545,0,0,0,12882,non-mge
3396,1996716,1996718,3,non-cds,non-cds,contig_1,.,2836,2836,2836,0,2836,2836,2836,0.0106706200537258,0,0.00355687335124193,0.0061606853604388,0,0,0.00533531002686289,4,non-mge
3397,1996719,1998911,2193,DNA helicase PcrA,PANCAC_01967,contig_1,-,2836,2834,2835.77108983128,0.49407395835489,2836,2836,2836,0.694467847550821,0,0.00772202356274952,0.0611498195415454,0,0,0,26190,non-mge
3398,1998908,1999600,693,heptaprenylglyceryl phosphate synthase,PANCAC_01968,contig_1,-,2836,2827,2835.28571428571,1.98456055451829,2836,2836,2836,0.688716860876415,0,0.00866478724505644,0.0579484365650746,0,0,0,7667,non-mge
3399,1999601,1999771,171,non-cds,non-cds,contig_1,.,2836,2834,2835.23976608187,0.756032953854117,2835,2835,2836,0.399995145469536,0,0.00364374629340369,0.0336628035926016,0,0,0,532,non-mge
3400,1999772,2000074,303,His repressor,PANCAC_01969,contig_1,-,2836,2835,2835.90759075908,0.290081863611708,2836,2836,2836,0.366107141315461,0,0.00353731825307789,0.0298978423119772,0,0,0,835,non-mge
3401,2000075,2000182,108,non-cds,non-cds,contig_1,.,2836,2836,2836,0,2836,2836,2836,0.569398496059428,0,0.00806305601641238,0.0589905336919361,0,0,0,931,non-mge
3402,2000183,2001478,1296,adenylosuccinate lyase,PANCAC_01970,contig_1,-,2836,2832,2835.7237654321,0.661756189686142,2836,2836,2836,0.692904364158085,0,0.00767055792700044,0.0598090598449701,0,0,0,15297,non-mge
3403,2001479,2002338,860,non-cds,non-cds,contig_1,.,2836,2048,2770.47790697674,171.422795542103,2829,2824,2834,0.64641916991658,0,0.00913760186283332,0.0560755692816194,0,0,0,7009,non-mge
3404,2002339,2003505,1167,cysteine protease staphopain A,PANCAC_01971,contig_1,+,2835,2594,2831.28106255356,18.6387019541013,2835,2833,2835,0.692402473542391,0,0.0119355506252582,0.0745330290198852,0,0,0,17716,non-mge
3405,2003506,2003535,30,non-cds,non-cds,contig_1,.,2835,2835,2835,0,2835,2835,2835,0,0,0,0,0,0,0,0,non-mge
3406,2003536,2003862,327,Staphostatin A domain-containing protein,PANCAC_01972,contig_1,+,2835,2829,2834.23853211009,1.37394074694399,2835,2834,2835,0.685631731205566,0,0.0105629528732326,0.0746578207659542,0,0,0,4788,non-mge
3407,2003863,2004153,291,non-cds,non-cds,contig_1,.,2835,2777,2823.26804123711,16.8257902190312,2828,2826,2831,0.619265636149122,0,0.0117852155280621,0.0567349848776711,0,0,0,2883,non-mge
3408,2004154,2004327,174,NETI motif-containing protein,PANCAC_01973,contig_1,-,2835,2835,2835,0,2835,2835,2835,0.691556008353295,0,0.0151950346289383,0.0905437243861923,0,0,0,3992,non-mge
3409,2004308,2004910,603,UPF0316 protein SA1727,PANCAC_01974,contig_1,-,2835,2833,2834.67330016584,0.529276025101724,2835,2834,2835,0.620497628113372,0,0.00557327439634047,0.0473562597676553,0,0,0,3508,non-mge
3410,2004911,2005180,270,non-cds,non-cds,contig_1,.,2834,2831,2832.51111111111,1.21860830285489,2832,2832,2834,0.613991815574095,0,0.00769745486788137,0.0541111564611943,0,0,0,2098,non-mge
3411,2005181,2006002,822,nicotinate phosphoribosyltransferase,PANCAC_01975,contig_1,-,2836,2832,2835.74817518248,0.858341787735011,2836,2836,2836,0.691356571659194,0,0.00757982140553304,0.0611439608263635,0,0,0,9141,non-mge
3412,2005995,2007464,1470,nicotinate phosphoribosyltransferase,PANCAC_01976,contig_1,-,2836,2832,2835.87959183673,0.577362701404827,2836,2836,2836,0.693147180559945,0,0.0102755940740124,0.0710506662076229,0,0,0,22534,non-mge
3413,2007465,2007647,183,non-cds,non-cds,contig_1,.,2836,2832,2833.15300546448,1.2789845022958,2833,2832,2834,0.671927231880321,0,0.00657923327404277,0.0532309407209999,0,0,0,1450,non-mge
3414,2007648,2008724,1077,Nitric oxide synthase oxygenase,PANCAC_01977,contig_1,+,2836,2824,2834.88765088208,2.26854311795112,2836,2834,2836,0.689844560321456,0,0.00553313723392749,0.0478917626068668,0,0,0,6943,non-mge
3415,2008725,2008743,19,non-cds,non-cds,contig_1,.,2834,2834,2834,0,2834,2834,2834,0.300121296345945,0,0.0161026031298828,0.0687912208877675,0,0,0,254,non-mge
3416,2008744,2009538,795,prephenate dehydratase,PANCAC_01978,contig_1,+,2836,2827,2834.14591194969,2.81303958469904,2835,2834,2836,0.614322657046358,0,0.00836152189037246,0.0550107415244062,0,0,0,6445,non-mge
3417,2009539,2009727,189,non-cds,non-cds,contig_1,.,2836,2836,2836,0,2836,2836,2836,0.68265015712897,0,0.010288867596463,0.0728110551344943,0,0,0,2647,non-mge
3418,2009728,2011290,1563,Sodium-dependent dicarboxylate transporter SdcS,PANCAC_01979,contig_1,-,2836,2826,2835.89443378119,0.479797741942458,2836,2836,2836,0.698374931664206,0,0.0098152082518663,0.0679841731343318,0,0,0,22440,non-mge
3419,2011291,2011494,204,non-cds,non-cds,contig_1,.,2836,2833,2835.38725490196,0.937470821207917,2836,2835,2836,0.534507452986269,0,0.00600851563475125,0.0458833022314324,0,0,0,1121,non-mge
3420,2011495,2012592,1098,Cell wall surface anchor family protein,PANCAC_01980,contig_1,-,2836,2832,2835.58925318761,0.630255976424948,2836,2835,2836,0.685101432461432,0,0.0116852246432654,0.0773753255885503,0,0,0,20236,non-mge
3421,2012593,2012963,371,non-cds,non-cds,contig_1,.,2835,2821,2831.25876010782,3.25790474436827,2832,2829,2834,0.686906809619289,0,0.00601260911148456,0.0467965203068985,0,0,0,2717,non-mge
3422,2012964,2013524,561,Nicotinamidase,PANCAC_01981,contig_1,+,2836,2831,2835.76292335116,0.685915454109246,2836,2836,2836,0.625088754525958,0,0.00562691771446719,0.0491583751426696,0,0,0,3436,non-mge
3423,2013525,2013576,52,non-cds,non-cds,contig_1,.,2836,2836,2836,0,2836,2836,2836,0.693031755746422,0,0.0185584951560619,0.102552973189818,0,0,0,1598,non-mge
3424,2013577,2014506,930,manganese-dependent inorganic pyrophosphatase,PANCAC_01982,contig_1,+,2836,2830,2835.83655913979,0.690670560148526,2836,2836,2836,0.686079657738187,0,0.00613014153092299,0.0541688912031867,0,0,0,10876,non-mge
3425,2014507,2014925,419,non-cds,non-cds,contig_1,.,2836,2830,2835.24343675418,1.54607811524984,2836,2835,2836,0.689756189880478,0,0.0131871812637064,0.0736458409446654,0,0,0,6032,non-mge
3426,2014926,2016305,1380,4%2C4'-diaponeurosporen-aldehyde dehydrogenase,PANCAC_01983,contig_1,+,2836,2831,2835.77173913043,0.729119700329761,2836,2836,2836,1.02952639477372,0,0.00889528777326038,0.0650280515357376,0,0,0,21046,non-mge
3427,2016306,2016424,119,non-cds,non-cds,contig_1,.,2836,2835,2835.63865546218,0.482421372129913,2836,2835,2836,0.598484747224499,0,0.0138240157859175,0.0717252149775728,0,0,0,1633,non-mge
3428,2016425,2017453,1029,Uncharacterized protein SAOUHSC_02143,PANCAC_01984,contig_1,-,2836,2833,2835.81146744412,0.64932221782986,2836,2836,2836,0.69304693397559,0,0.00893814399745427,0.0600326504146943,0,0,0,10526,non-mge
3429,2017454,2017722,269,non-cds,non-cds,contig_1,.,2836,2654,2733.65055762082,80.7786073446345,2656,2656,2836,0.636948533092403,0,0.0137727781731761,0.0669171630470679,0,0,0,3278,non-mge
3430,2017723,2018124,402,YolD-like family protein,PANCAC_01985,contig_1,+,2831,2786,2820.67164179104,17.9343953188395,2831,2826,2831,0.242445384466158,0,0.000940325334383301,0.012214237381871,0,0,0,235,non-mge
3431,2018125,2018696,572,non-cds,non-cds,contig_1,.,2830,2598,2686.12762237762,41.799447862651,2684,2678,2697,0.0031687489517512,0,5.53977089466993e-06,0.000132492049631014,0,0,0,1,non-mge
3432,2018697,2018870,174,Phage protein,PANCAC_01987,contig_1,-,2810,2807,2808.18965517241,0.770636623358966,2808,2808,2809,0.692510855356106,0,0.00529664511676351,0.0542842414740497,0,0,0,1611,non-mge
3433,2018871,2019248,378,non-cds,non-cds,contig_1,.,2829,2795,2820.77248677249,9.51453360747279,2822,2818,2829,0.657546023469284,0,0.0079062108502858,0.0623902128274483,0,0,0,8709,non-mge
3434,2019249,2020361,1113,Peptidase C45 hydrolase domain-containing protein,PANCAC_01988,contig_1,+,2829,2826,2828.78167115903,0.593691423952111,2829,2829,2829,0.690784455785115,0,0.00935406147530321,0.0679840100863407,0,0,0,17477,non-mge
3435,2020362,2020417,56,non-cds,non-cds,contig_1,.,2829,2828,2828.98214285714,0.133630620956212,2829,2829,2829,0.0455279311956063,0,0.00131336885287408,0.0065930806936116,0,0,0,33,non-mge
3436,2020418,2021260,843,DUF4097 domain-containing protein,PANCAC_01989,contig_1,-,2829,2822,2827.78054567023,1.49440800447472,2828,2827,2829,0.691569103302357,0,0.00651398591596331,0.0530477077632862,0,0,0,6687,non-mge
3437,2021257,2021814,558,DUF1700 domain-containing protein,PANCAC_01990,contig_1,-,2829,2820,2827.13440860215,2.51634490092131,2828,2826,2829,0.689394113710808,0,0.00593472812199915,0.0483452135285691,0,0,0,4595,non-mge
3438,2021815,2021873,59,non-cds,non-cds,contig_1,.,2829,2829,2829,0,2829,2829,2829,0.480945581138138,0,0.0122884552718796,0.0668651961637006,0,0,0,684,non-mge
3439,2021874,2022398,525,Lipoprotein,PANCAC_01991,contig_1,-,2829,2828,2828.90857142857,0.288492490579992,2829,2829,2829,0.860914339966177,0,0.00796429195127472,0.0602247504227541,0,0,0,4405,non-mge
3440,2022399,2022518,120,non-cds,non-cds,contig_1,.,2829,2828,2828.43333333333,0.497613351528119,2828,2828,2829,0.36810565111232,0,0.00359425011552115,0.0336484610986019,0,0,0,365,non-mge
3441,2022519,2023082,564,Thioredoxin family protein,PANCAC_01992,contig_1,+,2829,2828,2828.99822695035,0.0421075960533259,2829,2829,2829,0.621857524186039,0,0.00593751605450226,0.0540478280208897,0,0,0,4061,non-mge
3442,2023083,2023147,65,non-cds,non-cds,contig_1,.,2829,2828,2828.26153846154,0.44289258986107,2828,2828,2829,0.0194301347662341,0,0.000745212746461032,0.00333076079211749,0,0,0,19,non-mge
3443,2023148,2023888,741,phenol-soluble modulin export ABC transporter permease subunit PmtD,PANCAC_01993,contig_1,-,2829,2824,2828.22537112011,1.09997728658489,2829,2828,2829,0.621108863190678,0,0.00922197787760557,0.0618881757364817,0,0,0,7289,non-mge
3444,2023888,2024760,873,phenol-soluble modulin export ABC transporter ATP-binding protein PmtC,PANCAC_01994,contig_1,-,2829,2827,2828.75028636884,0.463782845726946,2829,2829,2829,0.691134845134193,0,0.00716479338662653,0.054713005796151,0,0,0,6952,non-mge
3445,2024757,2025437,681,phenol-soluble modulin export ABC transporter permease subunit PmtB,PANCAC_01995,contig_1,-,2829,2814,2825.02790014684,3.10655613586956,2826,2823,2827,0.683225355783323,0,0.00957932892945989,0.0669779458813154,0,0,0,9376,non-mge
3446,2025438,2026334,897,phenol-soluble modulin export ABC transporter ATP-binding protein PmtA,PANCAC_01996,contig_1,-,2829,2827,2828.90078037904,0.317231068849127,2829,2829,2829,0.671296427905288,0,0.00732825916670807,0.053525184685397,0,0,0,9210,non-mge
3447,2026331,2026711,381,PSM export ABC transporter transcriptional regulator PmtR,PANCAC_01997,contig_1,-,2829,2827,2828.98162729659,0.184043695298837,2829,2829,2829,0.621857524186039,0,0.00434823541476302,0.0369172235874344,0,0,0,1518,non-mge
3448,2026712,2026969,258,non-cds,non-cds,contig_1,.,2829,2694,2773.41472868217,65.4596624546825,2825,2695,2829,0.759528525132759,0,0.0116621160777765,0.0832430343904038,0,0,0,4072,non-mge
3449,2026970,2027146,177,SE1626 family protein,PANCAC_01998,contig_1,-,2829,2829,2829,0,2829,2829,2829,0.190742479346046,0,0.00353156583426597,0.0220523274949594,0,0,0,392,non-mge
3450,2027147,2027686,540,non-cds,non-cds,contig_1,.,2829,2821,2826.47592592593,2.54265541190071,2827,2825,2828,0.659224570851775,0,0.00529416948623831,0.0448856476620093,0,0,0,2974,non-mge
3451,2027687,2028973,1287,Aminotransferase class I/classII large domain-containing protein,PANCAC_01999,contig_1,+,2829,2826,2828.45998445998,0.722709391425803,2829,2828,2829,0.732692912322156,0,0.0107032702381389,0.0712463049208881,0,0,0,17252,non-mge
3452,2028974,2029296,323,non-cds,non-cds,contig_1,.,2827,1737,2380.39628482972,468.163138722181,2361,1761,2820,0.65261026905224,0,0.00716957352426098,0.053955214130842,0,0,0,2420,93
3453,2029297,2029587,291,MAP domain-containing protein,PANCAC_02000,contig_1,-,1761,1727,1757.75945017182,6.62158474417059,1759,1759,1761,0.457890670937981,0,0.00758219768756365,0.0464807884359479,0,0,0,1140,93
3454,2029588,2029597,10,non-cds,non-cds,contig_1,.,1727,1718,1723,2.58198889747161,1723.5,1721.25,1724.75,0,0,0,0,0,0,0,0,93
3455,2029598,2031352,1755,65 kDa membrane protein,PANCAC_02001,contig_1,-,2807,1628,2615.1037037037,346.029987236992,2782,2671,2795,0.658877602077999,0,0.004657198458594,0.0436285355608207,0,0,0,8304,93;94
3456,2031353,2031737,385,non-cds,non-cds,contig_1,.,2822,2655,2757.0987012987,55.2280369560363,2789,2700,2806,0.652514857591515,0,0.00888193527506165,0.062503021303327,0,0,0,3711,non-mge
3457,2031738,2031938,201,Beta-hemolysin,PANCAC_02002,contig_1,+,2822,2578,2803.87562189055,60.9758923898316,2821,2820,2822,0.531361224190275,0,0.00481173362770988,0.0456332133003268,0,0,0,999,non-mge
3458,2031939,2032414,476,non-cds,non-cds,contig_1,.,2601,2581,2596.10084033613,3.93236494099805,2596,2595,2599,0.494975517466898,0,0.00293529934504479,0.0331157624548085,0,0,0,3572,non-mge
3459,2032415,2032489,75,Phage protein,PANCAC_02003,contig_1,+,2597,2596,2596.94666666667,0.226210457696304,2597,2597,2597,0.00341353407129504,0,9.10275752345343e-05,0.000553648564656308,0,0,0,2,non-mge
3460,2032490,2033112,623,non-cds,non-cds,contig_1,.,2597,2496,2587.57142857143,17.8253663067204,2590,2588,2594,0.68067569417216,0,0.00630601577835845,0.057939071592815,0,0,0,7218,non-mge
3461,2033113,2033463,351,complement inhibitor SCIN-A,PANCAC_02004,contig_1,-,2601,2582,2596.93732193732,3.50698123446895,2598,2596,2598,0.626402923773256,0,0.00340495321426338,0.0406207961750773,0,0,0,2219,non-mge
3462,2033464,2034145,682,non-cds,non-cds,contig_1,.,2592,1742,2344.21554252199,318.099808206916,2574,1965,2588,0.600165255939145,0,0.0033819339642679,0.0317187000626711,0,0,0,1696,95
3463,2034146,2034595,450,chemotaxis-inhibiting protein CHIPS,PANCAC_02006,contig_1,+,1988,1972,1983.42,4.00712616891835,1985,1981,1986,0.541118850892067,0,0.0044125142015789,0.0391367659998231,0,0,0,4311,96
3464,2034596,2034689,94,non-cds,non-cds,contig_1,.,1981,1974,1977.46808510638,2.17365520239885,1978,1975,1979,0.399540882169975,0,0.00802610817725393,0.054825336215982,0,0,0,496,96
3465,2034690,2034986,297,Peptidoglycan hydrolase%2C putative,PANCAC_02007,contig_1,-,2643,2485,2567.76767676768,72.5148393410061,2633,2491,2637,0.0408780508258543,0,0.000298689470775404,0.00330932072834988,0,0,0,37,non-mge
3466,2034987,2035674,688,non-cds,non-cds,contig_1,.,2486,1781,1913.12354651163,160.862126444452,1931,1792,1940,0.677396685309572,0,0.00351116530303304,0.0320915530397529,0,0,0,1445,97
3467,2035675,2036166,492,staphylokinase,PANCAC_02009,contig_1,-,1798,1794,1795.97967479675,1.12533927716584,1796,1795,1797,0.693147180559945,0,0.00594334198291185,0.0515843858693916,0,0,0,2505,97
3468,2036167,2036356,190,non-cds,non-cds,contig_1,.,1873,1538,1712.33684210526,93.5102756457845,1746.5,1631.75,1786,0.678232407997237,0,0.00841229837067641,0.0596236848745784,0,0,0,1067,97
3469,2036357,2037112,756,Autolysin,PANCAC_02010,contig_1,-,1884,1868,1880.12830687831,3.45961645326678,1881,1880,1882,0.687639000333033,0,0.00304469322142368,0.0310632482537606,0,0,0,1514,97
3470,2037113,2037123,11,non-cds,non-cds,contig_1,.,1880,1879,1879.45454545455,0.522232967867094,1879,1879,1880,0.0515997327064034,0,0.0060748213081337,0.0157744836249008,0,0,0,21,97
3471,2037124,2037378,255,phage holin,PANCAC_02011,contig_1,-,1880,1872,1878.2862745098,1.98825484431008,1879,1878,1879,0.622169984566372,0,0.00611971597190227,0.0549102497128787,0,0,0,1252,97
3472,2037379,2037915,537,non-cds,non-cds,contig_1,.,2459,1713,2081.50837988827,198.924806784557,2049,2045,2100,0.529814232006792,0,0.00499516963939478,0.0404504137296229,0,0,0,1831,97;98
3473,2037916,2038146,231,DUF2951 domain-containing protein,PANCAC_02013,contig_1,-,1719,1710,1714.01731601732,2.23210831894981,1714,1712,1716,0.648748717825077,0,0.0085877539010252,0.0675434643686396,0,0,0,1563,98
3474,2038147,2038269,123,non-cds,non-cds,contig_1,.,1730,1718,1723.29268292683,4.0382022199405,1721,1720.5,1728,0.558785506770608,0,0.00498563529259151,0.050455392623728,0,0,0,438,98
3475,2038270,2038557,288,Phage protein,PANCAC_02014,contig_1,-,2027,1730,1976.77777777778,106.432550131286,2023,2018,2024,0.514338589158689,0,0.00327601813450071,0.0328587550757169,0,0,0,600,98
3476,2038558,2038603,46,non-cds,non-cds,contig_1,.,2017,2013,2015.47826086957,1.18769862310422,2016,2015,2016,0.64585982394618,0,0.0290966689764453,0.120639006610459,0,0,0,1188,non-mge
3477,2038604,2038756,153,Phage protein,PANCAC_02015,contig_1,-,2022,2013,2019.35947712418,2.53037957181008,2020,2019,2021,0.267022299383695,0,0.00260753650157112,0.0218502667199292,0,0,0,189,non-mge
3478,2038746,2042531,3786,Peptidase S74 domain-containing protein,PANCAC_02016,contig_1,-,2475,1673,2280.08584257792,250.426551352887,2467,2023.5,2471,0.693147180559945,0,0.00526806828088694,0.0470996659123494,0,0,0,22555,99
3479,2042532,2042546,15,non-cds,non-cds,contig_1,.,2471,2471,2471,0,2471,2471,2471,0,0,0,0,0,0,0,0,non-mge
3480,2042547,2044037,1491,Siphovirus-type tail component C-terminal domain-containing protein,PANCAC_02017,contig_1,-,2473,539,2004.38162307176,826.100643013243,2470,2466,2471,0.941989297414265,0,0.0038805447671053,0.0418494910830226,0,0,0,4992,100
3481,2044037,2048689,4653,lysostaphin,PANCAC_02018,contig_1,-,2328,537,1075.45175155813,793.778119781151,543,541,2317,0.689061559793311,0,0.00811349745330543,0.059121286820307,0,0,0,16989,100;101
3482,2048690,2048926,237,non-cds,non-cds,contig_1,.,541,540,540.345991561181,0.476697199768855,540,540,541,0.679928929728315,0,0.00558102470925345,0.0513533550302433,0,0,0,296,101
3483,2048927,2049373,447,phage tail assembly chaperone G,PANCAC_02019,contig_1,-,541,537,539.219239373602,1.08238499051119,539,538,540,0.521166098506984,0,0.0103585830464058,0.0687177318951656,0,0,0,950,101
3484,2049374,2049437,64,non-cds,non-cds,contig_1,.,539,538,538.859375,0.350382444113368,539,539,539,0.0344973513523298,0,0.00138589084351454,0.00534751697774746,0,0,0,7,101
3485,2049438,2050391,954,BIG2 domain-containing protein,PANCAC_02020,contig_1,-,541,537,539.197064989518,0.919048610435139,539,539,540,0.621095370963271,0,0.00305824870828116,0.0358031716188042,0,0,0,578,101
3486,2050392,2050772,381,Phage protein,PANCAC_02021,contig_1,-,540,535,536.892388451444,1.39603567149153,536,536,537,0.497615097996185,0,0.00522706919851133,0.0401261204449732,0,0,0,326,101
3487,2050769,2051146,378,HK97-gp10 family putative phage morphogenesis protein,PANCAC_02022,contig_1,-,538,536,536.902116402116,0.693620622038059,537,536,537,0.693147180559945,0,0.00883244540999495,0.0682172209136707,0,0,0,858,101
3488,2051146,2051481,336,Phage head-tail adaptor%2C putative,PANCAC_02023,contig_1,-,538,536,536.642857142857,0.680524067463149,537,536,537,0.495504325644137,0,0.00313182595898656,0.0381985175757306,0,0,0,215,101
3489,2051468,2051800,333,head-tail connector protein,PANCAC_02024,contig_1,-,541,388,470.594594594595,73.772122887117,536,390,537,0.58652652502476,0,0.00409691177742034,0.0378683176137547,0,0,0,859,101
3490,2051801,2051808,8,non-cds,non-cds,contig_1,.,391,390,390.125,0.353553390593274,390,390,390,0.0178979251767236,0,0.00223724064709045,0.00632787213081535,0,0,0,1,101
3491,2051809,2051967,159,Bacteriophage,PANCAC_02025,contig_1,-,391,388,389.547169811321,0.8692941499187,389,389,390,0.585833490034096,0,0.00444256936726914,0.0467771226500336,0,0,0,114,101
3492,2051968,2052002,35,non-cds,non-cds,contig_1,.,389,388,388.085714285714,0.284028640998691,388,388,388,0.0179770842095629,0,0.000513630977416082,0.00303868184146498,0,0,0,1,101
3493,2052003,2053250,1248,phage major capsid protein,PANCAC_02026,contig_1,-,399,387,392.294871794872,4.08348004597498,394,388,396,0.864298956845637,0,0.00393836757447356,0.0450021416065548,0,0,0,747,101
3494,2053251,2053337,87,non-cds,non-cds,contig_1,.,396,396,396,0,396,396,396,0.0990300457114383,0,0.0011382763874878,0.0106171353332793,0,0,0,8,101
3495,2053338,2053922,585,HK97 family phage prohead protease,PANCAC_02027,contig_1,-,401,395,397.107692307692,1.25663675442054,397,397,397,0.639983509789031,0,0.00498014287984625,0.0497240420998062,0,0,0,486,101
3496,2053915,2055165,1251,phage portal protein,PANCAC_02028,contig_1,-,401,392,395.302158273381,2.46150915865237,395,393,396,0.588422476565054,0,0.00640604098828853,0.0544744847733872,0,0,0,1567,101
3497,2055166,2055170,5,non-cds,non-cds,contig_1,.,394,393,393.2,0.447213595499958,393,393,393,0,0,0,0,0,0,0,0,101
3498,2055171,2055410,240,DUF1056 domain-containing protein,PANCAC_02029,contig_1,-,543,393,469.375,73.711249659464,540,394,541,0.603109348320303,0,0.0099820431735228,0.0710235779054274,0,0,0,580,101
3499,2055385,2057079,1695,Terminase large subunit,PANCAC_02030,contig_1,-,545,540,541.688495575221,1.13533087192009,542,541,542,0.600604087559466,0,0.00417467815914743,0.0420316805422162,0,0,0,1400,101
3500,2057080,2057081,2,non-cds,non-cds,contig_1,.,542,542,542,0,542,542,542,0,0,0,0,0,0,0,0,101
3501,2057082,2057549,468,phage terminase small subunit P27 family,PANCAC_02031,contig_1,-,547,540,543.519230769231,2.52814009513631,543,541,546,0.596299499753149,0,0.0039250779809564,0.041300216310129,0,0,0,374,101
3502,2057550,2057678,129,non-cds,non-cds,contig_1,.,546,395,444.503875968992,70.7989146314016,395,395,546,0.691545126391826,0,0.00680430910521003,0.0616225822389432,0,0,0,197,101
3503,2057679,2058032,354,Putative HNH nuclease YajD,PANCAC_02032,contig_1,-,543,393,507.025423728814,62.3548006558766,541,540,542,0.316163561799879,0,0.00424216823792003,0.0327650557895856,0,0,0,223,101
3504,2058033,2058038,6,non-cds,non-cds,contig_1,.,543,542,542.333333333333,0.516397779494322,542,542,542.75,0.303944713325524,0,0.0506574522209206,0.124084909610674,0,0,0,49,101
3505,2058039,2058491,453,Nucleoside triphosphate pyrophosphohydrolase family protein,PANCAC_02033,contig_1,-,579,538,541.381898454746,6.85612760736167,540,540,541,0.624639457887375,0,0.00709708844960119,0.0585378369873265,0,0,0,1162,101
3506,2058492,2058605,114,non-cds,non-cds,contig_1,.,579,574,578,1.17495998802143,578,578,579,0.693147180559945,0,0.0121160058017714,0.0889753439836777,0,0,0,659,101
3507,2058606,2059076,471,Phage protein,PANCAC_02034,contig_1,-,2465,557,584.853503184713,123.069612646057,579,576,581,0.678734744567119,0,0.00922873875120273,0.0674277173464024,0,0,0,1114,101
3508,2059077,2059098,22,non-cds,non-cds,contig_1,.,2467,2465,2466.90909090909,0.426401432711221,2467,2467,2467,0.00938094439792441,0,0.000426406563542019,0.00200002406572964,0,0,0,3,non-mge
3509,2059099,2059299,201,Phage protein,PANCAC_02035,contig_1,-,2467,2458,2463.76616915423,3.31361581225763,2466,2460,2467,0.691480818037419,0,0.0123039403918494,0.0699125971583703,0,0,0,2623,non-mge
3510,2059299,2059448,150,transcriptional activator RinB,PANCAC_02036,contig_1,-,2459,1853,2069.92,74.6689804691031,2068,2043,2072,0.390199737361637,0,0.00494483694049281,0.0347074449530622,0,0,0,410,102
3511,2059445,2059651,207,DUF1381 domain-containing protein,PANCAC_02037,contig_1,-,1983,803,914.338164251208,186.911488430469,912,804,919,0.420450611286312,0,0.00828813633465706,0.0496679143161819,0,0,0,463,102
3512,2059652,2059667,16,non-cds,non-cds,contig_1,.,912,172,430.0625,284.25,220,220,565.25,0.189006748047059,0,0.0118129217529412,0.0472516870117646,0,0,0,8,102
3513,2059668,2059841,174,hypothetical protein,PANCAC_02038,contig_1,-,2015,171,218.798850574713,284.703902161852,171,171,171,0.691927358168121,0,0.0136749272474329,0.078188199656473,0,0,0,173,102
3514,2059842,2059877,36,non-cds,non-cds,contig_1,.,2072,2016,2063.77777777778,12.5632368693311,2066.5,2063,2070,0.639398517475566,0,0.0177610699298768,0.106566419579261,0,0,0,695,non-mge
3515,2059878,2060414,537,dUTPase,PANCAC_02039,contig_1,-,2072,1136,1405.33705772812,323.242065365763,1283,1179,1410,0.685276895601778,0,0.00946752937206363,0.0652803574290122,0,0,0,4191,103
3516,2060407,2060577,171,Phage protein,PANCAC_02040,contig_1,-,1794,614,707.076023391813,219.457057459539,632,615,634,0.108616435962804,0,0.0014316633679352,0.0111375072131604,0,0,0,35,103
3517,2060564,2060818,255,Phi PVL/orf 52-like protein,PANCAC_02041,contig_1,-,1920,634,1839.72549019608,244.818627902707,1874,1863,1918,0.0848735926616759,0,0.000588455844138701,0.0057651791101806,0,0,0,50,103
3518,2060811,2061200,390,Acetyltransferase family protein,PANCAC_02042,contig_1,-,1917,547,713.023076923077,273.148597430823,555,549,908,0.692003645375922,0,0.00439417382968152,0.0491859667759428,0,0,0,542,103
3519,2061197,2061541,345,YopX protein domain-containing protein,PANCAC_02043,contig_1,-,748,526,596.785507246377,56.575739714415,610,530,611,0.0553225872191584,0,0.00035598347508547,0.00425411737716837,0,0,0,13,103
3520,2061542,2061607,66,non-cds,non-cds,contig_1,.,1056,298,569.227272727273,289.705569127031,370,298,893,0.0225321439208078,0,0.000341396120012239,0.00277351519017314,0,0,0,1,103
3521,2061608,2061856,249,Phage family protein,PANCAC_02044,contig_1,-,1063,618,1020.44176706827,111.680517217181,1055,1050,1060,0.202859226086785,0,0.00106943854701444,0.0130474358893027,0,0,0,63,103
3522,2061857,2062228,372,Phi PVL orf 50-like protein,PANCAC_02045,contig_1,-,2385,917,1981.25806451613,488.851873523521,2196,2194,2207,0.536767877023325,0,0.00307572408862699,0.0306246249295409,0,0,0,769,103
3523,2062229,2062414,186,DUF3113 domain-containing protein,PANCAC_02046,contig_1,-,2385,1006,1150.52150537634,416.789495211675,1011,1009,1012,0.00784560883689497,0,4.21806926714783e-05,0.000575267950758341,0,0,0,1,104
3524,2062415,2062418,4,non-cds,non-cds,contig_1,.,1013,1013,1013,0,1013,1013,1013,0.0258159808325992,0,0.0064539952081498,0.0129079904162996,0,0,0.0064539952081498,4,104
3525,2062419,2062823,405,Phi ETA orf 25-like protein,PANCAC_02047,contig_1,-,1039,817,898.604938271605,99.8702225975877,824,821,1030,0.0307062401058118,0,0.000164480338281592,0.00176346325310493,0,0,0,9,104
3526,2062824,2062833,10,non-cds,non-cds,contig_1,.,1349,1347,1348.2,0.632455532033676,1348,1348,1348.75,0,0,0,0,0,0,0,0,104
3527,2062834,2063055,222,Phi ETA-like protein,PANCAC_02048,contig_1,-,1349,1344,1347.14414414414,1.70358603328203,1347,1346,1349,0.0611959900565802,0,0.000477226757705002,0.00467431727994373,0,0,0,24,104
3528,2063056,2063067,12,non-cds,non-cds,contig_1,.,1346,1345,1345.16666666667,0.389249472080761,1345,1345,1345,0,0,0,0,0,0,0,0,104
3529,2063068,2063226,159,Phage protein,PANCAC_02049,contig_1,-,1383,746,812.836477987421,152.214907793572,748,748,748.5,0.399608938980748,0,0.0110895772808013,0.0525136088872192,0,0,0,413,104
3530,2063220,2063999,780,Phage DnaC-like protein,PANCAC_02050,contig_1,-,1104,745,891.660256410256,85.0526754244292,944,782,946,0.68391218368357,0,0.0106135059295707,0.0602372121124354,0,0,0,2343,104
3531,2064000,2064008,9,non-cds,non-cds,contig_1,.,782,782,782,0,782,782,782,0.251450316162562,0,0.050808309354151,0.10146280996078,0,0,0,95,104
3532,2064009,2064779,771,Phage conserved hypothetical protein C-terminal domain-containing protein,PANCAC_02051,contig_1,-,782,286,452.470817120623,170.694159903541,463,289,609,0.631775309590746,0,0.005299924929051,0.042748724165753,0,0,0,664,104
3533,2064780,2064844,65,non-cds,non-cds,contig_1,.,316,281,309.569230769231,11.4945221067054,316,312,316,0.227907758886946,0,0.00600263852610467,0.0344441148592481,0,0,0,31,104
3534,2064845,2065126,282,SinR family protein,PANCAC_02052,contig_1,+,281,270,270.468085106383,1.49282121546528,270,270,271,0.0610498054799124,0,0.000389763371590613,0.00416648964407015,0,0,0,5,104
3535,2065119,2065268,150,Phage protein,PANCAC_02053,contig_1,-,845,267,384.133333333333,137.757284203887,273,271,529,0.0861796327122752,0,0.00167139997569245,0.00914415270704633,0,0,0,17,104
3536,2065265,2065936,672,Phage protein,PANCAC_02054,contig_1,-,1132,559,890.997023809524,171.131467377416,765,762,1125,0.116584845042084,0,0.000357341386844736,0.00496220852880022,0,0,0,49,104
3537,2065937,2065948,12,non-cds,non-cds,contig_1,.,759,702,744.916666666667,25.4788979829239,759,745,759,0,0,0,0,0,0,0,0,104
3538,2065949,2066500,552,Single-stranded DNA-binding protein,PANCAC_02055,contig_1,-,703,410,438.010869565217,72.7612251745231,412,411,415,0.689858481763485,0,0.00361226246241987,0.0337263476608888,0,0,0,304,104
3539,2066501,2066530,30,non-cds,non-cds,contig_1,.,620,619,619.933333333333,0.253708131702462,620,620,620,0,0,0,0,0,0,0,0,104
3540,2066531,2067310,780,ATP-binding protein,PANCAC_02056,contig_1,-,620,277,307.225641025641,65.3329213532802,279,278,279,0,0,0,0,0,0,0,0,104
3541,2067303,2067524,222,DUF2483 domain-containing protein,PANCAC_02057,contig_1,-,464,213,261.468468468468,77.816214599898,213,213,370,0.592840582289685,0,0.00488058367279313,0.0451717592237704,0,0,0,269,104
3542,2067525,2067533,9,non-cds,non-cds,contig_1,.,783,218,301.777777777778,183.017606924701,218,218,281,0.667807486071292,0,0.0742008317856991,0.222602495357097,0,0,0,136,104
3543,2067534,2067794,261,DUF1108 domain-containing protein,PANCAC_02058,contig_1,-,2071,707,822.7969348659,307.308378302942,741,708,782,0.682190905846498,0,0.00376412364116373,0.0439304247553263,0,0,0,349,104
3544,2067795,2067886,92,non-cds,non-cds,contig_1,.,2307,2069,2136.60869565217,94.6700408093892,2071,2069,2235.25,0.141937676070119,0,0.00203493033958901,0.0152879513126549,0,0,0,89,non-mge
3545,2067887,2068048,162,Phage protein,PANCAC_02059,contig_1,-,2338,2307,2322.32716049383,11.197177021624,2320,2312,2332,0.247297604584889,0,0.00473281757364559,0.0289881832190608,0,0,0,429,non-mge
3546,2068045,2068365,321,DUF771 domain-containing protein,PANCAC_02060,contig_1,-,2338,2283,2300.93146417445,8.5609017143052,2302,2301,2303,0.624066067889993,0,0.00587441884665804,0.045428964612037,0,0,0,1475,non-mge
3547,2068366,2068423,58,non-cds,non-cds,contig_1,.,2296,1034,1908.20689655172,457.055095094238,2283,1412,2296,0.113582551997843,0,0.00195831986203177,0.0149141197379407,0,0,0,34,105
3548,2068424,2069056,633,Phage protein,PANCAC_02061,contig_1,+,1046,1035,1039.61295418641,3.34753210052376,1040,1036,1042,0.157368721231899,0,0.000930961390701899,0.0103001783497277,0,0,0,126,105
3549,2069057,2069070,14,non-cds,non-cds,contig_1,.,1043,1042,1042.35714285714,0.497245158098847,1042,1042,1043,0.156676569178272,0,0.0111911835127337,0.0418735744571629,0,0,0,38,105
3550,2069071,2069211,141,Phage protein,PANCAC_02062,contig_1,-,1051,1043,1047.56028368794,2.12256177539663,1047,1047,1049,0.0402085409007607,0,0.000424557185006265,0.00375841177337149,0,0,0,10,105
3551,2069212,2069241,30,non-cds,non-cds,contig_1,.,1636,1003,1171.16666666667,261.065995531759,1045,1018,1045,0.0303592807589009,0,0.00126581816093693,0.00566784428564971,0,0,0,6,105
3552,2069242,2069439,198,Phage protein,PANCAC_02063,contig_1,-,1974,1474,1650.44444444444,216.088613249486,1476,1475,1960,0.684222847494631,0,0.00697797038088123,0.0665784923173498,0,0,0,1939,105
3553,2069440,2069454,15,non-cds,non-cds,contig_1,.,2283,1936,2126.86666666667,158.373368372097,2176,1946,2282.5,0.011481464111321,0,0.00106047642831999,0.00310001760656356,0,0,0,4,105
3554,2069455,2069616,162,phage antirepressor KilAC domain-containing protein,PANCAC_02064,contig_1,-,2284,2183,2201.74074074074,28.9395505241713,2187,2187,2201,0.356510591596021,0,0.00486470466092428,0.036685144412912,0,0,0,2183,non-mge
3555,2069617,2069847,231,non-cds,non-cds,contig_1,.,2197,2184,2189.0303030303,4.19667978432012,2188,2185,2193,0.414244987660414,0,0.00505408289592707,0.0321645007939718,0,0,0,640,non-mge
3556,2069848,2070204,357,Antirepressor,PANCAC_02065,contig_1,-,2197,740,990.96918767507,477.442868695469,743,743,996,0.545979897892153,0,0.0056046593755781,0.0453422281723964,0,0,0,917,106
3557,2070205,2070260,56,non-cds,non-cds,contig_1,.,1005,875,943.696428571429,44.7323026023018,957,888,971.75,0.0162690199428168,0,0.000720489044726595,0.00319117284751189,0,0,0,5,106
3558,2070261,2070800,540,Phi PVL-like protein,PANCAC_02066,contig_1,+,875,576,634.657407407407,88.8498307883243,577,577,761,0.34409758328552,0,0.00287706526743165,0.0243637102969387,0,0,0,771,106
3559,2070801,2070823,23,non-cds,non-cds,contig_1,.,777,776,776.086956521739,0.28810406552003,776,776,776,0,0,0,0,0,0,0,0,106
3560,2070824,2071084,261,Phi PVL-like protein,PANCAC_02067,contig_1,-,828,767,782.180076628352,16.5544017384254,776,775,779,0.542297454354925,0,0.0039588577044127,0.0356635083211019,0,0,0,252,106
3561,2071085,2071101,17,non-cds,non-cds,contig_1,.,815,330,619.941176470588,174.340353399692,669,589,669,0.418363014997863,0,0.0246095891175214,0.101467935334591,0,0,0,97,106
3562,2071102,2071326,225,Repressor,PANCAC_02068,contig_1,-,330,322,326.4,3.44601218802256,328,322,329,0.296204320210113,0,0.00308183674120486,0.0253277706106188,0,0,0,57,106
3563,2071327,2071484,158,non-cds,non-cds,contig_1,.,322,320,320.613924050633,0.900988017793628,320,320,322,0.199024347118156,0,0.00627719808989176,0.027389217234999,0,0,0,67,106
3564,2071485,2072255,771,Repressor,PANCAC_02069,contig_1,+,1757,320,656.981841763943,387.880560920472,730,320,732,0.46502236190661,0,0.00171640322260558,0.0249595561655246,0,0,0,139,106
3565,2072256,2072692,437,non-cds,non-cds,contig_1,.,2492,651,2052.75972540046,549.241357039411,2246,1882,2485,0.0418480195131526,0,9.57620583825002e-05,0.00200186225495425,0,0,0,7,106;107
3566,2072693,2072818,126,Staphylokinase,PANCAC_02070,contig_1,+,971,965,968.460317460317,1.64754747986597,969,968,970,0,0,0,0,0,0,0,0,107
3567,2072815,2073429,615,ATPase,PANCAC_02071,contig_1,-,974,959,969.341463414634,3.99476299740276,970,968,973,0,0,0,0,0,0,0,0,107
3568,2073430,2073536,107,non-cds,non-cds,contig_1,.,2541,969,1700.08411214953,752.860408538791,1049,973,2536,0.227233091591381,0,0.00345207798101115,0.0231905905490869,0,0,0,198,107
3569,2073537,2074574,1038,Integrase,PANCAC_02072,contig_1,+,2365,2355,2361.9450867052,2.03865015332059,2362,2362,2363,0.683058729738757,0,0.00609048836872286,0.0524718968741464,0,0,0,7774,non-mge
3570,2074575,2074630,56,non-cds,non-cds,contig_1,.,2364,2359,2362.03571428571,1.27869657662204,2362,2362,2363,0.22969565114489,0,0.0113015701298843,0.0375034487289748,0,0,0,320,non-mge
3571,2074631,2075455,825,sphingomyelin phosphodiesterase,PANCAC_02073,contig_1,+,2827,2358,2819.29575757576,29.3089054020018,2824,2822,2824,0.621737082706251,0,0.0105517303346671,0.0640114996598946,0,0,0,11090,non-mge
3572,2075456,2075692,237,non-cds,non-cds,contig_1,.,2816,1457,2181.14767932489,540.169707447732,2385,1627,2815,0.63315444386948,0,0.00753671360086401,0.0655887635156276,0,0,0,1621,108
3573,2075693,2076709,1017,bi-component leukocidin LukGH subunit G,PANCAC_02074,contig_1,-,2390,2388,2389.46607669617,0.64986343660641,2390,2389,2390,0.691623381965235,0,0.00604749046604368,0.0519353519384225,0,0,0,6070,non-mge
3574,2076710,2076730,21,non-cds,non-cds,contig_1,.,2390,2390,2390,0,2390,2390,2390,0.0316009795121906,0,0.00202973953100924,0.00690149054620886,0,0,0,15,non-mge
3575,2076731,2077786,1056,bi-component leukocidin LukGH subunit H,PANCAC_02075,contig_1,-,2391,2389,2390.41856060606,0.754761323889257,2391,2390,2391,0.78090831093532,0,0.00634291534249433,0.0550740380677768,0,0,0,7679,non-mge
3576,2077787,2078220,434,non-cds,non-cds,contig_1,.,2824,1748,2216.67511520737,389.779078753363,2380,1753,2390,0.627697435315615,0,0.0063251352212919,0.0479911651778453,0,0,0,1974,109
3577,2078221,2079444,1224,putative succinyl-diaminopimelate desuccinylase,PANCAC_02076,contig_1,+,2825,2824,2824.99918300654,0.0285830975237515,2825,2825,2825,0.683239694135856,0,0.0084345076297295,0.0611031990128088,0,0,0,13673,non-mge
3578,2079445,2079815,371,non-cds,non-cds,contig_1,.,2825,1173,1951.60107816712,795.838777234551,1230,1174,2759,0.502673852038427,0,0.00409132119645843,0.0360548204822708,0,0,0,1279,110
3579,2079816,2080661,846,Class I SAM-dependent methyltransferase,PANCAC_02077,contig_1,-,1268,1174,1262.66784869976,14.8598846621084,1265,1264,1266,0.693147180559945,0,0.00357605049316381,0.0344717760966756,0,0,0,1391,110
3580,2080662,2080722,61,non-cds,non-cds,contig_1,.,1257,1254,1255.31147540984,1.10364522691182,1256,1254,1256,0.00647714104471656,0,0.000106182640077321,0.000829312930250806,0,0,0,1,110
3581,2080723,2081634,912,Fe/B12 periplasmic-binding domain-containing protein,PANCAC_02078,contig_1,-,1269,1244,1257.96271929825,5.35283427249359,1257,1255,1260,0.316657822356374,0,0.00220016584724595,0.021394806050819,0,0,0,634,110
3582,2081635,2081794,160,non-cds,non-cds,contig_1,.,2823,1229,2099.88125,771.669499201846,2821,1266.75,2822.25,0.692812810314375,0,0.0108543979934291,0.0811923577154121,0,0,0,2368,110
3583,2081795,2083102,1308,Na+-transporting ATP synthase,PANCAC_02079,contig_1,+,2824,2816,2821.90214067278,1.43980839234562,2822,2822,2823,0.689814955571068,0,0.0101728389901116,0.0692104806185737,0,0,0,20193,non-mge
3584,2083103,2083954,852,non-cds,non-cds,contig_1,.,2822,514,1561.87089201878,857.610160038807,1808,515,1813,0.685098852588043,0,0.0042133010705588,0.0457876448756359,0,0,0,4585,111
3585,2083955,2084398,444,N-acetyltransferase domain-containing protein,PANCAC_02080,contig_1,-,516,510,514.342342342342,1.43478548900774,515,514,515,0.0255174230720451,0,0.000152821168955111,0.00167183079424925,0,0,0,5,111
3586,2084399,2084503,105,non-cds,non-cds,contig_1,.,513,510,511.352380952381,0.990152983332844,511,511,512,0.250127912850803,0,0.00238217059857907,0.0244099848397563,0,0,0,35,111
3587,2084504,2084905,402,hypothetical protein,PANCAC_02081,contig_1,-,513,479,508.261194029851,8.72088310104024,511,510,511,0.250479688214591,0,0.00161281130406194,0.0145431438116193,0,0,0,71,111
3588,2084906,2085258,353,non-cds,non-cds,contig_1,.,514,500,510.793201133144,3.95999299913277,512,509,514,0.252255178067094,0,0.00278154918018792,0.0238212791829849,0,0,0,126,111
3589,2085259,2085849,591,Terminase small subunit,PANCAC_02082,contig_1,-,1147,514,1116.86632825719,119.900017952334,1143,1135,1146,0.482880335493085,0,0.00431825930426305,0.0360419348528366,0,0,0,873,111
3590,2085850,2086759,910,non-cds,non-cds,contig_1,.,2715,513,998.056043956044,664.251281317851,515,514,1120,0.188960667550692,0,0.00116241820234667,0.0109927850396774,0,0,0,132,111
3591,2086760,2088376,1617,chaperonin GroEL,PANCAC_02083,contig_1,-,2830,2715,2827.69202226345,12.2594333017759,2829,2829,2829,0.846576990494395,0,0.00927623431468923,0.0637855606158644,0,0,0,18023,non-mge
3592,2088377,2088451,75,non-cds,non-cds,contig_1,.,2830,2828,2829.28,0.923565359340081,2830,2828,2830,0.2995911583415,0,0.00561538231349406,0.0361973821951091,0,0,0,316,non-mge
3593,2088452,2088736,285,co-chaperone GroES,PANCAC_02084,contig_1,-,2830,2830,2830,0,2830,2830,2830,0.691657279268149,0,0.00949782552934767,0.0773821451210126,0,0,0,4303,non-mge
3594,2088737,2088910,174,non-cds,non-cds,contig_1,.,2830,2827,2829.19540229885,1.19090076618834,2830,2829,2830,0.235889226390618,0,0.00180596520751723,0.0179810606557421,0,0,0,208,non-mge
3595,2088911,2089654,744,intramembrane glutamic endopeptidase MroQ,PANCAC_02085,contig_1,+,2830,2817,2827.88575268817,2.76716203077608,2829,2827,2830,0.687324648560198,0,0.00777531311584864,0.0609356939920736,0,0,0,7960,non-mge
3596,2089655,2089678,24,non-cds,non-cds,contig_1,.,2830,2829,2829.79166666667,0.414851116999053,2830,2830,2830,0.6541983380689,0,0.0272582640862042,0.133537676570464,0,0,0,1809,non-mge
3597,2089679,2090938,1260,Membrane anchored protein,PANCAC_02086,contig_1,-,2833,581,2593.68253968254,555.109833221084,2828,2825,2830,0.754970507635332,0,0.00871164822328353,0.0569694483697952,0,0,0,11687,112
3598,2090939,2091134,196,non-cds,non-cds,contig_1,.,2832,2824,2826.77040816327,1.66513011326048,2826,2826,2828,0.661470307106915,0,0.00947634162293558,0.0589436662386257,0,0,0,1905,non-mge
3599,2091135,2091761,627,Nitroreductase domain-containing protein,PANCAC_02087,contig_1,+,2834,2828,2833.42743221691,1.1771575703694,2834,2833,2834,0.692652075667156,0,0.00784723887757493,0.0606599013985333,0,0,0,6420,non-mge
3600,2091762,2091930,169,non-cds,non-cds,contig_1,.,2834,2803,2821.73964497041,12.9753760333386,2832,2808,2833,0.620951817745064,0,0.00684873570828831,0.0611117191939694,0,0,0,1462,non-mge
3601,2091931,2091999,69,Nitrogen fixation protein NifR,PANCAC_02088,contig_1,-,2827,2808,2812.3768115942,4.4559987633175,2813,2808,2815,0.236265523422842,0,0.00380367147880203,0.0284408236014197,0,0,0,187,non-mge
3602,2092000,2092121,122,non-cds,non-cds,contig_1,.,2832,2827,2829.09016393443,1.15711309590077,2829,2829,2830,0.686669319661649,0,0.0172927565040515,0.0900891774297536,0,0,0,2619,non-mge
3603,2092122,2092907,786,Hydrolase in agr operon,PANCAC_02089,contig_1,+,2834,2832,2832.83969465649,0.439747360471299,2833,2833,2833,0.683598382145365,0,0.0122409778749037,0.0718943912167185,0,0,0,12730,non-mge
3604,2092908,2093503,596,non-cds,non-cds,contig_1,.,2833,2828,2831.11744966443,1.43648644852285,2832,2830,2832,0.661288654266801,0,0.00506216789456611,0.0430843739513983,0,0,0,3078,non-mge
3605,2093504,2093638,135,delta-hemolysin,PANCAC_02091,contig_1,-,2832,2830,2831.45185185185,0.887042028304121,2832,2830,2832,0.258040728238756,0,0.00210038821452485,0.0222237000340901,0,0,0,212,non-mge
3606,2093639,2093819,181,non-cds,non-cds,contig_1,.,2832,2815,2823.53591160221,3.98958127473272,2824,2820,2827,0.265190851605312,0,0.00537077620361204,0.0308437552758832,0,0,0,646,non-mge
3607,2093820,2094443,624,accessory gene regulator AgrB,PANCAC_02092,contig_1,+,2832,1922,2246.24198717949,357.954108225346,2208,1923,2214,0.669136236731211,0,0.00644184605395149,0.0571009829187908,0,0,0,4505,113
3608,2094440,2094580,141,AgrD,PANCAC_02093,contig_1,+,1923,1923,1923,0,1923,1923,1923,0.681447235697011,0,0.00532444841875547,0.0574443635413041,0,0,0,832,113
3609,2094581,2094604,24,non-cds,non-cds,contig_1,.,1924,1923,1923.5,0.510753918455249,1923.5,1923,1924,0.0149231755869472,0,0.00147809159422367,0.0038761142660926,0,0,0,9,113
3610,2094605,2095897,1293,quorum-sensing sensor histidine kinase AgrC,PANCAC_02094,contig_1,+,2834,1892,2407.92420726991,449.384348873685,2827,1922,2830,0.647668393347678,0,0.0073729452627928,0.0545147751481869,0,0,0,9117,113
3611,2095898,2095915,18,non-cds,non-cds,contig_1,.,2833,2833,2833,0,2833,2833,2833,0.0106804272080875,0,0.00202697756644572,0.00352491299853568,0,0,0.00437247875717349,13,non-mge
3612,2095916,2096632,717,quorum-sensing response regulator AgrA,PANCAC_02095,contig_1,+,2835,2829,2833.25523012552,1.55634082693797,2834,2833,2834,0.662237334671597,0,0.00824162099453693,0.0598426843410097,0,0,0,8519,non-mge
3613,2096633,2096998,366,non-cds,non-cds,contig_1,.,2835,2830,2833.85519125683,1.39992674623619,2834,2832.25,2835,0.651299720292104,0,0.00617059844637789,0.0503231613351987,0,0,0,2390,non-mge
3614,2096999,2097958,960,Carbohydrate kinase,PANCAC_02096,contig_1,-,2835,2834,2834.99583333333,0.064448679240323,2835,2835,2835,1.04275356233559,0,0.0163118604117462,0.0882246546364595,0,0,0,18831,non-mge
3615,2097955,2099439,1485,Sucrose-6-phosphate hydrolase,PANCAC_02097,contig_1,-,2835,2832,2834.82558922559,0.515152876471832,2835,2835,2835,0.699650390629411,0,0.0125687968401328,0.0723143683819382,0,0,0,24025,non-mge
3616,2099440,2099587,148,non-cds,non-cds,contig_1,.,2835,2835,2835,0,2835,2835,2835,0.530765563814524,0,0.0127940332987339,0.0664288948364996,0,0,0,1749,non-mge
3617,2099588,2100538,951,Sucrose operon repressor%2C putative,PANCAC_02098,contig_1,-,2835,2833,2834.67507886435,0.564380768336948,2835,2834,2835,0.693147180559945,0,0.0104941678188372,0.0698091142542671,0,0,0,13166,non-mge
3618,2100539,2100720,182,non-cds,non-cds,contig_1,.,2835,2823,2832.84615384615,4.30449611253517,2835,2835,2835,0.344335647971248,0,0.00722250841561043,0.0414862837493085,0,0,0,997,non-mge
3619,2100721,2101971,1251,Ammonium transporter,PANCAC_02099,contig_1,-,2835,2823,2833.16386890488,2.01224389664879,2834,2833,2834,0.720379241593296,0,0.0101751795779761,0.0666959776878188,0,0,0,14341,non-mge
3620,2101972,2102178,207,non-cds,non-cds,contig_1,.,2834,2833,2833.74396135266,0.437501465688648,2834,2833,2834,0.692692447599976,0,0.0173902410232193,0.093330850869703,0,0,0,4883,non-mge
3621,2102179,2102403,225,UPF0033 domain-containing protein,PANCAC_02100,contig_1,-,2834,2834,2834,0,2834,2834,2834,0.685982887782187,0,0.00965119855192063,0.0625214545079161,0,0,0,2460,non-mge
3622,2102404,2102462,59,non-cds,non-cds,contig_1,.,2835,2834,2834.84745762712,0.362632107772293,2835,2835,2835,0.0887190967799656,0,0.00189245776258331,0.0116099214886772,0,0,0,58,non-mge
3623,2102463,2103542,1080,YeeE/YedE family protein,PANCAC_02101,contig_1,-,2835,2834,2834.78425925926,0.411525797861191,2835,2835,2835,0.855046968534945,0,0.0110279959228921,0.0706658349826838,0,0,0,15505,non-mge
3624,2103543,2103845,303,non-cds,non-cds,contig_1,.,2835,2826,2834.18811881188,1.08309898119033,2834,2834,2835,0.660349246221306,0,0.0151993190786505,0.0767665241072794,0,0,0,4810,non-mge
3625,2103846,2104481,636,redox-sensing transcriptional repressor Rex,PANCAC_02102,contig_1,-,2835,2835,2835,0,2835,2835,2835,0.641306896305164,0,0.00417887253644574,0.0394461643385166,0,0,0,3632,non-mge
3626,2104482,2104733,252,non-cds,non-cds,contig_1,.,2835,2831,2833.92063492063,1.03795059031682,2834,2833,2835,0.689376001418817,0,0.00578344386898132,0.0611570369355755,0,0,0,2909,non-mge
3627,2104734,2106662,1929,ribosomal protection-like ABC-F family protein,PANCAC_02103,contig_1,+,2835,2830,2834.69466044583,0.876489545006803,2835,2835,2835,0.693147180559945,0,0.00798908346750845,0.0582678442542904,0,0,0,18465,non-mge
3628,2106663,2107023,361,non-cds,non-cds,contig_1,.,2834,2246,2788.02493074792,150.3735051244,2830,2829,2833,0.872773102510454,0,0.0175586861772949,0.0925266441436988,0,0,0,7417,non-mge
3629,2107024,2108634,1611,MutS domain V protein,PANCAC_02104,contig_1,+,2833,1223,2819.76288019863,144.0663438876,2833,2833,2833,0.689899696737538,0,0.0107108733649698,0.0680585169039731,0,0,0,21171,non-mge
3630,2108635,2108735,101,non-cds,non-cds,contig_1,.,2836,1223,2596.77227722772,575.675427323212,2836,2836,2836,0.663346163744062,0,0.016606018238908,0.0949885978511072,0,0,0,1757,non-mge
3631,2108736,2109761,1026,tRNA (adenosine(37)-N6)-threonylcarbamoyltransferase complex transferase subunit TsaD,PANCAC_02105,contig_1,-,2836,2820,2835.18713450292,3.00472313978665,2836,2836,2836,0.58250757223025,0,0.00811625279755448,0.0572339525408262,0,0,0,9824,non-mge
3632,2109754,2110218,465,ribosomal protein S18-alanine N-acetyltransferase,PANCAC_02106,contig_1,-,2836,2836,2836,0,2836,2836,2836,0.689252655531651,0,0.0086743567959422,0.0706479409619844,0,0,0,6714,non-mge
3633,2110191,2110853,663,tRNA (adenosine(37)-N6)-threonylcarbamoyltransferase complex dimerization subunit type 1 TsaB,PANCAC_02107,contig_1,-,2836,2835,2835.86274509804,0.344376058941614,2836,2836,2836,0.907593649241452,0,0.00718850145724197,0.0592937814673012,0,0,0,5772,non-mge
3634,2110834,2111328,495,tRNA (adenosine(37)-N6)-threonylcarbamoyltransferase complex ATPase subunit type 1 TsaE,PANCAC_02108,contig_1,-,2836,2823,2835.10707070707,2.63552699388115,2836,2836,2836,0.691491502201767,0,0.0111445883570468,0.071999357463245,0,0,0,7751,non-mge
3635,2111329,2111805,477,non-cds,non-cds,contig_1,.,2836,2825,2832.93501048218,3.57306253692082,2835,2831,2836,0.643017834122555,0,0.00689624754826839,0.0508247564324471,0,0,0,3268,non-mge
3636,2111806,2113494,1689,dihydroxy-acid dehydratase,PANCAC_02110,contig_1,+,2836,2835,2835.91415038484,0.280224822784582,2836,2836,2836,0.661379945342483,0,0.00671164080245305,0.0555955751672798,0,0,0,14519,non-mge
3637,2113495,2113521,27,non-cds,non-cds,contig_1,.,2836,2836,2836,0,2836,2836,2836,0.00830757571750994,0,0.000307687989537405,0.00159879369227252,0,0,0,3,non-mge
3638,2113522,2115291,1770,biosynthetic-type acetolactate synthase large subunit,PANCAC_02111,contig_1,+,2836,2835,2835.91355932203,0.281093093933061,2836,2836,2836,0.68969501268573,0,0.0080692830049798,0.0575929423301088,0,0,0,18950,non-mge
3639,2115291,2115545,255,ACT domain-containing protein,PANCAC_02112,contig_1,+,2836,2836,2836,0,2836,2836,2836,0.68581893935446,0,0.00657058904819841,0.0539220009716122,0,0,0,2049,non-mge
3640,2115546,2115681,136,non-cds,non-cds,contig_1,.,2836,2834,2835.08088235294,0.927402961351381,2835,2834,2836,0.390056133142385,0,0.00817967019711775,0.052278721110902,0,0,0,978,non-mge
3641,2115682,2116686,1005,ketol-acid reductoisomerase,PANCAC_02113,contig_1,+,2836,2835,2835.9671641791,0.178295431424868,2836,2836,2836,0.661922547463376,0,0.00729831654497431,0.0567677938506641,0,0,0,11043,non-mge
3642,2116687,2116715,29,non-cds,non-cds,contig_1,.,2836,2836,2836,0,2836,2836,2836,0.00582454957683332,0,0.000309702838641377,0.00121169024721509,0,0,0,3,non-mge
3643,2116716,2118245,1530,2-isopropylmalate synthase,PANCAC_02114,contig_1,+,2836,2835,2835.97189542484,0.165325655736543,2836,2836,2836,0.693147180559945,0,0.00663472838519177,0.0515645533883393,0,0,0,11726,non-mge
3644,2118246,2118247,2,non-cds,non-cds,contig_1,.,2836,2836,2836,0,2836,2836,2836,0,0,0,0,0,0,0,0,non-mge
3645,2118248,2119294,1047,3-isopropylmalate dehydrogenase,PANCAC_02115,contig_1,+,2836,2834,2835.86150907354,0.415887651746872,2836,2836,2836,0.670327579516075,0,0.00805142062896973,0.0587903601024791,0,0,0,11665,non-mge
3646,2119295,2119307,13,non-cds,non-cds,contig_1,.,2836,2835,2835.46153846154,0.518874521662771,2835,2835,2836,0.00582454957683332,0,0.000448042275141024,0.00161543939659651,0,0,0,2,non-mge
3647,2119308,2120678,1371,3-isopropylmalate dehydratase large subunit,PANCAC_02116,contig_1,+,2835,2833,2834.83807439825,0.411559714792911,2835,2835,2835,0.693147180559945,0,0.010326923197526,0.0678470480708079,0,0,0,19650,non-mge
3648,2120679,2121251,573,3-isopropylmalate dehydratase small subunit,PANCAC_02117,contig_1,+,2835,2834,2834.83595113438,0.370643474272196,2835,2835,2835,0.677488041562006,0,0.00739288316216835,0.0554079147523504,0,0,0,4558,non-mge
3649,2121252,2121265,14,non-cds,non-cds,contig_1,.,2834,2833,2833.21428571429,0.42581531362632,2833,2833,2833,0,0,0,0,0,0,0,0,non-mge
3650,2121266,2122534,1269,threonine ammonia-lyase IlvA,PANCAC_02118,contig_1,+,2835,2832,2834.32387706856,0.962173589546961,2835,2833,2835,0.671390255511518,0,0.00637779897039508,0.0545237401767843,0,0,0,13270,non-mge
3651,2122535,2128896,6362,non-cds,non-cds,contig_1,.,2834,1961,2671.8370009431,181.752408664462,2751,2618,2783,0.885869153590928,0,0.00165012367315536,0.0292344109124224,0,0,0,11456,non-mge
3652,2128897,2129352,456,SprT family protein,PANCAC_02124,contig_1,-,2835,2833,2834.625,0.651076876337272,2835,2834,2835,0.620777369564313,0,0.0130712327668681,0.0695736780821942,0,0,0,5857,non-mge
3653,2129345,2131483,2139,S1 motif domain-containing protein,PANCAC_02125,contig_1,-,2835,2832,2834.64422627396,0.632106444217309,2835,2834,2835,1.04781497140122,0,0.00781658027906241,0.0606178540316093,0,0,0,20616,non-mge
3654,2131484,2131928,445,non-cds,non-cds,contig_1,.,2835,2825,2832.42696629213,2.48910979623038,2833,2831,2834,0.690510981345164,0,0.00673167741727917,0.0532605821782744,0,0,0,3732,non-mge
3655,2131929,2132699,771,RNA polymerase sigma factor SigB,PANCAC_02126,contig_1,-,2836,2835,2835.84824902724,0.359012238308872,2836,2836,2836,0.693054081599425,0,0.00749489258155235,0.0650874636406469,0,0,0,10107,non-mge
3656,2132674,2133153,480,anti-sigma B factor RsbW,PANCAC_02127,contig_1,-,2836,2835,2835.86458333333,0.342525060164421,2836,2836,2836,0.68839782578326,0,0.00728613253358244,0.0603383371994638,0,0,0,4992,non-mge
3657,2133154,2133154,1,non-cds,non-cds,contig_1,.,2836,2836,2836,NA,2836,2836,2836,0,0,0,NA,0,0,0,0,non-mge
3658,2133155,2133481,327,Anti-sigma-B factor antagonist,PANCAC_02128,contig_1,-,2836,2835,2835.60244648318,0.490142219292829,2836,2835,2836,0.600322199313472,0,0.00218960323827282,0.0332276246959117,0,0,0,858,non-mge
3659,2133482,2133599,118,non-cds,non-cds,contig_1,.,2835,2781,2816.09322033898,20.6455588188474,2829,2790.25,2835,0.0461368053673901,0,0.00126319746383486,0.00551308029671581,0,0,0,62,non-mge
3660,2133600,2134388,789,SigmaB regulation protein RsbU%2C putative,PANCAC_02129,contig_1,-,2836,2787,2833.14195183777,9.57326155469659,2836,2836,2836,0.680914610467916,0,0.00534869087122489,0.0457340371770323,0,0,0,4799,non-mge
3661,2134363,2134590,228,SigmaB regulation protein RsbU,PANCAC_02130,contig_1,-,2836,2836,2836,0,2836,2836,2836,0.530667280718606,0,0.00414132501387781,0.0374816908985454,0,0,0,860,non-mge
3662,2134591,2134938,348,non-cds,non-cds,contig_1,.,2836,2835,2835.79310344828,0.405663963787089,2836,2836,2836,0.366107141315461,0,0.00467943206158468,0.0321575247472387,0,0,0,1195,non-mge
3663,2134939,2135301,363,Endoribonuclease MazF,PANCAC_02131,contig_1,-,2836,2835,2835.88980716253,0.313562168364137,2836,2836,2836,0.661922547463376,0,0.00769681835468026,0.0630583496374417,0,0,0,4714,non-mge
3664,2135298,2135468,171,type II toxin-antitoxin system antitoxin MazE,PANCAC_02132,contig_1,-,2836,2836,2836,0,2836,2836,2836,0.0886940796858014,0,0.00117865900399,0.00909140700200135,0,0,0,105,non-mge
3665,2135469,2135552,84,non-cds,non-cds,contig_1,.,2836,2836,2836,0,2836,2836,2836,0.187205303102936,0,0.0029638116899605,0.0205402888266197,0,0,0,152,non-mge
3666,2135553,2136701,1149,alanine racemase,PANCAC_02133,contig_1,-,2836,2834,2835.89208006963,0.354927887647562,2836,2836,2836,0.689756189880478,0,0.00933756228995006,0.0672612047114152,0,0,0,14042,non-mge
3667,2136702,2136766,65,non-cds,non-cds,contig_1,.,2836,2835,2835.70769230769,0.458362469936353,2836,2835,2836,0.620410329880405,0,0.0140058001860092,0.0804273689124862,0,0,0,1067,non-mge
3668,2136767,2137126,360,Holo-[acyl-carrier-protein] synthase,PANCAC_02134,contig_1,-,2836,2836,2836,0,2836,2836,2836,0.675869831501409,0,0.00539766266483089,0.0425415047842589,0,0,0,2508,non-mge
3669,2137127,2137129,3,non-cds,non-cds,contig_1,.,2836,2836,2836,0,2836,2836,2836,0.0151470613380297,0,0.00504902044600989,0.0087451599409432,0,0,0.00757353066901483,6,non-mge
3670,2137130,2137624,495,YdbS-like PH domain-containing protein,PANCAC_02135,contig_1,-,2836,2834,2835.58181818182,0.674036069320979,2836,2835,2836,0.692914355293852,0,0.0127509209088069,0.0773377366676082,0,0,0,9022,non-mge
3671,2137608,2139191,1584,YdbS-like PH domain-containing protein,PANCAC_02136,contig_1,-,2836,2835,2835.8869949495,0.316698955877973,2836,2836,2836,0.723634676563331,0,0.0120485384698316,0.0710221615285146,0,0,0,21550,non-mge
3672,2139184,2139663,480,YdbS-like PH domain-containing protein,PANCAC_02137,contig_1,-,2836,2831,2835.35,1.25563448267041,2836,2835,2836,0.693130736693395,0,0.00613720353975988,0.0537209027871328,0,0,0,3897,non-mge
3673,2139664,2139871,208,non-cds,non-cds,contig_1,.,2836,2836,2836,0,2836,2836,2836,0.646468488705869,0,0.0120859026101362,0.076822399585938,0,0,0,4113,non-mge
3674,2139872,2140432,561,K(+)-transporting ATPase subunit C,PANCAC_02138,contig_1,-,2836,2835,2835.90017825312,0.300029707382357,2836,2836,2836,0.78995958774243,0,0.0143736493661194,0.085427206071906,0,0,0,12747,non-mge
3675,2140433,2140451,19,non-cds,non-cds,contig_1,.,2836,2836,2836,0,2836,2836,2836,0.134316847150438,0,0.00822329707468407,0.0307025465798057,0,0,0,86,non-mge
3676,2140452,2142479,2028,potassium-transporting ATPase subunit KdpB,PANCAC_02139,contig_1,-,2836,2835,2835.95808678501,0.200440285876342,2836,2836,2836,1.02807455742948,0,0.00915117809694713,0.0670720326793706,0,0,0,23278,non-mge
3677,2142480,2142497,18,non-cds,non-cds,contig_1,.,2836,2836,2836,0,2836,2836,2836,0.0785833664171198,0,0.00495855480393587,0.0185450751769095,0,0,0,47,non-mge
3678,2142498,2144174,1677,potassium-transporting ATPase subunit KdpA,PANCAC_02140,contig_1,-,2836,2835,2835.84973166369,0.357440833470903,2836,2836,2836,0.699356471458876,0,0.00933795385802812,0.0588760126019702,0,0,0,15861,non-mge
3679,2144175,2144445,271,non-cds,non-cds,contig_1,.,2836,2835,2835.84132841328,0.366045543468841,2836,2836,2836,0.669020108944179,0,0.0113393354638984,0.0647238864034294,0,0,0,3122,non-mge
3680,2144446,2147103,2658,Sensor histidine kinase KdpD,PANCAC_02141,contig_1,+,2836,2804,2834.81602708804,4.03387226147818,2836,2835,2836,0.70145563138964,0,0.0109839966765004,0.0698399631237541,0,0,0,37174,non-mge
3681,2147103,2147798,696,Transcriptional regulatory protein KdpE,PANCAC_02142,contig_1,+,2836,2833,2835.82327586207,0.454019508081624,2836,2836,2836,0.922924220693865,0,0.00804065828614325,0.0603412213270227,0,0,0,5965,non-mge
3682,2147799,2148166,368,non-cds,non-cds,contig_1,.,2836,2833,2835.67119565217,0.78683769158358,2836,2836,2836,0.53154719514312,0,0.00774382074353741,0.0490840930583871,0,0,0,2498,non-mge
3683,2148167,2149687,1521,DEAD-box ATP-dependent RNA helicase CshA,PANCAC_02143,contig_1,-,2836,2835,2835.90203813281,0.297360849576271,2836,2836,2836,0.68731503771216,0,0.00499484736303701,0.0439196910919254,0,0,0,9196,non-mge
3684,2149688,2150203,516,non-cds,non-cds,contig_1,.,2836,2819,2832.72480620155,4.22818156893066,2834,2833,2835,0.604740587296072,0,0.00695359986189082,0.0454015985648876,0,0,0,3094,non-mge
3685,2150204,2151562,1359,UDP-N-acetylmuramoyl-tripeptide--D-alanyl-D-alanine ligase,PANCAC_02144,contig_1,-,2836,2833,2835.79543782193,0.551562057133094,2836,2836,2836,0.620690153255173,0,0.0102945159191071,0.0629273494025218,0,0,0,15540,non-mge
3686,2151563,2151576,14,non-cds,non-cds,contig_1,.,2836,2836,2836,0,2836,2836,2836,0,0,0,0,0,0,0,0,non-mge
3687,2151577,2152647,1071,D-alanine--D-alanine ligase,PANCAC_02145,contig_1,-,2836,2835,2835.84593837535,0.361176468030057,2836,2836,2836,0.689816862789871,0,0.0062163705106794,0.0534125870960223,0,0,0,8462,non-mge
3688,2152648,2152964,317,non-cds,non-cds,contig_1,.,2836,2835,2835.81072555205,0.392345805893205,2836,2836,2836,0.620129926633852,0,0.00399077222790325,0.042781953260671,0,0,0,1424,non-mge
3689,2152965,2154167,1203,Rod shape-determining protein RodA,PANCAC_02146,contig_1,+,2836,2827,2834.45220282627,2.32436305527717,2836,2834,2836,0.671927231880321,0,0.00725138568115536,0.0570211494300211,0,0,0,10061,non-mge
3690,2154168,2154430,263,non-cds,non-cds,contig_1,.,2836,2581,2814.7680608365,65.1347063274465,2833,2830,2836,0.530619599593054,0,0.0104788451682449,0.0521249749502519,0,0,0,2217,non-mge
3691,2154431,2154568,138,Lmo0850 family protein,PANCAC_02147,contig_1,-,2836,2836,2836,0,2836,2836,2836,0.0554337742578282,0,0.000837763387006984,0.00523596149927931,0,0,0,51,non-mge
3692,2154569,2154695,127,non-cds,non-cds,contig_1,.,2836,2835,2835.77952755906,0.416207095634725,2836,2836,2836,0.237426899863485,0,0.0055560287545304,0.0289385007709668,0,0,0,454,non-mge
3693,2154696,2154905,210,putative copper chaperone CsoZ,PANCAC_02148,contig_1,-,2836,2835,2835.74285714286,0.438103162974277,2836,2835,2836,0.540672710166805,0,0.0058552107182834,0.0436101259958303,0,0,0,1085,non-mge
3694,2154906,2154916,11,non-cds,non-cds,contig_1,.,2836,2836,2836,0,2836,2836,2836,0,0,0,0,0,0,0,0,non-mge
3695,2154917,2155210,294,copper-sensing transcriptional repressor CsoR,PANCAC_02149,contig_1,-,2836,2836,2836,0,2836,2836,2836,0.530226246985501,0,0.0064433298873705,0.0459590128529348,0,0,0,1700,non-mge
3696,2155211,2155375,165,non-cds,non-cds,contig_1,.,2836,2831,2834.45454545455,2.17091232214046,2836,2832,2836,0.127420802341877,0,0.00174254757885081,0.0113805531285115,0,0,0,151,non-mge
3697,2155376,2156860,1485,cardiolipin synthase Cls,PANCAC_02150,contig_1,+,2836,2835,2835.92996632997,0.255289722729555,2836,2836,2836,0.692744411267458,0,0.00758107481725551,0.0544788828548407,0,0,0,12255,non-mge
3698,2156861,2156887,27,non-cds,non-cds,contig_1,.,2836,2836,2836,0,2836,2836,2836,0.626700275527873,0,0.0232111213158472,0.120608524259077,0,0,0,906,non-mge
3699,2156888,2157535,648,HD domain-containing protein,PANCAC_02151,contig_1,+,2836,2835,2835.86882716049,0.337850072932488,2836,2836,2836,0.684542038007051,0,0.00984455070525824,0.0646893068847022,0,0,0,7457,non-mge
3700,2157536,2158347,812,non-cds,non-cds,contig_1,.,2836,1152,2362.17733990148,635.022704588469,2834,1677,2836,0.689048281798946,0,0.00819076597240917,0.0514406441955069,0,0,0,5175,114
3701,2158348,2159220,873,Membrane protein insertase YidC,PANCAC_02152,contig_1,-,2836,2834,2835.84192439863,0.516011484442006,2836,2836,2836,0.660649041044512,0,0.00672088359934153,0.0513812584047605,0,0,0,9354,non-mge
3702,2159221,2159305,85,non-cds,non-cds,contig_1,.,2836,2833,2834.49411764706,0.825537767180895,2834,2834,2835,0.00831269287052127,0,0.000134958883286874,0.00096072130525618,0,0,0,4,non-mge
3703,2159306,2159947,642,Thiamine-phosphate synthase,PANCAC_02153,contig_1,-,2836,2836,2836,0,2836,2836,2836,0.685374292981219,0,0.00800684517093327,0.0533489071241566,0,0,0,5093,non-mge
3704,2159948,2159948,1,non-cds,non-cds,contig_1,.,2836,2836,2836,NA,2836,2836,2836,0,0,0,NA,0,0,0,0,non-mge
3705,2159949,2160740,792,hydroxyethylthiazole kinase,PANCAC_02154,contig_1,-,2836,2835,2835.72095959596,0.448810861347013,2836,2835,2836,0.692990161295126,0,0.00938692990698114,0.0645359621121067,0,0,0,9040,non-mge
3706,2160724,2161554,831,Hydroxymethylpyrimidine/phosphomethylpyrimidine kinase,PANCAC_02155,contig_1,-,2836,2835,2835.79422382671,0.40451112002859,2836,2836,2836,0.69243516230365,0,0.0110680711364501,0.0681774172214973,0,0,0,9984,non-mge
3707,2161547,2162236,690,thiaminase II,PANCAC_02156,contig_1,-,2836,2833,2835.34492753623,0.959186918600306,2836,2835,2836,0.62354295330139,0,0.00646216808031181,0.045760833975526,0,0,0,5103,non-mge
3708,2162237,2162621,385,non-cds,non-cds,contig_1,.,2836,2063,2779.55584415584,189.359962613582,2835,2832,2836,0.563787355974438,0,0.00894638499801725,0.0558997037606736,0,0,0,3206,non-mge
3709,2162622,2163317,696,lytic transglycosylase SceD,PANCAC_02157,contig_1,-,2836,2829,2834.87068965517,1.48874050817119,2835,2835,2836,0.767787236207662,0,0.00890046623134608,0.0687489474504822,0,0,0,10599,non-mge
3710,2163318,2163705,388,non-cds,non-cds,contig_1,.,2835,2808,2832.29381443299,6.78090211362174,2835,2834,2835,0.926236916977535,0,0.0104057359455306,0.0702023009505129,0,0,0,4290,non-mge
3711,2163706,2164101,396,Single-stranded DNA-binding protein,PANCAC_02158,contig_1,-,2835,2808,2833.19444444444,4.50092192462714,2835,2834,2835,0.530863880595772,0,0.00264840733256718,0.0295956495706523,0,0,0,937,non-mge
3712,2164102,2164294,193,non-cds,non-cds,contig_1,.,2836,2828,2833.02590673575,2.91625336326535,2834,2830,2836,0.528898829951468,0,0.00445328808212236,0.0416951048291934,0,0,0,845,non-mge
3713,2164295,2164735,441,YwpF protein,PANCAC_02159,contig_1,+,2836,2836,2836,0,2836,2836,2836,0.619848943155048,0,0.00474661406237428,0.0436357590812877,0,0,0,2159,non-mge
3714,2164736,2164793,58,non-cds,non-cds,contig_1,.,2836,2835,2835.62068965517,0.48945319317802,2836,2835,2836,0.115775796048921,0,0.00255828300452313,0.0153038952468836,0,0,0,82,non-mge
3715,2164794,2165234,441,3-hydroxyacyl-ACP dehydratase FabZ,PANCAC_02160,contig_1,-,2836,2835,2835.97732426304,0.149036623247636,2836,2836,2836,0.546487430955683,0,0.0054900470491485,0.0430044062423594,0,0,0,3688,non-mge
3716,2165235,2165267,33,non-cds,non-cds,contig_1,.,2836,2836,2836,0,2836,2836,2836,0.237426899863485,0,0.00810547911274305,0.0413419606563384,0,0,0,193,non-mge
3717,2165268,2166533,1266,UDP-N-acetylglucosamine 1-carboxyvinyltransferase,PANCAC_02161,contig_1,-,2836,2833,2835.84123222749,0.581049668762717,2836,2836,2836,0.887129003650274,0,0.00562105550322847,0.050736850404894,0,0,0,13564,non-mge
3718,2166534,2166643,110,non-cds,non-cds,contig_1,.,2836,2835,2835.71818181818,0.45194418308074,2836,2835,2836,0.0193832908033096,0,0.00080504099736422,0.00321770102208565,0,0,0,34,non-mge
3719,2166644,2166877,234,DUF1146 domain-containing protein,PANCAC_02162,contig_1,-,2836,2833,2834.97435897436,1.16428643041289,2835,2834,2836,0.305685053504166,0,0.0051793673108364,0.0335609367179995,0,0,0,889,non-mge
3720,2166878,2167438,561,non-cds,non-cds,contig_1,.,2836,2804,2829.19964349376,9.33633836996018,2833,2831,2834,0.620410329880405,0,0.00511464994608064,0.0463318526126748,0,0,0,3063,non-mge
3721,2167439,2167843,405,F0F1 ATP synthase subunit epsilon,PANCAC_02163,contig_1,-,2836,2835,2835.9950617284,0.0701858116742379,2836,2836,2836,0.300795498854247,0,0.00150220144235636,0.0165545217730946,0,0,0,409,non-mge
3722,2167844,2167862,19,non-cds,non-cds,contig_1,.,2836,2836,2836,0,2836,2836,2836,0.00315683274376661,0,0.00016614909177719,0.000724227100617837,0,0,0,1,non-mge
3723,2167863,2169275,1413,F0F1 ATP synthase subunit beta,PANCAC_02164,contig_1,-,2836,2835,2835.96886058033,0.1737559291065,2836,2836,2836,0.685553669326914,0,0.00368206182953848,0.0364354993939931,0,0,0,5128,non-mge
3724,2169276,2169296,21,non-cds,non-cds,contig_1,.,2836,2836,2836,0,2836,2836,2836,0.00582454957683332,0,0.000427684872409521,0.00141509309575836,0,0,0,3,non-mge
3725,2169297,2170163,867,ATP synthase F1 subunit gamma,PANCAC_02165,contig_1,-,2836,2822,2834.79584775087,2.84934761219663,2836,2835,2836,0.671837877431538,0,0.00197952037324169,0.0296640613990173,0,0,0,2005,non-mge
3726,2170164,2170193,30,non-cds,non-cds,contig_1,.,2836,2836,2836,0,2836,2836,2836,0,0,0,0,0,0,0,0,non-mge
3727,2170194,2171702,1509,F0F1 ATP synthase subunit alpha,PANCAC_02166,contig_1,-,2836,2834,2835.89396951624,0.384579348031317,2836,2836,2836,0.688436866626464,0,0.00429514197432765,0.04131487504768,0,0,0,7254,non-mge
3728,2171703,2171723,21,non-cds,non-cds,contig_1,.,2836,2836,2836,0,2836,2836,2836,0,0,0,0,0,0,0,0,non-mge
3729,2171724,2172263,540,F0F1 ATP synthase subunit delta,PANCAC_02167,contig_1,-,2836,2835,2835.84814814815,0.359209986979901,2836,2836,2836,0.521351837959028,0,0.00416281801547931,0.036373956251606,0,0,0,3827,non-mge
3730,2172263,2172784,522,F0F1 ATP synthase subunit B,PANCAC_02168,contig_1,-,2836,2822,2834.39655172414,3.14795543222416,2835,2835,2836,0.308340285009188,0,0.00178228883182092,0.0191512136495711,0,0,0,638,non-mge
3731,2172785,2172981,197,non-cds,non-cds,contig_1,.,2836,2829,2833.46700507614,2.37658167847518,2834,2833,2836,0.633864042395481,0,0.00550701769486184,0.0485738824604212,0,0,0,1214,non-mge
3732,2172982,2173194,213,F0F1 ATP synthase subunit C,PANCAC_02169,contig_1,-,2836,2836,2836,0,2836,2836,2836,0.0151470613380297,0,0.000139757288934614,0.00121744421856025,0,0,0,11,non-mge
3733,2173195,2173236,42,non-cds,non-cds,contig_1,.,2836,2835,2835.2380952381,0.431080537409042,2835,2835,2835,0.0454480578737868,0,0.00146557713181421,0.00724643786920264,0,0,0,28,non-mge
3734,2173237,2173965,729,F0F1 ATP synthase subunit A,PANCAC_02170,contig_1,-,2836,2833,2835.61454046639,0.770940155899505,2836,2835,2836,0.693147180559945,0,0.0029545864409611,0.031814655858554,0,0,0,2379,non-mge
3735,2173966,2173985,20,non-cds,non-cds,contig_1,.,2836,2836,2836,0,2836,2836,2836,0,0,0,0,0,0,0,0,non-mge
3736,2173986,2174339,354,ATP synthase protein I,PANCAC_02171,contig_1,-,2836,2835,2835.68079096045,0.466830002030977,2836,2835,2836,0.67632212415703,0,0.00475091669714821,0.0436227192641575,0,0,0,1892,non-mge
3737,2174340,2174505,166,non-cds,non-cds,contig_1,.,2836,2835,2835.71084337349,0.454742564053426,2836,2835,2836,0.530226246985501,0,0.00863222562789676,0.0524440932410086,0,0,0,1269,non-mge
3738,2174506,2175633,1128,non-hydrolyzing UDP-N-acetylglucosamine 2-epimerase,PANCAC_02172,contig_1,-,2836,2835,2835.97163120567,0.166097753424302,2836,2836,2836,0.690559690084459,0,0.0058177310026271,0.052004540240811,0,0,0,9033,non-mge
3739,2175634,2175656,23,non-cds,non-cds,contig_1,.,2836,2836,2836,0,2836,2836,2836,0.0172905196967579,0,0.000751761725945994,0.00360532258331178,0,0,0,7,non-mge
3740,2175657,2176286,630,uracil phosphoribosyltransferase,PANCAC_02173,contig_1,-,2836,2835,2835.9126984127,0.282500791952441,2836,2836,2836,0.967143272872921,0,0.00705942606676855,0.067077220547785,0,0,0,6535,non-mge
3741,2176287,2176313,27,non-cds,non-cds,contig_1,.,2836,2835,2835.03703703704,0.192450089729875,2835,2835,2835,0.0172957483258034,0,0.000856374225243136,0.00347124538488036,0,0,0,9,non-mge
3742,2176314,2177552,1239,Serine hydroxymethyltransferase,PANCAC_02174,contig_1,-,2836,2835,2835.98305084746,0.129133022411264,2836,2836,2836,0.662638592415282,0,0.00576755134486602,0.0450318724556809,0,0,0,6785,non-mge
3743,2177553,2177578,26,non-cds,non-cds,contig_1,.,2836,2836,2836,0,2836,2836,2836,0.00830757571750994,0,0.000319522142981152,0.00162924964208588,0,0,0,3,non-mge
3744,2177579,2178103,525,UPF0340 protein SAR2202,PANCAC_02175,contig_1,-,2836,2836,2836,0,2836,2836,2836,0.688365607845477,0,0.0119562365827104,0.0697381770681191,0,0,0,7288,non-mge
3745,2178104,2178209,106,non-cds,non-cds,contig_1,.,2836,2830,2832.97169811321,2.41210260845402,2834,2830,2835,0.0785833664171198,0,0.00198966954431182,0.00928370005863913,0,0,0,99,non-mge
3746,2178210,2178629,420,Low molecular weight protein-tyrosine-phosphatase PtpB,PANCAC_02176,contig_1,-,2836,2835,2835.82857142857,0.377332500439823,2836,2836,2836,0.677815511343955,0,0.00959859764917695,0.0686566826463117,0,0,0,4747,non-mge
3747,2178626,2179672,1047,L-threonylcarbamoyladenylate synthase,PANCAC_02177,contig_1,-,2836,2831,2835.56542502388,1.12475550173576,2836,2836,2836,0.970245530784281,0,0.0105291033210878,0.066481055595765,0,0,0,12194,non-mge
3748,2179673,2179755,83,non-cds,non-cds,contig_1,.,2836,2833,2834.20481927711,1.35033000613832,2833,2833,2836,0.390720310829905,0,0.00875694161462396,0.0539155416308427,0,0,0,643,non-mge
3749,2179756,2180592,837,peptide chain release factor N(5)-glutamine methyltransferase,PANCAC_02178,contig_1,-,2836,2822,2835.04301075269,2.92007808051355,2836,2836,2836,0.686996712776945,0,0.00813662527386075,0.0539799436260208,0,0,0,7039,non-mge
3750,2180579,2181655,1077,peptide chain release factor 1,PANCAC_02179,contig_1,-,2836,2832,2835.77808727948,0.600466717329583,2836,2836,2836,0.68590635112569,0,0.00456114675317718,0.0462863432915802,0,0,0,5943,non-mge
3751,2181656,2182255,600,thymidine kinase,PANCAC_02180,contig_1,-,2836,2835,2835.85166666667,0.355726661898615,2836,2836,2836,0.530667280718606,0,0.00565906496882154,0.0389165756504338,0,0,0,2747,non-mge
3752,2182256,2182601,346,non-cds,non-cds,contig_1,.,2836,2833,2835.1098265896,1.01841961909927,2835,2835,2836,0.757236600732245,0,0.0117060928919856,0.0717925860172739,0,0,0,4300,non-mge
3753,2182602,2182856,255,type B 50S ribosomal protein L31,PANCAC_02181,contig_1,-,2836,2834,2835.92941176471,0.285677890886505,2836,2836,2836,0.0504984821778824,0,0.000329795761388868,0.00331673548820279,0,0,0,37,non-mge
3754,2182857,2182973,117,non-cds,non-cds,contig_1,.,2836,2831,2834.22222222222,2.05992597419351,2835,2832,2836,0.0173166967040372,0,0.00038105997709163,0.00188446152623328,0,0,0,16,non-mge
3755,2182974,2184290,1317,transcription termination factor Rho,PANCAC_02182,contig_1,-,2836,2831,2835.77372817008,0.719132263055019,2836,2836,2836,0.625088754525958,0,0.00615899695519852,0.0466753972219461,0,0,0,10033,non-mge
3756,2184291,2184536,246,non-cds,non-cds,contig_1,.,2836,2832,2834.55284552846,1.27585586821134,2835,2834,2836,0.01295230664335,0,0.000304117807307688,0.00162702213539997,0,0,0,27,non-mge
3757,2184537,2185964,1428,Putative aldehyde dehydrogenase,PANCAC_02183,contig_1,-,2836,2835,2835.94607843137,0.225941988597545,2836,2836,2836,0.693147180559945,0,0.0100353206251499,0.0661139898285328,0,0,0,16594,non-mge
3758,2185965,2186201,237,non-cds,non-cds,contig_1,.,2836,2832,2835.01265822785,1.36071084568993,2836,2834,2836,0.862482871017517,0,0.0132018092889082,0.0815419525533066,0,0,0,3264,non-mge
3759,2186202,2186537,336,HTH hxlR-type domain-containing protein,PANCAC_02184,contig_1,-,2836,2836,2836,0,2836,2836,2836,0.59935997251929,0,0.00432590282256955,0.0398976682937331,0,0,0,1425,non-mge
3760,2186538,2186625,88,non-cds,non-cds,contig_1,.,2836,2836,2836,0,2836,2836,2836,0.487991860190859,0,0.00938400358291461,0.0578562913557019,0,0,0,2521,non-mge
3761,2186626,2187885,1260,UDP-N-acetylglucosamine 1-carboxyvinyltransferase,PANCAC_02185,contig_1,-,2836,2834,2835.90079365079,0.31458989826426,2836,2836,2836,1.05569826539573,0,0.0088272750706739,0.0629913666720683,0,0,0,12540,non-mge
3762,2187886,2188350,465,non-cds,non-cds,contig_1,.,2836,2781,2827.90322580645,12.9330708444784,2832,2830,2834,0.687625288331346,0,0.00969032617943881,0.0695724481589677,0,0,0,6246,non-mge
3763,2188351,2189211,861,class II fructose-bisphosphate aldolase,PANCAC_02186,contig_1,-,2836,2835,2835.88734030197,0.316360129811465,2836,2836,2836,0.668543871024324,0,0.00928967760473479,0.0682426174667924,0,0,0,11743,non-mge
3764,2189212,2189428,217,non-cds,non-cds,contig_1,.,2836,2833,2835.3133640553,0.812777713904925,2836,2835,2836,0.530226246985501,0,0.00566897140727087,0.041436767687661,0,0,0,1065,non-mge
3765,2189429,2189950,522,DUF2529 domain-containing protein,PANCAC_02187,contig_1,+,2836,2833,2835.31800766284,1.01732660075765,2836,2835,2836,0.685720280078283,0,0.0086847427984691,0.0575372424826871,0,0,0,4601,non-mge
3766,2189951,2190058,108,non-cds,non-cds,contig_1,.,2835,2830,2833.12962962963,1.64681847102134,2834,2831,2834,0.889142532537714,0,0.0171614528419457,0.106071986993407,0,0,0,2269,non-mge
3767,2190059,2191669,1611,CTP synthase,PANCAC_02188,contig_1,-,2836,2834,2835.67039106145,0.55278945574213,2836,2835,2836,0.688214370306248,0,0.00598891733640079,0.0467556175010611,0,0,0,11800,non-mge
3768,2191670,2192004,335,non-cds,non-cds,contig_1,.,2835,2832,2834.30746268657,0.853543763341323,2835,2834,2835,0.544183139047124,0,0.00668946989623555,0.0489784483528582,0,0,0,2117,non-mge
3769,2192005,2192535,531,DNA-directed RNA polymerase subunit delta,PANCAC_02190,contig_1,-,2835,2800,2830.68738229755,7.88240283514232,2834,2830.5,2835,0.691512277206253,0,0.00533112192693307,0.0527285849651278,0,0,0,4013,non-mge
3770,2192536,2192646,111,non-cds,non-cds,contig_1,.,2835,2832,2833.59459459459,0.743191867779884,2834,2833,2834,0.01295230664335,0,0.000329489993213289,0.00162017933272281,0,0,0,13,non-mge
3771,2192647,2193507,861,N-acetyltransferase domain-containing protein,PANCAC_02191,contig_1,-,2836,2833,2835.93031358885,0.38552111414897,2836,2836,2836,0.684916993871299,0,0.00907639635505829,0.064195763075165,0,0,0,11185,non-mge
3772,2193508,2193930,423,non-cds,non-cds,contig_1,.,2836,2821,2827.84160756501,2.87017169543385,2828,2826,2830,0.582112904964546,0,0.0111545435232433,0.0649784547408191,0,0,0,4660,non-mge
3773,2193931,2194734,804,type II pantothenate kinase,PANCAC_02192,contig_1,+,2836,2835,2835.99004975124,0.0993152020204683,2836,2836,2836,0.670173683451113,0,0.00781419739214479,0.0509938906652603,0,0,0,5866,non-mge
3774,2194735,2194863,129,non-cds,non-cds,contig_1,.,2836,2835,2835.70542635659,0.457628069082747,2836,2835,2836,0.612634703012392,0,0.0169998169146909,0.0901988337996777,0,0,0,2520,non-mge
3775,2194864,2195535,672,DUF2750 domain-containing protein,PANCAC_02193,contig_1,-,2836,2833,2835.88244047619,0.432841093530817,2836,2836,2836,0.516657255073533,0,0.0033961604023312,0.0304314774169165,0,0,0,1845,non-mge
3776,2195536,2195933,398,non-cds,non-cds,contig_1,.,2836,2827,2834.69849246231,2.20933392944159,2836,2835,2836,0.766146410801408,0,0.0107409886924241,0.0681269402698286,0,0,0,4364,non-mge
3777,2195934,2197127,1194,L-aspartate--L-methionine ligase,PANCAC_02194,contig_1,-,2836,2834,2835.93886097152,0.323093869825142,2836,2836,2836,0.690924298826588,0,0.00995450706456557,0.0653028063465528,0,0,0,13299,non-mge
3778,2197127,2198311,1185,Peptidase M20 domain-containing protein 2,PANCAC_02195,contig_1,-,2836,2834,2835.77721518987,0.582098378340268,2836,2836,2836,0.68500946637698,0,0.00961716663530837,0.0656608624539177,0,0,0,18136,non-mge
3779,2198312,2198621,310,non-cds,non-cds,contig_1,.,2836,2825,2832.77741935484,3.46206531298001,2834,2830,2836,0.685312154811435,0,0.0130119641734438,0.0763641289456015,0,0,0,4662,non-mge
3780,2198622,2199092,471,S-ribosylhomocysteine lyase,PANCAC_02196,contig_1,+,2836,2831,2834.31634819533,1.46872655718437,2834,2834,2836,0.693046662515059,0,0.00818790821780631,0.0628071393129826,0,0,0,5957,non-mge
3781,2199093,2199243,151,non-cds,non-cds,contig_1,.,2836,2836,2836,0,2836,2836,2836,0.69209684695266,0,0.0224567439542745,0.109732763384853,0,0,0,4659,non-mge
3782,2199244,2199594,351,DoxX family membrane protein,PANCAC_02197,contig_1,-,2836,2833,2835.17663817664,1.13772760115244,2836,2834,2836,0.529440317757678,0,0.00763604591881823,0.0481638535385386,0,0,0,2325,non-mge
3783,2199595,2199607,13,non-cds,non-cds,contig_1,.,2835,2835,2835,0,2835,2835,2835,0.0129483595133557,0,0.000996027654873514,0.0035912287814266,0,0,0,5,non-mge
3784,2199608,2200909,1302,pyrimidine-nucleoside phosphorylase,PANCAC_02198,contig_1,-,2836,2835,2835.97849462366,0.145117433594135,2836,2836,2836,0.806250445210245,0,0.00908508687680648,0.0665910832114342,0,0,0,15670,non-mge
3785,2200910,2201187,278,non-cds,non-cds,contig_1,.,2836,2653,2697.03237410072,75.0311297281223,2656,2654,2656,0.692737845354183,0,0.011578402225283,0.066672317506185,0,0,0,3365,non-mge
3786,2201188,2201850,663,deoxyribose-phosphate aldolase,PANCAC_02199,contig_1,-,2833,2653,2722.57164404223,41.1927960386322,2711,2692,2765,0.0471792310706337,0,9.7807029958243e-05,0.00187348494165469,0,0,0,29,non-mge
3787,2201851,2202164,314,non-cds,non-cds,contig_1,.,2835,2830,2833.45541401274,1.5207571220323,2834,2833,2835,0.684104000765483,0,0.011079927233164,0.0694845159157518,0,0,0,4054,non-mge
3788,2202165,2202875,711,purine-nucleoside phosphorylase,PANCAC_02200,contig_1,+,2835,2832,2834.77074542897,0.474165694166977,2835,2835,2835,0.598161022598662,0,0.0055935305157771,0.0471102200060365,0,0,0,5342,non-mge
3789,2202876,2202995,120,non-cds,non-cds,contig_1,.,2835,2831,2834.39166666667,0.989829230100781,2835,2834,2835,0.613522037517133,0,0.00893424641448845,0.0626333316692608,0,0,0,1011,non-mge
3790,2202996,2203439,444,DNA starvation/stationary phase protection protein,PANCAC_02201,contig_1,-,2835,2833,2834.77027027027,0.52600021364776,2835,2835,2835,0.662527607859121,0,0.00648365823779828,0.0554942602699522,0,0,0,3477,non-mge
3791,2203440,2203638,199,non-cds,non-cds,contig_1,.,2835,2780,2814.93467336683,16.9955654872427,2823,2800,2829,1.09621851268373,0,0.0171837765530615,0.0998577436114818,0,0,0,3570,non-mge
3792,2203639,2204052,414,DUF393 domain-containing protein,PANCAC_02202,contig_1,-,2835,2828,2834.038647343,2.16922210899221,2835,2835,2835,0.645207130731697,0,0.0134921307172178,0.0763479828738001,0,0,0,7193,non-mge
3793,2204053,2204509,457,non-cds,non-cds,contig_1,.,2835,2824,2831.35886214442,2.95624028069138,2831,2830,2834,0.668410917509877,0,0.0107276651215188,0.0667756462483896,0,0,0,5385,non-mge
3794,2204510,2205883,1374,EVE domain-containing protein,PANCAC_02203,contig_1,-,2835,2828,2834.39737991266,1.2934454537381,2835,2834,2835,0.689376001418817,0,0.00881954036603471,0.0632652652321649,0,0,0,17420,non-mge
3795,2205884,2206554,671,non-cds,non-cds,contig_1,.,2835,2741,2825.40238450075,20.5174609360148,2833,2831,2834,0.616427997337825,0,0.0111090176961281,0.0616354510471547,0,0,0,6937,non-mge
3796,2206555,2206785,231,Integral membrane protein,PANCAC_02204,contig_1,-,2834,2830,2832.87445887446,1.4793642984908,2834,2832,2834,0.684284408534968,0,0.00616262177337611,0.0505475716463226,0,0,0,1700,non-mge
3797,2206786,2206815,30,non-cds,non-cds,contig_1,.,2833,2831,2832,0.262612865719445,2832,2832,2832,0.183099382933313,0,0.00610331276444376,0.0334292207659506,0,0,0,127,non-mge
3798,2206816,2207646,831,mannose-6-phosphate isomerase%2C class I,PANCAC_02205,contig_1,-,2835,2830,2834.01684717208,1.21326212644212,2834,2834,2835,0.692962842504613,0,0.0078701241311533,0.0593521554010248,0,0,0,8064,non-mge
3799,2207609,2207755,147,hypothetical protein,PANCAC_02206,contig_1,-,2834,2833,2833.79591836735,0.404406812507895,2834,2834,2834,0.0873217503063055,0,0.00135997268375353,0.00962066618443455,0,0,0,103,non-mge
3800,2207756,2208189,434,non-cds,non-cds,contig_1,.,2835,2833,2834.30184331797,0.64018351393498,2834,2834,2835,0.671896803722493,0,0.0096426298898024,0.0638401599129901,0,0,0,5353,non-mge
3801,2208190,2208855,666,Uncharacterized sugar epimerase YhfK,PANCAC_02207,contig_1,-,2835,2835,2835,0,2835,2835,2835,1.10196419330222,0,0.00987286156257897,0.0728193491248365,0,0,0,8934,non-mge
3802,2208856,2209006,151,non-cds,non-cds,contig_1,.,2835,2833,2833.82781456954,0.428354828056889,2834,2834,2834,0.688672466170092,0,0.0155004475517034,0.0802296548358132,0,0,0,2978,non-mge
3803,2209007,2209327,321,Zn(II)-responsive metalloregulatory transcriptional repressor CzrA,PANCAC_02208,contig_1,+,2835,2834,2834.7507788162,0.433237468427933,2835,2835,2835,0.539862483619175,0,0.00570772830034455,0.0418542393517503,0,0,0,3118,non-mge
3804,2209328,2209328,1,non-cds,non-cds,contig_1,.,2835,2835,2835,NA,2835,2835,2835,0,0,0,NA,0,0,0,0,non-mge
3805,2209329,2210309,981,CDF family zinc efflux transporter CzrB,PANCAC_02209,contig_1,+,2835,2825,2833.48827726809,2.5819457914493,2835,2833,2835,0.690767484185722,0,0.00806202979395295,0.0554574021584883,0,0,0,8332,non-mge
3806,2210310,2210574,265,non-cds,non-cds,contig_1,.,2833,2814,2827.69433962264,5.54876505146332,2830,2824,2833,0.594415114111409,0,0.0135878565224587,0.0686052930275763,0,0,0,3409,non-mge
3807,2210575,2211666,1092,Transcriptional regulator,PANCAC_02210,contig_1,+,2835,2822,2832.9880952381,3.28187607561681,2835,2832,2835,0.688878362709265,0,0.0117023024536335,0.068681506445383,0,0,0,13925,non-mge
3808,2211667,2212108,442,non-cds,non-cds,contig_1,.,2822,2342,2651.22171945701,66.5648929194088,2646,2642.5,2647,0.573681729392092,0,0.00826310809248051,0.057412045619393,0,0,0,7045,non-mge
3809,2212109,2212189,81,Holin-like toxin,PANCAC_02211,contig_1,-,2649,2646,2646.9012345679,0.624598636558009,2647,2647,2647,0.623148389831554,0,0.00773462507978818,0.06923505268941,0,0,0,1815,non-mge
3810,2212190,2212637,448,non-cds,non-cds,contig_1,.,2650,757,1931.37946428571,896.694515869183,2648,762,2649,0.547541269923165,0,0.00297343457796338,0.0294169973063738,0,0,0,931,115
3811,2212638,2212841,204,DNA-invertase hin,PANCAC_02213,contig_1,-,764,761,762.56862745098,0.658551985545847,763,762,763,0.457378071217958,0,0.00364062983320251,0.037658883704546,0,0,0,193,115
3812,2212842,2212899,58,non-cds,non-cds,contig_1,.,761,761,761,0,761,761,761,0,0,0,0,0,0,0,0,115
3813,2212900,2214036,1137,SAP domain-containing protein,PANCAC_02214,contig_1,-,764,751,760.4327176781,2.45793893791382,761,759,762,0.575004165858371,0,0.00613816726177339,0.0488519235649709,0,0,0,2570,115
3814,2214037,2215121,1085,non-cds,non-cds,contig_1,.,2835,754,964.976036866359,619.664563301755,757,757,762,0.459520226018557,0,0.00311717364912515,0.0325867823101311,0,0,0,876,115
3815,2215122,2215979,858,Cof-type HAD-IIB family hydrolase,PANCAC_02215,contig_1,-,2836,2812,2833.75058275058,6.59608319729619,2836,2835,2836,0.687777386701621,0,0.0104137170705472,0.0700090207068374,0,0,0,10960,non-mge
3816,2215980,2216046,67,non-cds,non-cds,contig_1,.,2836,2835,2835.49253731343,0.503717523304066,2835,2835,2836,0.183983644486281,0,0.00325530341048052,0.0226313383781793,0,0,0,142,non-mge
3817,2216047,2216829,783,ABC superfamily ATP binding cassette transporter%2C ABC protein,PANCAC_02216,contig_1,-,2836,2834,2835.47509578544,0.543814753108379,2835,2835,2836,0.690227448291566,0,0.0123113803345746,0.0793560357287447,0,0,0,12958,non-mge
3818,2216830,2217060,231,non-cds,non-cds,contig_1,.,2836,2209,2488.37662337662,311.716567425729,2210,2209,2835,0.43421612650952,0,0.00698821337677072,0.0435045317024753,0,0,0,1054,non-mge
3819,2217061,2218866,1806,glutamine--fructose-6-phosphate transaminase (isomerizing),PANCAC_02217,contig_1,-,2836,2834,2835.87430786268,0.412053760866178,2836,2836,2836,0.682857937115313,0,0.00757177689545956,0.0578631728017503,0,0,0,16032,non-mge
3820,2218867,2219546,680,non-cds,non-cds,contig_1,.,2836,2797,2830.22647058824,9.12998293583068,2833,2830,2836,0.599729232756169,0,0.00562305828748258,0.0462616800185394,0,0,0,3748,non-mge
3821,2219547,2221085,1539,PTS system mannitol-specific EIICB component,PANCAC_02218,contig_1,+,2836,2829,2835.92462638077,0.555886258122471,2836,2836,2836,0.686915869551358,0,0.00767198258974747,0.0559552745705256,0,0,0,12904,non-mge
3822,2221086,2221119,34,non-cds,non-cds,contig_1,.,2836,2836,2836,0,2836,2836,2836,0,0,0,0,0,0,0,0,non-mge
3823,2221120,2223252,2133,BglG family transcription antiterminator,PANCAC_02219,contig_1,+,2836,2770,2825.2648851383,23.8308546657052,2836,2835,2836,0.693147180559945,0,0.0103837326036899,0.0673724988645203,0,0,0,30233,non-mge
3824,2223253,2223263,11,non-cds,non-cds,contig_1,.,2770,2770,2770,0,2770,2770,2770,0.537226515449822,0,0.048838774131802,0.161979889016102,0,0,0,632,non-mge
3825,2223264,2223698,435,Mannitol-specific phosphotransferase enzyme IIA component,PANCAC_02220,contig_1,+,2772,2769,2771.82528735632,0.544604534744003,2772,2772,2772,0.660439216341873,0,0.00827688518240927,0.0554294515575585,0,0,0,3522,non-mge
3826,2223698,2224804,1107,mannitol-1-phosphate 5-dehydrogenase,PANCAC_02221,contig_1,+,2772,2771,2771.46793134598,0.499196065065017,2771,2771,2772,0.691862006988573,0,0.0089085082974734,0.0618569057980346,0,0,0,13910,non-mge
3827,2224805,2225122,318,non-cds,non-cds,contig_1,.,2836,2771,2829.64150943396,18.9626173900716,2836,2835,2836,0.663521734035474,0,0.012008066910112,0.0663280134038634,0,0,0,4894,non-mge
3828,2225123,2232559,7437,DUF1542 domain-containing protein,PANCAC_02222,contig_1,-,2836,2598,2816.87683205594,34.6883054344132,2826,2821,2829,0.834220652313496,0,0.00995732991466321,0.0664859854058363,0,0,0,89310,non-mge
3829,2232560,2232835,276,non-cds,non-cds,contig_1,.,2835,2833,2834.15217391304,0.893631397780323,2834,2833,2835,0.677028026942329,0,0.00923185190557988,0.0482239628967374,0,0,0,2240,non-mge
3830,2232836,2234191,1356,phosphoglucosamine mutase,PANCAC_02223,contig_1,-,2836,2833,2835.72787610619,0.598020278313105,2836,2836,2836,0.676268230331819,0,0.0076494738548232,0.0561141118298066,0,0,0,12936,non-mge
3831,2234192,2234217,26,non-cds,non-cds,contig_1,.,2836,2836,2836,0,2836,2836,2836,0,0,0,0,0,0,0,0,non-mge
3832,2234218,2235150,933,YbbR-like domain-containing protein,PANCAC_02224,contig_1,-,2836,2835,2835.95391211147,0.209787908412866,2836,2836,2836,0.662281629927393,0,0.00489772649290346,0.0422058621904869,0,0,0,4597,non-mge
3833,2235151,2235151,1,non-cds,non-cds,contig_1,.,2836,2836,2836,NA,2836,2836,2836,0,0,0,NA,0,0,0,0,non-mge
3834,2235152,2235961,810,diadenylate cyclase CdaA,PANCAC_02225,contig_1,-,2836,2832,2835.63703703704,0.905476326641068,2836,2836,2836,0.693147180559945,0,0.00594692404068984,0.0517589958810173,0,0,0,5974,non-mge
3835,2235962,2236149,188,non-cds,non-cds,contig_1,.,2836,2835,2835.98404255319,0.12564544929366,2836,2836,2836,0.318463067305299,0,0.00322258112846086,0.0254319181733935,0,0,0,2709,non-mge
3836,2236150,2237058,909,arginase,PANCAC_02226,contig_1,-,2836,2832,2835.21232123212,0.849994818719775,2835,2835,2836,0.533832702482955,0,0.00404634964110736,0.0346312624495875,0,0,0,3112,non-mge
3837,2237059,2237283,225,non-cds,non-cds,contig_1,.,2832,1068,1758.66222222222,720.582825642626,1239,1235,2829,0.0129681208605834,0,0.000123559521914838,0.00104118179622225,0,0,0,10,116
3838,2237284,2238486,1203,ISL3 family IS1181 transposase,PANCAC_02228,contig_1,+,1259,1176,1242.85120532003,15.5943899036201,1248,1240,1251,0,0,0,0,0,0,0,0,116
3839,2238487,2244931,6445,non-cds,non-cds,contig_1,.,2835,1111,2636.4563227308,295.797662484707,2749,2618,2777,0.583963322511597,0,0.000729245415942844,0.0168198146658888,0,0,0,4327,116
3840,2244932,2245879,948,Iron-sulfur cluster carrier protein,PANCAC_02239,contig_1,-,2836,2832,2835.52953586498,0.906490147968458,2836,2835,2836,0.689309875472776,0,0.00578255635011358,0.0485996322260312,0,0,0,6221,non-mge
3841,2245880,2246026,147,non-cds,non-cds,contig_1,.,2834,2827,2830.91836734694,2.52252918329408,2831,2828,2834,0.0254752607088557,0,0.000454304004179674,0.00263994815544683,0,0,0,26,non-mge
3842,2246027,2247469,1443,multidrug efflux MFS transporter LmrS,PANCAC_02240,contig_1,-,2836,2828,2834.88911988912,1.85168873372801,2836,2834,2836,0.68857787189062,0,0.00913299725671623,0.0630650240739775,0,0,0,18566,non-mge
3843,2247470,2247790,321,non-cds,non-cds,contig_1,.,2836,1551,1786.96884735203,268.587088346554,1727,1723,1727,0.67149665052985,0,0.00661660623719496,0.0546896690992716,0,0,0,1529,117
3844,2247791,2248258,468,multidrug efflux transporter SepA,PANCAC_02241,contig_1,-,1778,1770,1775.32692307692,2.32617577243485,1776,1774,1778,0.471822437828594,0,0.00414121156209515,0.0341925689795224,0,0,0,985,117
3845,2248259,2248362,104,non-cds,non-cds,contig_1,.,2596,1728,2194.88461538462,426.680579185671,2594,1728,2596,0.409166990944048,0,0.00417741073079587,0.0401746205627311,0,0,0,379,117
3846,2248363,2249706,1344,multidrug efflux MFS transporter SdrM,PANCAC_02242,contig_1,-,2600,2591,2597.25818452381,1.4463371895931,2597,2597,2598,0.660084211170248,0,0.00530700337325108,0.0424227126874395,0,0,0,6047,non-mge
3847,2249707,2249882,176,non-cds,non-cds,contig_1,.,2835,2598,2692.36931818182,114.02493447408,2601,2600,2832,0.229898799978465,0,0.00318112384245936,0.0235643641233296,0,0,0,373,non-mge
3848,2249883,2250569,687,Hemolysin III,PANCAC_02243,contig_1,-,2836,2832,2834.95342066958,1.18451467557675,2835,2834,2836,0.526770343882912,0,0.00800621187756212,0.0512333521076474,0,0,0,4894,non-mge
3849,2250570,2250584,15,non-cds,non-cds,contig_1,.,2836,2836,2836,0,2836,2836,2836,0.382000563121729,0,0.0260205425892826,0.0985021451869416,0,0,0,365,non-mge
3850,2250585,2251772,1188,putative uridylyltransferase MW2097,PANCAC_02244,contig_1,-,2836,2834,2835.91582491582,0.393269503985966,2836,2836,2836,0.685464234169813,0,0.00726968279614167,0.055003982535609,0,0,0,9547,non-mge
3851,2251773,2251815,43,non-cds,non-cds,contig_1,.,2836,2836,2836,0,2836,2836,2836,0.233620972515007,0,0.00658951333131517,0.0357034691902587,0,0,0,197,non-mge
3852,2251816,2252331,516,Metal-dependent hydrolase,PANCAC_02245,contig_1,-,2836,2832,2835.52325581395,1.09785397921348,2836,2836,2836,0.681736186202874,0,0.0081857334493983,0.0566425921331346,0,0,0,4964,non-mge
3853,2252332,2252507,176,non-cds,non-cds,contig_1,.,2836,2836,2836,0,2836,2836,2836,0.600960649699667,0,0.00626790649311097,0.0481333007132253,0,0,0,1069,non-mge
3854,2252508,2252768,261,UPF0457 protein SAR2264,PANCAC_02246,contig_1,+,2836,2836,2836,0,2836,2836,2836,0.692403731470338,0,0.00896670869984998,0.0696051260304784,0,0,0,6051,non-mge
3855,2252769,2252899,131,non-cds,non-cds,contig_1,.,2836,2836,2836,0,2836,2836,2836,0.554241920509966,0,0.0121810697334946,0.0590818471416079,0,0,0,1342,non-mge
3856,2252900,2254270,1371,Nucleoside transporter/FeoB GTPase Gate domain-containing protein,PANCAC_02247,contig_1,-,2836,2835,2835.91976659373,0.271753330226229,2836,2836,2836,0.717160961357244,0,0.0101765069448533,0.0659847222396758,0,0,0,17566,non-mge
3857,2254271,2254505,235,non-cds,non-cds,contig_1,.,2836,2825,2833.54468085106,3.62581016650357,2835,2834,2835,0.614195884976963,0,0.0113569844082855,0.0635880814354003,0,0,0,2568,non-mge
3858,2254506,2255474,969,Heme ABC type transporter HtsABC%2C permease protein HtsC,PANCAC_02248,contig_1,-,2836,2822,2834.43446852425,3.48344501978689,2836,2835,2836,0.681798685290587,0,0.00994235137454065,0.067917135248571,0,0,0,14199,non-mge
3859,2255471,2256502,1032,Iron-dicitrate ABC transporter (Permease),PANCAC_02249,contig_1,-,2836,2823,2834.33624031008,3.33809749279287,2836,2835,2836,0.678066197612063,0,0.0113818419976648,0.0664012295141812,0,0,0,13205,non-mge
3860,2256503,2256513,11,non-cds,non-cds,contig_1,.,2836,2836,2836,0,2836,2836,2836,0,0,0,0,0,0,0,0,non-mge
3861,2256514,2257497,984,Iron-dicitrate ABC transporter (Binding lipoprotein),PANCAC_02250,contig_1,-,2836,2834,2835.93292682927,0.291579294491746,2836,2836,2836,0.689151710625808,0,0.0105218582290585,0.0698455494648957,0,0,0,13521,non-mge
3862,2257498,2257888,391,non-cds,non-cds,contig_1,.,2835,2826,2832.89769820972,2.51860152912986,2834,2832,2835,0.645362819878786,0,0.0129711670662113,0.0681453918005753,0,0,0,4755,non-mge
3863,2257889,2258959,1071,staphyloferrin A biosynthesis protein SfaC,PANCAC_02251,contig_1,-,2836,2828,2835.24276377218,1.72904852535224,2836,2835,2836,0.770521172553454,0,0.00856064528362494,0.0610955125389605,0,0,0,9967,non-mge
3864,2258960,2258965,6,non-cds,non-cds,contig_1,.,2836,2836,2836,0,2836,2836,2836,0.0172905196967579,0,0.00385251154559853,0.00698335704232772,0,0,0.00436841218262499,9,non-mge
3865,2258966,2260723,1758,staphyloferrin A synthetase SfaB,PANCAC_02252,contig_1,-,2836,2835,2835.95733788396,0.202151688675731,2836,2836,2836,0.692861782831981,0,0.00779569314987599,0.0556163542663842,0,0,0,16739,non-mge
3866,2260710,2261903,1194,staphyloferrin A export MFS transporter,PANCAC_02253,contig_1,-,2836,2828,2834.84673366834,1.63648475852479,2836,2834,2836,1.06770567457265,0,0.0101705998792851,0.069901325712481,0,0,0,14520,non-mge
3867,2261904,2262004,101,non-cds,non-cds,contig_1,.,2836,2833,2834.31683168317,1.16559592543305,2834,2833,2836,0.0587103722905928,0,0.00139449986482729,0.00650859124769287,0,0,0,61,non-mge
3868,2262005,2263981,1977,D-ornithine--citrate ligase SfaD,PANCAC_02254,contig_1,+,2836,2791,2833.9023773394,5.97837528648419,2836,2833,2836,0.692306213886388,0,0.0118497850454203,0.0697075041702955,0,0,0,30389,non-mge
3869,2263982,2264436,455,non-cds,non-cds,contig_1,.,2831,2372,2673.1032967033,101.433906184814,2626,2614,2824,0.525214594575525,0,0.00234408024655911,0.0298232437491821,0,0,0,1027,non-mge
3870,2264437,2265237,801,Transposase InsH N-terminal domain-containing protein,PANCAC_02256,contig_1,+,2762,2320,2635.66916354557,123.331572034189,2676,2589,2718,0.00976800297141601,0,2.87775332069054e-05,0.000444136631563567,0,0,0,7,non-mge
3871,2265238,2265254,17,non-cds,non-cds,contig_1,.,2649,2645,2647.47058823529,1.41940335435455,2647,2646,2649,0,0,0,0,0,0,0,0,non-mge
3872,2265255,2265554,300,IS1182 family transposase,PANCAC_02257,contig_1,+,2716,2646,2678.09666666667,23.1336235239253,2667,2658,2701,0,0,0,0,0,0,0,0,non-mge
3873,2265555,2265716,162,non-cds,non-cds,contig_1,.,2744,2662,2726.66049382716,26.101608332028,2738,2720,2739,0,0,0,0,0,0,0,0,non-mge
3874,2265717,2266061,345,IS1182 family transposase,PANCAC_02258,contig_1,+,2749,2653,2689.48985507246,27.2311495762918,2692,2663,2711,0,0,0,0,0,0,0,0,non-mge
3875,2266062,2266096,35,non-cds,non-cds,contig_1,.,2835,2584,2729.62857142857,95.4337114300336,2674,2663,2834.5,0,0,0,0,0,0,0,0,non-mge
3876,2266097,2266606,510,Alkaline shock protein 23,PANCAC_02259,contig_1,-,2836,2835,2835.96078431373,0.194298325878314,2836,2836,2836,0.692022859001637,0,0.0137813204661674,0.0845087994688127,0,0,0,11195,non-mge
3877,2266607,2266668,62,non-cds,non-cds,contig_1,.,2836,2836,2836,0,2836,2836,2836,0.65764020345261,0,0.0117592514890818,0.0836244779796469,0,0,0,1073,non-mge
3878,2266669,2266908,240,DUF2273 domain-containing protein,PANCAC_02260,contig_1,-,2836,2836,2836,0,2836,2836,2836,0.670878066420256,0,0.00677519877153717,0.0553603763140735,0,0,0,1931,non-mge
3879,2266909,2266920,12,non-cds,non-cds,contig_1,.,2836,2836,2836,0,2836,2836,2836,0,0,0,0,0,0,0,0,non-mge
3880,2266921,2267457,537,alkaline shock response membrane anchor protein AmaP,PANCAC_02261,contig_1,-,2836,2832,2835.51210428305,1.05640488104081,2836,2835,2836,0.685374292981219,0,0.00628210677560146,0.0554537350185711,0,0,0,4205,non-mge
3881,2267458,2267631,174,non-cds,non-cds,contig_1,.,2836,2825,2832.05747126437,3.6615683232564,2834,2829,2836,0.668437798606915,0,0.00837562735655198,0.0613022516319281,0,0,0,1722,non-mge
3882,2267632,2269194,1563,BCCT family transporter,PANCAC_02262,contig_1,-,2836,2833,2835.65834932822,0.765601092489589,2836,2836,2836,0.666323251731325,0,0.00959158415717701,0.0639775359547718,0,0,0,18743,non-mge
3883,2269195,2269500,306,non-cds,non-cds,contig_1,.,2836,2645,2814.96078431373,56.5441226065985,2834,2834,2834,0.926659686144965,0,0.0176432460772691,0.0970962431717882,0,0,0,6365,non-mge
3884,2269501,2270502,1002,Zinc-type alcohol dehydrogenase-like protein MW2112,PANCAC_02263,contig_1,-,2836,2824,2835.19860279441,2.48662316187295,2836,2836,2836,0.683165794371838,0,0.0108912606371751,0.0695783745934249,0,0,0,14252,non-mge
3885,2270503,2270735,233,non-cds,non-cds,contig_1,.,2836,2836,2836,0,2836,2836,2836,0.598068489124165,0,0.0155866720946761,0.0756563701930886,0,0,0,4746,non-mge
3886,2270736,2271740,1005,Quinone oxidoreductase,PANCAC_02264,contig_1,-,2836,2835,2835.94328358209,0.231415108343483,2836,2836,2836,0.90958227105198,0,0.0148011269845534,0.0878209150191216,0,0,0,21394,non-mge
3887,2271741,2272019,279,non-cds,non-cds,contig_1,.,2836,2154,2612.44086021505,317.433529971767,2832,2155,2832,0.663882756842846,0,0.00989094357236219,0.0662925792645609,0,0,0,2802,non-mge
3888,2272020,2272889,870,Alpha/beta hydrolase,PANCAC_02265,contig_1,-,2836,2834,2835.52183908046,0.692791303319712,2836,2835,2836,0.678044546912352,0,0.00819736152091773,0.060098167179446,0,0,0,9289,non-mge
3889,2272890,2273154,265,non-cds,non-cds,contig_1,.,2836,2824,2833.35471698113,3.17462512924968,2835,2833,2835,0.721245978572448,0,0.01417760244794,0.0828334287239583,0,0,0,4461,non-mge
3890,2273155,2274567,1413,6-phospho-beta-galactosidase,PANCAC_02266,contig_1,-,2836,2835,2835.98159943383,0.134442467658701,2836,2836,2836,0.693147180559945,0,0.00838835190226726,0.062588501498368,0,0,0,14712,non-mge
3891,2274568,2274584,17,non-cds,non-cds,contig_1,.,2836,2836,2836,0,2836,2836,2836,0,0,0,0,0,0,0,0,non-mge
3892,2274585,2276297,1713,lactose-specific PTS transporter subunit EIIC,PANCAC_02267,contig_1,-,2836,2834,2835.90134267367,0.380855308835058,2836,2836,2836,0.691828796471107,0,0.00757530455142716,0.0593977812517206,0,0,0,16730,non-mge
3893,2276298,2276302,5,non-cds,non-cds,contig_1,.,2836,2836,2836,0,2836,2836,2836,0,0,0,0,0,0,0,0,non-mge
3894,2276303,2276614,312,PTS system lactose-specific EIIA component,PANCAC_02268,contig_1,-,2836,2835,2835.94230769231,0.233535241194011,2836,2836,2836,0.691747554188111,0,0.0158260413418777,0.0921412952068365,0,0,0,8538,non-mge
3895,2276615,2276635,21,non-cds,non-cds,contig_1,.,2835,2835,2835,0,2835,2835,2835,0.665988741650476,0,0.0322220299345073,0.145232829001093,0,0,0,1091,non-mge
3896,2276636,2277616,981,tagatose-bisphosphate aldolase,PANCAC_02269,contig_1,-,2836,2835,2835.97961264016,0.141393404008837,2836,2836,2836,0.660832564310169,0,0.0107053507917157,0.0713616474779649,0,0,0,16861,non-mge
3897,2277617,2277619,3,non-cds,non-cds,contig_1,.,2836,2836,2836,0,2836,2836,2836,0,0,0,0,0,0,0,0,non-mge
3898,2277620,2278552,933,tagatose-6-phosphate kinase,PANCAC_02270,contig_1,-,2836,2833,2835.8563772776,0.592110645324987,2836,2836,2836,0.685374292981219,0,0.0143014340054616,0.0864957961636562,0,0,0,17727,non-mge
3899,2278553,2278564,12,non-cds,non-cds,contig_1,.,2836,2836,2836,0,2836,2836,2836,0.00582454957683332,0,0.000748448526716661,0.00183820239214526,0,0,0,3,non-mge
3900,2278565,2279080,516,galactose-6-phosphate isomerase subunit LacB,PANCAC_02271,contig_1,-,2836,2835,2835.31395348837,0.464548083737639,2835,2835,2836,0.688221577876082,0,0.0108127251371879,0.0674406291746558,0,0,0,7348,non-mge
3901,2279081,2279095,15,non-cds,non-cds,contig_1,.,2835,2835,2835,0,2835,2835,2835,0.0193891330708753,0,0.00168103258844244,0.00512345338462337,0,0,0,10,non-mge
3902,2279096,2279524,429,galactose-6-phosphate isomerase subunit LacA,PANCAC_02272,contig_1,-,2836,2835,2835.89277389277,0.309761737905267,2836,2836,2836,0.530667280718606,0,0.00505552593729633,0.0400499904853798,0,0,0,1833,non-mge
3903,2279525,2279891,367,non-cds,non-cds,contig_1,.,2836,2824,2834.14713896458,2.44728828179028,2835,2834,2835,0.662348997991107,0,0.015032652729345,0.0781866007310761,0,0,0,5487,non-mge
3904,2279892,2280647,756,Lactose phosphotransferase system repressor,PANCAC_02273,contig_1,-,2836,2834,2835.88624338624,0.337926931278572,2836,2836,2836,0.690530734448026,0,0.00992041614975529,0.069352078504473,0,0,0,9875,non-mge
3905,2280648,2280888,241,non-cds,non-cds,contig_1,.,2836,2831,2834.14107883817,1.53188788686552,2833,2833,2836,0.59935997251929,0,0.00891512412375718,0.0667748469375576,0,0,0,3959,non-mge
3906,2280889,2281629,741,NAD-dependent protein deacylase,PANCAC_02274,contig_1,+,2836,2836,2836,0,2836,2836,2836,0.688785599300162,0,0.0144869370646202,0.0799131719349429,0,0,0,13758,non-mge
3907,2281630,2281919,290,non-cds,non-cds,contig_1,.,2836,2157,2511.1275862069,213.072564919769,2631,2163.5,2645,0.252292591133965,0,0.0042257577796776,0.0270830378666763,0,0,0,746,non-mge
3908,2281920,2282528,609,DUF3885 domain-containing protein,PANCAC_02275,contig_1,-,2178,2163,2173.49261083744,4.13907422524088,2175,2171,2176,0.620295078375896,0,0.00891467293456621,0.0574334382721575,0,0,0,4110,non-mge
3909,2282529,2282789,261,non-cds,non-cds,contig_1,.,2178,2174,2176.90421455939,1.10000937755561,2177,2176,2178,0.691927075763903,0,0.0119108672159301,0.0735738226194073,0,0,0,3082,non-mge
3910,2282790,2282915,126,Doubtful CDS No database matches,PANCAC_02276,contig_1,-,2352,2178,2345.81746031746,15.7822182439102,2347,2342,2352,0.657197250324237,0,0.010613773323992,0.0661055254344776,0,0,0,1094,non-mge
3911,2282916,2283134,219,non-cds,non-cds,contig_1,.,2829,2341,2694.27853881279,205.126611260939,2807,2352,2822,0.653279094051011,0,0.0120986693805004,0.0697314514534537,0,0,0,2641,non-mge
3912,2283135,2283983,849,Aldo/keto reductase,PANCAC_02277,contig_1,-,2829,2827,2828.90812720848,0.316291009462559,2829,2829,2829,0.687005753088584,0,0.00991747858260758,0.063224348736144,0,0,0,11282,non-mge
3913,2283984,2284052,69,non-cds,non-cds,contig_1,.,2829,2828,2828.11594202899,0.322500883904761,2828,2828,2828,0.693147180559945,0,0.0184727916225341,0.0962874513716527,0,0,0,1879,non-mge
3914,2284053,2284469,417,MerR family transcriptional regulator,PANCAC_02278,contig_1,-,2829,2825,2828.11510791367,1.32148919869553,2829,2828,2829,0.976437940806928,0,0.00962277141837539,0.0699210847040127,0,0,0,4372,non-mge
3915,2284470,2284876,407,non-cds,non-cds,contig_1,.,2829,2753,2809.44717444717,18.4095856276508,2811,2811,2818.5,0.566399383784147,0,0.0121249940333134,0.0641095931771986,0,0,0,4281,non-mge
3916,2284877,2287300,2424,hyaluronate lyase HysA,PANCAC_02280,contig_1,+,2834,2444,2819.62128712871,24.9828529027368,2826,2812,2830,0.693147180559945,0,0.00482189888646832,0.0414129020887889,0,0,0,11723,non-mge
3917,2287301,2287359,59,non-cds,non-cds,contig_1,.,2444,2265,2370.96610169492,88.0180165925479,2442,2266,2444,0.411832757407695,0,0.00698021622724907,0.0536160581931377,0,0,0,351,non-mge
3918,2287360,2288214,855,lysostaphin,PANCAC_02281,contig_1,-,2445,2372,2404.93684210526,11.5512598273592,2402,2401,2404,0.713490352234891,0,0.0147743392036222,0.0870118632800672,0,0,0,15395,non-mge
3919,2288215,2288424,210,non-cds,non-cds,contig_1,.,2372,2178,2226.14285714286,70.5950685580539,2196,2187,2233.5,0.586343440603557,0,0.0139257803967054,0.0790535950319043,0,0,0,2503,non-mge
3920,2288425,2289240,816,Uncharacterized hydrolase in edin-B 3'region,PANCAC_02282,contig_1,-,2251,2240,2247.60784313725,2.29282952791426,2247,2246,2250,0.685990036191779,0,0.00874366034954778,0.0642392463821537,0,0,0,6718,non-mge
3921,2289241,2289533,293,non-cds,non-cds,contig_1,.,2833,2221,2527.57337883959,299.258282134134,2240,2233,2830,0.430779657070496,0,0.00494414262108636,0.040666572456042,0,0,0,1022,non-mge
3922,2289534,2289959,426,MAP domain-containing protein,PANCAC_02283,contig_1,+,2833,2831,2832.8896713615,0.355840526047704,2833,2833,2833,0.689468776711157,0,0.0106613618171951,0.0719025932386367,0,0,0,6653,non-mge
3923,2289960,2290322,363,non-cds,non-cds,contig_1,.,2834,2294,2437.75757575758,233.065605414561,2296,2296,2823,0.122645661365595,0,0.000817863917659103,0.00853162844705578,0,0,0,131,non-mge
3924,2290323,2291027,705,acetolactate decarboxylase,PANCAC_02284,contig_1,-,2835,2834,2834.9390070922,0.239487215462713,2835,2835,2835,0.843599228365449,0,0.0108063673512146,0.0766063188519654,0,0,0,11221,non-mge
3925,2291028,2291063,36,non-cds,non-cds,contig_1,.,2835,2835,2835,0,2835,2835,2835,0.528553218139386,0,0.0147697511191233,0.0880787369368819,0,0,0,628,non-mge
3926,2291064,2292728,1665,acetolactate synthase AlsS,PANCAC_02285,contig_1,-,2835,2815,2834.5045045045,2.76614754583378,2835,2835,2835,0.749034565398854,0,0.00833865738793534,0.0561158479006804,0,0,0,15115,non-mge
3927,2292729,2293917,1189,non-cds,non-cds,contig_1,.,2835,488,2416.3952901598,727.900345265567,2831,2469,2834,0.688427029226097,0,0.00802882199501724,0.059341690819884,0,0,0,11017,118
3928,2293918,2295324,1407,hypothetical protein,PANCAC_02286,contig_1,-,490,329,480.638237384506,15.9440001251873,484,481,488,0.195158901968866,0,0.000376557472620453,0.00654717684120335,0,0,0,46,118
3929,2295325,2295452,128,non-cds,non-cds,contig_1,.,389,186,319.3671875,62.9382738596874,328,289.5,373,0.33487705846439,0,0.0057391731463846,0.0326261889376357,0,0,0,60,118
3930,2295453,2296589,1137,AAA+ ATPase domain-containing protein,PANCAC_02287,contig_1,-,492,390,486.539138082674,10.7306371784925,489,487,490,0.247501164135694,0,0.000575578664508287,0.00825034085676149,0,0,0,489,118
3931,2296590,2296638,49,non-cds,non-cds,contig_1,.,488,488,488,0,488,488,488,0.014758186294828,0,0.000301187475404653,0.00210831232783257,0,0,0,1,118
3932,2296639,2297382,744,Phage tail protein,PANCAC_02288,contig_1,-,490,488,488.811827956989,0.73707427338991,489,488,489,0.122868837000249,0,0.000516691288939601,0.00625544317804802,0,0,0,35,118
3933,2297383,2297394,12,non-cds,non-cds,contig_1,.,489,489,489,0,489,489,489,0,0,0,0,0,0,0,0,118
3934,2297395,2297688,294,Type ISP restriction-modification enzyme LLaBIII C-terminal specificity domain-containing protein,PANCAC_02289,contig_1,-,489,486,487.942176870748,1.20297839540222,489,487,489,0.0753764850459008,0,0.000582873254378171,0.00596955839291805,0,0,0,15,118
3935,2297685,2298782,1098,Type ISP restriction-modification enzyme LLaBIII C-terminal specificity domain-containing protein,PANCAC_02290,contig_1,-,492,488,489.999089253188,0.995431263072212,490,489,490,0.367888664978286,0,0.000658858401021676,0.0116315817252833,0,0,0,87,118
3936,2298783,2299326,544,non-cds,non-cds,contig_1,.,2566,478,826.411764705882,724.535288626709,490,485,513,0.207384000634879,0,0.000673962260081777,0.00950435542791865,0,0,0,159,118
3937,2299327,2299725,399,30S ribosomal protein S9,PANCAC_02291,contig_1,-,2836,2824,2834.75187969925,3.46498496817987,2836,2836,2836,0.518504649467934,0,0.00189832446408092,0.0276175501652036,0,0,0,755,non-mge
3938,2299726,2299738,13,non-cds,non-cds,contig_1,.,2835,2835,2835,0,2835,2835,2835,0,0,0,0,0,0,0,0,non-mge
3939,2299739,2300176,438,50S ribosomal protein L13,PANCAC_02292,contig_1,-,2836,2835,2835.61415525114,0.487350839570926,2836,2835,2836,0.452025248413832,0,0.00261389032541895,0.0274885946796932,0,0,0,947,non-mge
3940,2300177,2300415,239,non-cds,non-cds,contig_1,.,2836,2835,2835.43933054393,0.49734713409674,2835,2835,2836,0.382087160295254,0,0.00207023987798689,0.0248519500022062,0,0,0,407,non-mge
3941,2300416,2301219,804,tRNA pseudouridine(38-40) synthase TruA,PANCAC_02293,contig_1,-,2836,2834,2835.92412935323,0.350007810884669,2836,2836,2836,0.846182001803736,0,0.00938794375261643,0.0683268967413163,0,0,0,9472,non-mge
3942,2301220,2301223,4,non-cds,non-cds,contig_1,.,2834,2834,2834,0,2834,2834,2834,0,0,0,0,0,0,0,0,non-mge
3943,2301224,2302030,807,Energy-coupling factor transporter transmembrane protein EcfT,PANCAC_02294,contig_1,-,2836,2833,2835.3990086741,0.903205764912304,2836,2835,2836,0.693134124735511,0,0.00949208193304391,0.0633721523818784,0,0,0,8893,non-mge
3944,2302020,2302880,861,energy-coupling factor transporter ATPase,PANCAC_02295,contig_1,-,2836,2834,2835.8768873403,0.352647887618615,2836,2836,2836,0.686752668327883,0,0.0130959679122771,0.0798211593589888,0,0,0,14634,non-mge
3945,2302877,2303686,810,energy-coupling factor transporter ATPase,PANCAC_02296,contig_1,-,2836,2835,2835.94444444444,0.229202950642954,2836,2836,2836,0.688001751508505,0,0.00784077566784464,0.0566115985562707,0,0,0,6844,non-mge
3946,2303687,2304223,537,non-cds,non-cds,contig_1,.,2836,2812,2833.61080074488,4.16220946179791,2835,2833,2836,0.693147180559945,0,0.0104190682030519,0.0704293360631284,0,0,0,9081,non-mge
3947,2304224,2304592,369,50S ribosomal protein L17,PANCAC_02299,contig_1,-,2836,2835,2835.91327913279,0.281807694650915,2836,2836,2836,0.244069429007843,0,0.00163920343541647,0.0164103862818909,0,0,0,392,non-mge
3948,2304593,2304608,16,non-cds,non-cds,contig_1,.,2836,2836,2836,0,2836,2836,2836,0,0,0,0,0,0,0,0,non-mge
3949,2304609,2305553,945,DNA-directed RNA polymerase subunit alpha,PANCAC_02300,contig_1,-,2836,2836,2836,0,2836,2836,2836,0.637651236721224,0,0.00229943806437025,0.0317870273679591,0,0,0,2447,non-mge
3950,2305554,2305627,74,non-cds,non-cds,contig_1,.,2836,2832,2833.45945945946,1.93871295528541,2832,2832,2836,0.0106837005258121,0,0.00045960240851887,0.00186023290806508,0,0,0,12,non-mge
3951,2305628,2306017,390,30S ribosomal protein S11,PANCAC_02301,contig_1,-,2836,2836,2836,0,2836,2836,2836,0.278954711671772,0,0.000934003477461877,0.0142305546470066,0,0,0,260,non-mge
3952,2306018,2306040,23,non-cds,non-cds,contig_1,.,2836,2836,2836,0,2836,2836,2836,0.00315683274376661,0,0.00013725359755507,0.000658245129842683,0,0,0,1,non-mge
3953,2306041,2306406,366,30S ribosomal protein S13,PANCAC_02302,contig_1,-,2836,2836,2836,0,2836,2836,2836,0.0384524809066746,0,0.000411721761356245,0.0025373257648508,0,0,0,58,non-mge
3954,2306407,2306428,22,non-cds,non-cds,contig_1,.,2836,2836,2836,0,2836,2836,2836,0,0,0,0,0,0,0,0,non-mge
3955,2306429,2306542,114,50S ribosomal protein L36,PANCAC_02303,contig_1,-,2836,2835,2835.88596491228,0.319257211194281,2836,2836,2836,0.00315683274376661,0,2.76915152961984e-05,0.000295664475734832,0,0,0,1,non-mge
3956,2306543,2306573,31,non-cds,non-cds,contig_1,.,2835,2835,2835,0,2835,2835,2835,0.00582635575576123,0,0.00028981219047792,0.00117352088235236,0,0,0,3,non-mge
3957,2306574,2306792,219,translation initiation factor IF-1,PANCAC_02304,contig_1,-,2836,2836,2836,0,2836,2836,2836,0.00830757571750994,0,0.000104697794166909,0.000844741472839682,0,0,0,8,non-mge
3958,2306793,2306984,192,non-cds,non-cds,contig_1,.,2836,2836,2836,0,2836,2836,2836,0.00830757571750994,0,0.000149757117184304,0.000991012415445321,0,0,0,10,non-mge
3959,2306985,2307632,648,adenylate kinase,PANCAC_02305,contig_1,-,2836,2835,2835.93364197531,0.249099165055469,2836,2836,2836,0.339960156520634,0,0.00140855361603822,0.0167027340262514,0,0,0,627,non-mge
3960,2307633,2307648,16,non-cds,non-cds,contig_1,.,2836,2836,2836,0,2836,2836,2836,0.00582454957683332,0,0.000364034348552082,0.00145613739420833,0,0,0,2,non-mge
3961,2307649,2308941,1293,preprotein translocase subunit SecY,PANCAC_02306,contig_1,-,2836,2825,2835.45398298531,1.87300192560834,2836,2836,2836,0.599222736301275,0,0.00532890926421713,0.0480395602880147,0,0,0,7202,non-mge
3962,2308941,2309381,441,50S ribosomal protein L15,PANCAC_02307,contig_1,-,2836,2835,2835.8253968254,0.380058475033046,2836,2836,2836,0.590790131070483,0,0.00345357819684665,0.0362998142454953,0,0,0,1506,non-mge
3963,2309382,2309397,16,non-cds,non-cds,contig_1,.,2836,2836,2836,0,2836,2836,2836,0,0,0,0,0,0,0,0,non-mge
3964,2309398,2309577,180,50S ribosomal protein L30,PANCAC_02308,contig_1,-,2836,2836,2836,0,2836,2836,2836,0.0214317306708344,0,0.000370454602552378,0.00231626201233291,0,0,0,26,non-mge
3965,2309578,2309593,16,non-cds,non-cds,contig_1,.,2836,2836,2836,0,2836,2836,2836,0,0,0,0,0,0,0,0,non-mge
3966,2309594,2310094,501,30S ribosomal protein S5,PANCAC_02309,contig_1,-,2836,2836,2836,0,2836,2836,2836,0.242137554105468,0,0.00112650523046851,0.0130233962841757,0,0,0,355,non-mge
3967,2310095,2310114,20,non-cds,non-cds,contig_1,.,2836,2836,2836,0,2836,2836,2836,0,0,0,0,0,0,0,0,non-mge
3968,2310115,2310474,360,50S ribosomal protein L18,PANCAC_02310,contig_1,-,2836,2836,2836,0,2836,2836,2836,0.210044309017104,0,0.0017182340668204,0.0155930378435386,0,0,0,386,non-mge
3969,2310475,2310504,30,non-cds,non-cds,contig_1,.,2836,2836,2836,0,2836,2836,2836,0.00315683274376661,0,0.000105227758125554,0.000576356168010633,0,0,0,1,non-mge
3970,2310505,2311041,537,50S ribosomal protein L6,PANCAC_02311,contig_1,-,2836,2835,2835.95903165736,0.198401712864541,2836,2836,2836,0.620690153255173,0,0.00186856391523726,0.0275358289032448,0,0,0,1073,non-mge
3971,2311042,2311065,24,non-cds,non-cds,contig_1,.,2836,2836,2836,0,2836,2836,2836,0.0554337742578282,0,0.00230974059407618,0.011315371787359,0,0,0,28,non-mge
3972,2311066,2311464,399,30S ribosomal protein S8,PANCAC_02312,contig_1,-,2836,2836,2836,0,2836,2836,2836,0.685993257230323,0,0.00247136425439898,0.0355685328358702,0,0,0,1417,non-mge
3973,2311465,2311495,31,non-cds,non-cds,contig_1,.,2836,2836,2836,0,2836,2836,2836,0.0106706200537258,0,0.000344213550120186,0.00191649993756238,0,0,0,4,non-mge
3974,2311496,2311681,186,type Z 30S ribosomal protein S14,PANCAC_02313,contig_1,-,2836,2836,2836,0,2836,2836,2836,0.0292675065502273,0,0.000450455755129284,0.00293117583339708,0,0,0,34,non-mge
3975,2311682,2311703,22,non-cds,non-cds,contig_1,.,2836,2836,2836,0,2836,2836,2836,0,0,0,0,0,0,0,0,non-mge
3976,2311704,2312243,540,50S ribosomal protein L5,PANCAC_02314,contig_1,-,2836,2836,2836,0,2836,2836,2836,0.238373151176765,0,0.00187979584235071,0.0180248426313513,0,0,0,672,non-mge
3977,2312244,2312269,26,non-cds,non-cds,contig_1,.,2836,2836,2836,0,2836,2836,2836,0.106567315095575,0,0.00480273881451427,0.0209726182473225,0,0,0,70,non-mge
3978,2312270,2312587,318,50S ribosomal protein L24,PANCAC_02315,contig_1,-,2836,2836,2836,0,2836,2836,2836,0.685192892204506,0,0.00297669245040377,0.0389336563369198,0,0,0,1360,non-mge
3979,2312588,2312622,35,non-cds,non-cds,contig_1,.,2836,2836,2836,0,2836,2836,2836,0.00830757571750994,0,0.000327554527465044,0.00148745922710386,0,0,0,4,non-mge
3980,2312623,2312991,369,50S ribosomal protein L14,PANCAC_02316,contig_1,-,2836,2836,2836,0,2836,2836,2836,0.670878066420256,0,0.002190372054644,0.034976744807382,0,0,0,1170,non-mge
3981,2312992,2313022,31,non-cds,non-cds,contig_1,.,2836,2836,2836,0,2836,2836,2836,0.183983644486281,0,0.00593495627375101,0.0330444380359453,0,0,0,128,non-mge
3982,2313023,2313286,264,30S ribosomal protein S17,PANCAC_02317,contig_1,-,2836,2836,2836,0,2836,2836,2836,0.620129926633852,0,0.00268027061074081,0.038227946473612,0,0,0,917,non-mge
3983,2313287,2313309,23,non-cds,non-cds,contig_1,.,2836,2836,2836,0,2836,2836,2836,0,0,0,0,0,0,0,0,non-mge
3984,2313310,2313519,210,50S ribosomal protein L29,PANCAC_02318,contig_1,-,2836,2836,2836,0,2836,2836,2836,0.0504984821778824,0,0.000356071010983883,0.00354815448429416,0,0,0,33,non-mge
3985,2313509,2313943,435,50S ribosomal protein L16,PANCAC_02319,contig_1,-,2836,2836,2836,0,2836,2836,2836,0.237426899863485,0,0.00232465735217594,0.0194328271588493,0,0,0,661,non-mge
3986,2313944,2313945,2,non-cds,non-cds,contig_1,.,2836,2836,2836,0,2836,2836,2836,0,0,0,0,0,0,0,0,non-mge
3987,2313946,2314599,654,30S ribosomal protein S3,PANCAC_02320,contig_1,-,2836,2836,2836,0,2836,2836,2836,0.530667280718606,0,0.00294081699557551,0.0325397964456844,0,0,0,3650,non-mge
3988,2314600,2314622,23,non-cds,non-cds,contig_1,.,2836,2836,2836,0,2836,2836,2836,0.0106706200537258,0,0.000463940002335903,0.0022249780881283,0,0,0,4,non-mge
3989,2314623,2314976,354,50S ribosomal protein L22,PANCAC_02321,contig_1,-,2836,2835,2835.83615819209,0.37065585827374,2836,2836,2836,0.0886940796858014,0,0.000692851261656099,0.00510876258774034,0,0,0,107,non-mge
3990,2314977,2315004,28,non-cds,non-cds,contig_1,.,2836,2836,2836,0,2836,2836,2836,0,0,0,0,0,0,0,0,non-mge
3991,2315005,2315283,279,30S ribosomal protein S19,PANCAC_02322,contig_1,-,2836,2836,2836,0,2836,2836,2836,0.0872724508199301,0,0.00100721823055603,0.00793358484587308,0,0,0,142,non-mge
3992,2315284,2315349,66,non-cds,non-cds,contig_1,.,2836,2836,2836,0,2836,2836,2836,0.0172905196967579,0,0.000767889779190815,0.00291012851075278,0,0,0,19,non-mge
3993,2315350,2316183,834,50S ribosomal protein L2,PANCAC_02323,contig_1,-,2836,2834,2835.99400479616,0.0914733607520207,2836,2836,2836,0.366107141315461,0,0.00259332675142242,0.023781047055887,0,0,0,1559,non-mge
3994,2316184,2316215,32,non-cds,non-cds,contig_1,.,2834,2834,2834,0,2834,2834,2834,0.677667209764991,0,0.0219105050336767,0.11969981443336,0,0,0,1175,non-mge
3995,2316216,2316491,276,50S ribosomal protein L23,PANCAC_02324,contig_1,-,2836,2834,2835.96739130435,0.197313979038766,2836,2836,2836,0.623730040818454,0,0.00489416200189886,0.0484682478119221,0,0,0,1559,non-mge
3996,2316491,2317114,624,50S ribosomal protein L4,PANCAC_02325,contig_1,-,2836,2835,2835.93108974359,0.253504676774697,2836,2836,2836,0.541557149439149,0,0.00428455925219185,0.0329768243668611,0,0,0,2073,non-mge
3997,2317115,2317140,26,non-cds,non-cds,contig_1,.,2836,2836,2836,0,2836,2836,2836,0.00830757571750994,0,0.000543543280551664,0.00195202223687637,0,0,0,5,non-mge
3998,2317141,2317803,663,50S ribosomal protein L3 RplC,PANCAC_02326,contig_1,-,2836,2836,2836,0,2836,2836,2836,0.530667280718606,0,0.00509284882065019,0.0391883368657357,0,0,0,2892,non-mge
3999,2317804,2317830,27,non-cds,non-cds,contig_1,.,2836,2836,2836,0,2836,2836,2836,0.00315683274376661,0,0.000116919731250615,0.000607532744800093,0,0,0,1,non-mge
4000,2317831,2318139,309,30S ribosomal protein S10,PANCAC_02327,contig_1,-,2836,2836,2836,0,2836,2836,2836,0.659909627942323,0,0.00496865269106348,0.0478470616677526,0,0,0,3635,non-mge
4001,2318140,2318495,356,non-cds,non-cds,contig_1,.,2836,2830,2834.56179775281,1.73582017748335,2835.5,2834,2836,0.603004663063184,0,0.00494432850491467,0.0450350726544128,0,0,0,3018,non-mge
4002,2318496,2318885,390,Integral membrane protein,PANCAC_02328,contig_1,+,2832,2813,2827.30256410256,5.76540017404095,2829,2825,2832,0.636758902118417,0,0.00689176933184186,0.0543476723528823,0,0,0,2942,non-mge
4003,2318886,2319076,191,non-cds,non-cds,contig_1,.,2836,2786,2825.62827225131,15.7377533556535,2831,2829,2835,0.671240007426252,0,0.0148901098861323,0.0801145663875353,0,0,0,3177,non-mge
4004,2319077,2320411,1335,NCS2 family permease,PANCAC_02329,contig_1,-,2836,2835,2835.90561797753,0.292469023678575,2836,2836,2836,0.692904364158085,0,0.00948390553442692,0.0700477208132976,0,0,0,20623,non-mge
4005,2320412,2320523,112,non-cds,non-cds,contig_1,.,2836,2835,2835.66071428571,0.475594865605671,2836,2835,2836,0.625628220220571,0,0.00873581584119541,0.0619074474757528,0,0,0,1107,non-mge
4006,2320524,2322659,2136,DNA topoisomerase 3,PANCAC_02330,contig_1,-,2836,2830,2835.29962546816,1.77257796628116,2836,2836,2836,0.693087274231022,0,0.00923477281953041,0.0651355236309585,0,0,0,27140,non-mge
4007,2322660,2322845,186,non-cds,non-cds,contig_1,.,2836,2831,2834.79569892473,1.5738342904285,2836,2833,2836,0.550191357964427,0,0.00937759487393029,0.0627195458877496,0,0,0,1803,non-mge
4008,2322846,2323733,888,N-acetyltransferase domain-containing protein,PANCAC_02331,contig_1,+,2836,2833,2835.58445945946,0.913178931864676,2836,2836,2836,0.686335826362985,0,0.00955614854299565,0.0618047406102162,0,0,0,8972,non-mge
4009,2323734,2323913,180,non-cds,non-cds,contig_1,.,2836,2835,2835.76111111111,0.427594138596271,2836,2836,2836,0.495038995691561,0,0.00611091172688269,0.0442072842831249,0,0,0,965,non-mge
4010,2323914,2324777,864,putative glucose uptake protein GlcU,PANCAC_02332,contig_1,+,2836,2835,2835.99074074074,0.0958339980720448,2836,2836,2836,0.6471306973738,0,0.00545048442476112,0.0450148021743296,0,0,0,4706,non-mge
4011,2324778,2325195,418,non-cds,non-cds,contig_1,.,2836,1313,2725.96650717703,393.153881953015,2835,2834,2836,0.661015555979983,0,0.00774997212451274,0.0539368006873661,0,0,0,3258,non-mge
4012,2325196,2326104,909,AEC family transporter,PANCAC_02333,contig_1,-,2836,2834,2835.53135313531,0.635197804395427,2836,2835,2836,0.533734459350593,0,0.00817856674155867,0.0557707506182122,0,0,0,7105,non-mge
4013,2326105,2326236,132,non-cds,non-cds,contig_1,.,2836,2833,2835.10606060606,1.30914327651188,2836,2834,2836,0.529882786074831,0,0.00627957314820251,0.0490004259729885,0,0,0,812,non-mge
4014,2326237,2326401,165,SE1832 family protein,PANCAC_02334,contig_1,+,2836,2833,2835.92121212121,0.331071409066021,2836,2836,2836,0.634200335605719,0,0.0119709232666578,0.0766695772758256,0,0,0,3364,non-mge
4015,2326402,2326645,244,non-cds,non-cds,contig_1,.,2836,2836,2836,0,2836,2836,2836,0.528898829951468,0,0.0126288484764295,0.0663087383403027,0,0,0,2867,non-mge
4016,2326646,2326963,318,membrane stabilizing protein MspA,PANCAC_02335,contig_1,+,2836,2833,2835.84591194969,0.494288149318866,2836,2836,2836,0.661198016256736,0,0.0114360315653149,0.0677512652992032,0,0,0,3815,non-mge
4017,2326964,2327149,186,non-cds,non-cds,contig_1,.,2836,2715,2823.33870967742,35.59954913853,2836,2833,2836,0.542365927655162,0,0.013532544791684,0.0670933187137464,0,0,0,2277,non-mge
4018,2327150,2330317,3168,multidrug efflux RND transporter permease subunit AcrB,PANCAC_02336,contig_1,-,2836,2834,2835.92171717172,0.280165192477675,2836,2836,2836,0.693147180559945,0,0.00816952859521454,0.0604114406097199,0,0,0,38626,non-mge
4019,2330318,2330433,116,non-cds,non-cds,contig_1,.,2836,2836,2836,0,2836,2836,2836,0.0886940796858014,0,0.00160928349668116,0.00877782444545401,0,0,0,87,non-mge
4020,2330434,2331699,1266,lipid II:glycine glycyltransferase,PANCAC_02337,contig_1,-,2836,2832,2835.66587677725,0.910051849618402,2836,2836,2836,0.67856141327336,0,0.00979501764490493,0.0672647952949014,0,0,0,18930,non-mge
4021,2331700,2332087,388,non-cds,non-cds,contig_1,.,2836,2835,2835.73195876289,0.44351110074757,2836,2835,2836,0.668703139941457,0,0.00941357232071663,0.0669873710291187,0,0,0,4427,non-mge
4022,2332088,2332339,252,hypothetical protein,PANCAC_02338,contig_1,+,2836,2831,2835.05555555556,1.5858214182582,2836,2835,2836,0.634200335605719,0,0.00740940349676792,0.0523720090193495,0,0,0,1876,non-mge
4023,2332331,2333095,765,Glyoxalase-like domain-containing protein,PANCAC_02339,contig_1,-,2836,2830,2835.41307189542,1.23827975647488,2836,2835,2836,0.805281872206163,0,0.0095851103329554,0.0671549684642787,0,0,0,9522,non-mge
4024,2333096,2333256,161,non-cds,non-cds,contig_1,.,2833,2830,2831.68322981366,0.958008091357056,2832,2831,2832,0.691465433911202,0,0.0128074562375853,0.077287014477192,0,0,0,2660,non-mge
4025,2333257,2333697,441,Uncharacterized HTH-type transcriptional regulator SA2060,PANCAC_02340,contig_1,+,2836,2830,2834.59637188209,1.80413300445201,2835,2834,2836,0.675088590197867,0,0.0116730432417563,0.0677574372290462,0,0,0,5312,non-mge
4026,2333690,2334901,1212,Major facilitator superfamily (MFS) profile domain-containing protein,PANCAC_02341,contig_1,+,2836,2833,2835.6699669967,0.724689516751418,2836,2836,2836,0.68905551272373,0,0.00983737137688771,0.0679533199581673,0,0,0,14688,non-mge
4027,2334902,2335004,103,non-cds,non-cds,contig_1,.,2836,2836,2836,0,2836,2836,2836,0.0471379301932932,0,0.000786831080825931,0.00504412931765725,0,0,0,36,non-mge
4028,2335005,2335355,351,HTH-type transcriptional regulator SarV,PANCAC_02342,contig_1,-,2836,2832,2835.18233618234,1.37147520609898,2836,2835,2836,0.45540311418134,0,0.00505769176841062,0.0393277746617917,0,0,0,3393,non-mge
4029,2335356,2336045,690,non-cds,non-cds,contig_1,.,2835,1843,2622.85217391304,325.96627578451,2833,2386,2834,0.661037829396393,0,0.0107864175179269,0.0603241353427261,0,0,0,6683,non-mge
4030,2336046,2337068,1023,GTP 3'%2C8-cyclase MoaA,PANCAC_02344,contig_1,-,2836,2834,2835.87390029326,0.429732927835486,2836,2836,2836,0.689756189880478,0,0.0104705654570815,0.0722643239374597,0,0,0,15828,non-mge
4031,2337069,2337087,19,non-cds,non-cds,contig_1,.,2836,2836,2836,0,2836,2836,2836,0.668861885857868,0,0.0352032571504141,0.153447440402131,0,0,0,1105,non-mge
4032,2337088,2337687,600,molybdenum cofactor guanylyltransferase MobA,PANCAC_02345,contig_1,-,2836,2833,2835.74666666667,0.634949465386719,2836,2836,2836,0.651000772434571,0,0.00579376186932757,0.0491468240306903,0,0,0,3681,non-mge
4033,2337688,2337693,6,non-cds,non-cds,contig_1,.,2836,2836,2836,0,2836,2836,2836,0.676531254286414,0,0.114139805000654,0.275534456403233,0,0,0.00623068178813246,1161,non-mge
4034,2337694,2337927,234,molybdopterin converting factor subunit 1,PANCAC_02346,contig_1,-,2836,2836,2836,0,2836,2836,2836,1.0952059065335,0,0.011501178728742,0.0865594562494806,0,0,0,3537,non-mge
4035,2337928,2337932,5,non-cds,non-cds,contig_1,.,2836,2836,2836,0,2836,2836,2836,0,0,0,0,0,0,0,0,non-mge
4036,2337933,2338379,447,Molybdopterin synthase catalytic subunit,PANCAC_02347,contig_1,-,2836,2835,2835.90380313199,0.295191412687933,2836,2836,2836,0.69209684695266,0,0.00568280766716624,0.0508811713101785,0,0,0,5981,non-mge
4037,2338380,2338392,13,non-cds,non-cds,contig_1,.,2836,2835,2835.92307692308,0.277350098112615,2836,2836,2836,0,0,0,0,0,0,0,0,non-mge
4038,2338393,2338878,486,molybdopterin-guanine dinucleotide biosynthesis protein B,PANCAC_02348,contig_1,-,2836,2835,2835.96090534979,0.194019882316755,2836,2836,2836,0.65764020345261,0,0.0121219492375649,0.0692771087075806,0,0,0,5860,non-mge
4039,2338875,2340134,1260,gephyrin-like molybdotransferase Glp,PANCAC_02349,contig_1,-,2836,2835,2835.90873015873,0.288106811361608,2836,2836,2836,0.999194100529466,0,0.0102665571622593,0.0732712969524479,0,0,0,21068,non-mge
4040,2340135,2340196,62,non-cds,non-cds,contig_1,.,2836,2835,2835.38709677419,0.491062371574435,2835,2835,2836,0.0129483595133557,0,0.000259761165437456,0.00168621267132386,0,0,0,6,non-mge
4041,2340197,2340691,495,cyclic pyranopterin monophosphate synthase MoaC,PANCAC_02350,contig_1,+,2836,2835,2835.99191919192,0.0896199439160939,2836,2836,2836,0.650790394353314,0,0.00741172538561212,0.0621904740201843,0,0,0,5407,non-mge
4042,2340692,2340692,1,non-cds,non-cds,contig_1,.,2836,2836,2836,NA,2836,2836,2836,0,0,0,NA,0,0,0,0,non-mge
4043,2340693,2341199,507,Molybdenum cofactor biosynthesis protein B,PANCAC_02351,contig_1,-,2836,2835,2835.93688362919,0.24341232010175,2836,2836,2836,0.662816279160253,0,0.00848380287095932,0.059867328345849,0,0,0,4812,non-mge
4044,2341200,2341229,30,non-cds,non-cds,contig_1,.,2836,2836,2836,0,2836,2836,2836,0,0,0,0,0,0,0,0,non-mge
4045,2341230,2342234,1005,THIF-type NAD/FAD binding fold domain-containing protein,PANCAC_02352,contig_1,-,2836,2833,2835.83184079602,0.617298037465799,2836,2836,2836,0.663696775697101,0,0.0101715836243857,0.0684923194627997,0,0,0,13697,non-mge
4046,2342235,2342403,169,non-cds,non-cds,contig_1,.,2836,2835,2835.73964497041,0.440132411747176,2836,2835,2836,0.0785833664171198,0,0.000781418118624244,0.00633260736327552,0,0,0,63,non-mge
4047,2342404,2343009,606,ATP-binding cassette domain-containing protein,PANCAC_02353,contig_1,-,2836,2836,2836,0,2836,2836,2836,0.671480710054397,0,0.00598162193043538,0.04533291445424,0,0,0,3497,non-mge
4048,2343010,2343681,672,molybdate ABC transporter permease subunit,PANCAC_02354,contig_1,-,2836,2835,2835.93601190476,0.244914023981305,2836,2836,2836,0.551413672252048,0,0.00693556928528377,0.0489196654157559,0,0,0,4267,non-mge
4049,2343682,2343694,13,non-cds,non-cds,contig_1,.,2836,2836,2836,0,2836,2836,2836,0,0,0,0,0,0,0,0,non-mge
4050,2343695,2344477,783,molybdate ABC transporter substrate-binding protein,PANCAC_02355,contig_1,-,2836,2832,2835.40229885057,0.865859907031626,2836,2835,2836,0.686784049939878,0,0.00994683540623782,0.0712665921100991,0,0,0,10004,non-mge
4051,2344478,2344766,289,non-cds,non-cds,contig_1,.,2834,2829,2832.49134948097,1.27233978158355,2833,2832,2833,0.401089688077258,0,0.00485335303055284,0.0331416357339315,0,0,0,1042,non-mge
4052,2344767,2345564,798,formate dehydrogenase accessory sulfurtransferase FdhD,PANCAC_02356,contig_1,+,2836,2831,2835.75438596491,0.71008124115301,2836,2836,2836,0.835193385270965,0,0.00927118933899758,0.0691680406022925,0,0,0,10398,non-mge
4053,2345565,2345735,171,non-cds,non-cds,contig_1,.,2835,2831,2834.04093567251,1.60277966320353,2835,2833,2835,0.299226311894119,0,0.00683200932385466,0.039146483040947,0,0,0,870,non-mge
4054,2345736,2346506,771,N-acetyltransferase domain-containing protein,PANCAC_02357,contig_1,-,2836,2834,2835.60181582361,0.581933028064128,2836,2835,2836,0.671778911039821,0,0.0115460776775846,0.068456605343984,0,0,0,9452,non-mge
4055,2346507,2346577,71,non-cds,non-cds,contig_1,.,2836,2836,2836,0,2836,2836,2836,0.0785833664171198,0,0.00115127041071671,0.00932830255402451,0,0,0,44,non-mge
4056,2346578,2347132,555,Biotin transporter,PANCAC_02358,contig_1,-,2836,2835,2835.91531531532,0.278663066027606,2836,2836,2836,0.691072960979857,0,0.00694785560069963,0.0511947384037277,0,0,0,7061,non-mge
4057,2347133,2347252,120,non-cds,non-cds,contig_1,.,2836,2835,2835.475,0.501468431942923,2835,2835,2836,0.643848788873734,0,0.0078654826009916,0.0613288200386201,0,0,0,1160,non-mge
4058,2347253,2348194,942,Purine nucleosidase,PANCAC_02359,contig_1,-,2836,2835,2835.95435244161,0.208830443374789,2836,2836,2836,0.814890702496521,0,0.0104055787353181,0.0651313649758991,0,0,0,11036,non-mge
4059,2348195,2348592,398,non-cds,non-cds,contig_1,.,2836,2826,2833.6256281407,2.41490887383541,2834,2832,2836,0.647438028371479,0,0.0117432165064553,0.0663393837572041,0,0,0,4614,non-mge
4060,2348593,2349501,909,Fe/B12 periplasmic-binding domain-containing protein,PANCAC_02360,contig_1,-,2836,2832,2835.38393839384,1.09916142472805,2836,2835,2836,0.668223763502032,0,0.00595839191650027,0.0456740340894403,0,0,0,7089,non-mge
4061,2349502,2349714,213,non-cds,non-cds,contig_1,.,2836,2832,2835.00938967136,1.4340555051251,2836,2834,2836,0.661198016256736,0,0.0107730466017727,0.075249015700951,0,0,0,3850,non-mge
4062,2349715,2349897,183,acyl-CoA dehydrogenase family protein,PANCAC_02361,contig_1,-,2836,2836,2836,0,2836,2836,2836,0.529342022418137,0,0.00621755935957806,0.0449302437131204,0,0,0,1015,non-mge
4063,2349898,2350013,116,non-cds,non-cds,contig_1,.,2836,2836,2836,0,2836,2836,2836,0.664564061254578,0,0.00585957864303972,0.0617070219526867,0,0,0,1085,non-mge
4064,2350014,2350880,867,Acyl-CoA dehydrogenase,PANCAC_02362,contig_1,-,2836,2832,2835.55363321799,0.98385116375841,2836,2836,2836,0.693046662515059,0,0.00740031192211197,0.0547496640998076,0,0,0,10194,non-mge
4065,2350881,2351096,216,non-cds,non-cds,contig_1,.,2836,2773,2825.92592592593,20.4210122992157,2836,2834,2836,0.684960811206726,0,0.0167033909436851,0.0949184692345276,0,0,0,4913,non-mge
4066,2351097,2352002,906,urea transporter,PANCAC_02363,contig_1,-,2836,2832,2835.20198675497,1.26230361366988,2836,2835,2836,0.687852679298949,0,0.00863204672643085,0.0597176498123994,0,0,0,9734,non-mge
4067,2352003,2352261,259,non-cds,non-cds,contig_1,.,2836,2790,2816.86872586873,20.7515327424505,2831,2790,2834,0.583003530937948,0,0.00979181469837607,0.0544760163886776,0,0,0,2205,non-mge
4068,2352262,2352564,303,urease subunit gamma,PANCAC_02364,contig_1,+,2836,2836,2836,0,2836,2836,2836,0.303247090750699,0,0.00158418437036013,0.0192772098339658,0,0,0,360,non-mge
4069,2352565,2352577,13,non-cds,non-cds,contig_1,.,2836,2836,2836,0,2836,2836,2836,0.0151470613380297,0,0.00244324713638843,0.00491479196218959,0,0,0,12,non-mge
4070,2352578,2352988,411,urease subunit beta,PANCAC_02365,contig_1,+,2836,2836,2836,0,2836,2836,2836,0.597093475065986,0,0.0082770384633629,0.0587495303698644,0,0,0,3531,non-mge
4071,2352985,2354700,1716,urease subunit alpha,PANCAC_02366,contig_1,+,2836,2833,2835.78554778555,0.570959800110334,2836,2836,2836,0.688647618410629,0,0.00830080596760296,0.0543879885141017,0,0,0,14119,non-mge
4072,2354701,2354712,12,non-cds,non-cds,contig_1,.,2836,2836,2836,0,2836,2836,2836,0.00315683274376661,0,0.000526138790627769,0.00122879547895842,0,0,0,2,non-mge
4073,2354713,2355165,453,urease accessory protein UreE,PANCAC_02368,contig_1,+,2836,2835,2835.96688741722,0.179128366850005,2836,2836,2836,0.68969501268573,0,0.00671128221860737,0.0606195382006066,0,0,0,3960,non-mge
4074,2355158,2355847,690,Urease accessory protein UreF,PANCAC_02369,contig_1,+,2836,2834,2835.82753623188,0.431820011008529,2836,2836,2836,0.693147180559945,0,0.00773976862643818,0.0561934926999706,0,0,0,6693,non-mge
4075,2355848,2355859,12,non-cds,non-cds,contig_1,.,2836,2836,2836,0,2836,2836,2836,0.0402251943855595,0,0.00335209953212996,0.0116120134033539,0,0,0,19,non-mge
4076,2355860,2356474,615,urease accessory protein UreG,PANCAC_02370,contig_1,+,2836,2831,2835.49756097561,1.28493294509604,2836,2836,2836,0.693093093295874,0,0.00994429352997683,0.0671585090538226,0,0,0,7359,non-mge
4077,2356474,2357310,837,Urease accessory protein UreD,PANCAC_02371,contig_1,+,2836,2833,2835.59617682198,0.786783596693989,2836,2836,2836,0.690822656075486,0,0.00874120016034699,0.0590860376107585,0,0,0,7905,non-mge
4078,2357311,2357498,188,non-cds,non-cds,contig_1,.,2836,2818,2830.70212765957,7.36130915355442,2835,2821,2836,0.23457561446224,0,0.00280684290839786,0.0219781128608106,0,0,0,352,non-mge
4079,2357499,2357846,348,HTH-type transcriptional regulator SarR,PANCAC_02373,contig_1,-,2836,2816,2826.43103448276,7.94566287863637,2824,2819,2835,0.0193891330708753,0,0.000530189468271524,0.00255202529315841,0,0,0,70,non-mge
4080,2357847,2358273,427,non-cds,non-cds,contig_1,.,2836,2828,2834.74473067916,1.86717106952814,2836,2834,2836,0.646024276968372,0,0.00470054944062856,0.0381685323810782,0,0,0,1846,non-mge
4081,2358274,2358600,327,YokE-like PH domain-containing protein,PANCAC_02374,contig_1,-,2831,2816,2826.66666666667,4.51400909598213,2829,2824,2830,0.643175858503769,0,0.016486096759584,0.09093544345344,0,0,0,7416,non-mge
4082,2358601,2358663,63,non-cds,non-cds,contig_1,.,2831,2828,2829.42857142857,0.776972738224901,2830,2829,2830,0.0455145978927784,0,0.0014047171441618,0.00649712309318508,0,0,0,39,non-mge
4083,2358664,2359407,744,Transcriptional regulator SarA/SarZ/Rot-like helix-turn-helix domain-containing protein,PANCAC_02375,contig_1,-,2836,2828,2834.26478494624,1.65976751910774,2835,2835,2835,0.832420311458012,0,0.00992833414833151,0.0688194252703711,0,0,0,11760,non-mge
4084,2359408,2359432,25,non-cds,non-cds,contig_1,.,2836,2836,2836,0,2836,2836,2836,0.00315683274376661,0,0.000126273309750665,0.000631366548753323,0,0,0,1,non-mge
4085,2359433,2361388,1956,HTH araC/xylS-type domain-containing protein,PANCAC_02376,contig_1,-,2836,2826,2834.65644171779,2.05140197015328,2836,2834,2836,0.690284084655304,0,0.0113227645949193,0.0752719093077872,0,0,0,32942,non-mge
4086,2361389,2361997,609,non-cds,non-cds,contig_1,.,2836,2828,2834.89983579639,1.86064239029744,2836,2835,2836,0.718915010111927,0,0.00941230070994775,0.0598347198527112,0,0,0,5955,non-mge
4087,2361998,2362801,804,Staphylococcal secretory antigen ssaA2,PANCAC_02377,contig_1,+,2836,2099,2768.80348258706,166.465546793627,2834,2824,2834,0.693147180559945,0,0.00400649700836667,0.0398339799083732,0,0,0,3618,non-mge
4088,2362802,2363233,432,non-cds,non-cds,contig_1,.,2834,2800,2828.07638888889,9.48835886668423,2832,2830,2834,0.646189667412465,0,0.00504751554205209,0.0378195441794891,0,0,0,4418,non-mge
4089,2363234,2364631,1398,Na+/H+ antiporter NhaC,PANCAC_02379,contig_1,-,2836,2832,2835.55865522175,0.923986520110749,2836,2836,2836,0.763943650470024,0,0.0104465875226572,0.0665637099415145,0,0,0,15691,non-mge
4090,2364632,2364728,97,non-cds,non-cds,contig_1,.,2836,2835,2835.59793814433,0.492861411690975,2836,2835,2836,0.187249484151983,0,0.00349326809985421,0.0210362094371662,0,0,0,204,non-mge
4091,2364729,2365811,1083,6-phosphogluconate dehydrogenase%2C decarboxylating,PANCAC_02380,contig_1,-,2836,2835,2835.93074792244,0.25399960372061,2836,2836,2836,0.68969501268573,0,0.00534170004371004,0.0489664218955418,0,0,0,7586,non-mge
4092,2365812,2366058,247,non-cds,non-cds,contig_1,.,2836,2823,2832.72469635628,3.96595232631208,2835,2830,2836,0.0538020367161785,0,0.00105631194914577,0.00526191939486614,0,0,0,112,non-mge
4093,2366059,2366481,423,DUF4870 domain-containing protein,PANCAC_02381,contig_1,+,2836,2833,2835.10165484634,1.09785318471269,2836,2834,2836,0.687077051152611,0,0.0097473323882182,0.0719733507591407,0,0,0,6488,non-mge
4094,2366482,2366717,236,non-cds,non-cds,contig_1,.,2836,2833,2835.24152542373,0.780706310997762,2835,2835,2836,0.620497628113372,0,0.00351030969324407,0.0409565954459792,0,0,0,986,non-mge
4095,2366718,2367218,501,Secretory antigen SsaA,PANCAC_02382,contig_1,+,2836,2828,2835.17964071856,1.95541930814306,2836,2836,2836,0.689756189880478,0,0.00777923373113162,0.0610430926390786,0,0,0,6392,non-mge
4096,2367219,2367579,361,non-cds,non-cds,contig_1,.,2835,2828,2833.36565096953,1.86020762881023,2834,2833,2835,0.686373169964713,0,0.0110894806685788,0.0699125829800177,0,0,0,4586,non-mge
4097,2367580,2368533,954,Putative 2-hydroxyacid dehydrogenase MW2224,PANCAC_02383,contig_1,+,2836,2833,2835.78092243187,0.490425418961375,2836,2836,2836,0.686915869551358,0,0.0077083095501811,0.0614262331911308,0,0,0,10633,non-mge
4098,2368534,2368624,91,non-cds,non-cds,contig_1,.,2836,2831,2833.47252747253,1.7596758498255,2833,2833,2835.5,0.666284764738426,0,0.0112885184310721,0.075515157769589,0,0,0,1352,non-mge
4099,2368625,2369749,1125,Salicylate hydroxylase,PANCAC_02384,contig_1,-,2836,2834,2835.93244444444,0.290517053140229,2836,2836,2836,0.691907975201116,0,0.0105073756771446,0.0731005781352855,0,0,0,16589,non-mge
4100,2369750,2370059,310,non-cds,non-cds,contig_1,.,2835,1481,2732.56129032258,354.852630587999,2834,2833,2834,0.693147180559945,0,0.0116921608033561,0.0747287669430349,0,0,0,4540,non-mge
4101,2370060,2370836,777,Autolysin,PANCAC_02385,contig_1,-,2836,2829,2834.29472329472,2.57653676630654,2836,2834,2836,0.686624210731798,0,0.0066323953529957,0.0525191120392267,0,0,0,6174,non-mge
4102,2370837,2370857,21,non-cds,non-cds,contig_1,.,2836,2836,2836,0,2836,2836,2836,0.00315683274376661,0,0.000150325368750791,0.000688877381172649,0,0,0,1,non-mge
4103,2370858,2371091,234,Group-Specific protein,PANCAC_02386,contig_1,-,2836,2836,2836,0,2836,2836,2836,0.235528142343013,0,0.00213775747871659,0.0195562907206249,0,0,0,337,non-mge
4104,2371092,2371318,227,non-cds,non-cds,contig_1,.,2836,1591,2195.28193832599,618.464677509718,1593,1592,2835,0.246401605899281,0,0.00240997719738351,0.0193001790002671,0,0,0,296,119
4105,2371319,2371792,474,DUF1641 domain-containing protein,PANCAC_02387,contig_1,-,2836,2832,2835.31223628692,1.06430557766795,2836,2835,2836,0.424703838493904,0,0.00155540603898407,0.0203284335723053,0,0,0,575,non-mge
4106,2371792,2374830,3039,formate dehydrogenase subunit alpha,PANCAC_02388,contig_1,-,2836,2830,2835.79269496545,0.770890285878226,2836,2836,2836,0.692341603207963,0,0.00632987170178843,0.0532135661560427,0,0,0,24014,non-mge
4107,2374831,2375347,517,non-cds,non-cds,contig_1,.,2836,2772,2827.1586073501,15.0645249256345,2832,2828,2834,0.653646164646089,0,0.0104836647221391,0.0643236129904178,0,0,0,6368,non-mge
4108,2375348,2376295,948,LytR family transcriptional regulator,PANCAC_02389,contig_1,-,2836,2835,2835.82805907173,0.377528265187948,2836,2836,2836,0.692584133269144,0,0.00529046043077428,0.0425214383625908,0,0,0,4947,non-mge
4109,2376296,2376427,132,non-cds,non-cds,contig_1,.,2836,2833,2834.40151515152,1.11108123176727,2834,2833,2835,0.619567379082405,0,0.0102331910866476,0.0664558448482058,0,0,0,1472,non-mge
4110,2376428,2377225,798,Inositol monophosphatase family protein,PANCAC_02390,contig_1,-,2836,2835,2835.8320802005,0.374029479154044,2836,2836,2836,0.693147180559945,0,0.00742496278592673,0.0546834312512525,0,0,0,6798,non-mge
4111,2377226,2377609,384,non-cds,non-cds,contig_1,.,2836,2836,2836,0,2836,2836,2836,0.688785599300162,0,0.00638388680038958,0.0537591168976025,0,0,0,3221,non-mge
4112,2377610,2378302,693,HTH deoR-type domain-containing protein,PANCAC_02392,contig_1,+,2836,2835,2835.97402597403,0.159172660154186,2836,2836,2836,0.685192892204506,0,0.00569117490363997,0.0462100424422618,0,0,0,6170,non-mge
4113,2378303,2378948,646,non-cds,non-cds,contig_1,.,2836,1372,2143.68421052632,433.842249004893,2020,1953,2615,0.383485049843432,0,0.000692261709937376,0.0151438056498302,0,0,0,190,120
4114,2378949,2379686,738,CPBP family intramembrane metalloprotease SdpB,PANCAC_02394,contig_1,-,2835,2822,2830.9918699187,3.95701997494404,2833,2827,2834,0.633020549761707,0,0.00730820452737763,0.0556964529734295,0,0,0,5699,non-mge
4115,2379687,2379734,48,non-cds,non-cds,contig_1,.,2833,2833,2833,0,2833,2833,2833,0.530521210785554,0,0.0207477033273848,0.0861892667899666,0,0,0,953,non-mge
4116,2379735,2380064,330,Transmembrane protein,PANCAC_02395,contig_1,+,2834,2829,2831.80909090909,1.68578242751733,2833,2830,2833,0.662036153184197,0,0.0071792112357629,0.0477261607069093,0,0,0,2235,non-mge
4117,2380065,2380508,444,non-cds,non-cds,contig_1,.,2831,2803,2823.29279279279,8.03125060707406,2827,2819,2830,0.692922754856611,0,0.00589805799870244,0.0527372025105103,0,0,0,3325,non-mge
4118,2380509,2381381,873,MurR/RpiR family transcriptional regulator,PANCAC_02396,contig_1,+,2836,2824,2834.61282932417,2.42529112779311,2836,2835,2836,0.690054510497101,0,0.00743587838248611,0.0575392865632678,0,0,0,7703,non-mge
4119,2381382,2381767,386,non-cds,non-cds,contig_1,.,2836,2825,2832.85751295337,3.63716859067251,2834,2830,2836,0.692238536163459,0,0.00781112153327532,0.0564265800060444,0,0,0,3742,non-mge
4120,2381768,2383147,1380,Amino acid permease/ SLC12A domain-containing protein,PANCAC_02397,contig_1,-,2836,2832,2835.52391304348,0.755070301326817,2836,2835,2836,0.797600089546781,0,0.0101504547815739,0.0679783728294927,0,0,0,18944,non-mge
4121,2383148,2383426,279,non-cds,non-cds,contig_1,.,2836,2834,2835.73476702509,0.530958004329892,2836,2836,2836,0.679048426483481,0,0.00662922164896819,0.0476572653743386,0,0,0,1919,non-mge
4122,2383427,2383783,357,Group-Specific protein,PANCAC_02398,contig_1,+,2836,2836,2836,0,2836,2836,2836,0.685464234169813,0,0.0121605362762059,0.0776669173329469,0,0,0,12128,non-mge
4123,2383780,2383965,186,Mid2-like cell wall stress sensor domain protein,PANCAC_02399,contig_1,+,2836,2831,2835.33870967742,1.31449567006078,2836,2835,2836,0.362821827294065,0,0.00477650095140882,0.0325564334763145,0,0,0,648,non-mge
4124,2383966,2384060,95,non-cds,non-cds,contig_1,.,2836,2831,2834.69473684211,1.72635197842603,2836,2834,2836,0.369698964847443,0,0.00788536906247333,0.0454505412068275,0,0,0,594,non-mge
4125,2384061,2384252,192,Haloacid dehalogenase-like hydrolase,PANCAC_02400,contig_1,-,2836,2835,2835.61458333333,0.487966003164491,2836,2835,2836,0.291687331907483,0,0.00570654026983757,0.0364915334481737,0,0,0,828,non-mge
4126,2384253,2384262,10,non-cds,non-cds,contig_1,.,2836,2835,2835.8,0.421637021355784,2836,2836,2836,0.54823831249331,0,0.0556548445950481,0.173095891322507,0,0,0,676,non-mge
4127,2384263,2384898,636,HAD family hydrolase,PANCAC_02401,contig_1,-,2836,2834,2835.79088050314,0.487944599472837,2836,2836,2836,0.564458314658517,0,0.00587415651313252,0.0438706267384989,0,0,0,3370,non-mge
4128,2384899,2384972,74,non-cds,non-cds,contig_1,.,2836,2833,2835.2027027027,0.964858279461108,2836,2834,2836,0.605362148393614,0,0.00984870389327909,0.0708496628640434,0,0,0,892,non-mge
4129,2384973,2385890,918,Bile acid:sodium symporter family protein,PANCAC_02402,contig_1,-,2836,2835,2835.89215686275,0.31035127916535,2836,2836,2836,1.09647864345849,0,0.00812802318779148,0.0619297408539299,0,0,0,9377,non-mge
4130,2385891,2386156,266,non-cds,non-cds,contig_1,.,2836,2836,2836,0,2836,2836,2836,0.433459559144752,0,0.00473890531940277,0.0352994263649137,0,0,0,998,non-mge
4131,2386157,2386687,531,Homing endonuclease LAGLIDADG domain-containing protein,PANCAC_02403,contig_1,+,2836,2831,2835.6384180791,0.822532067605007,2836,2835,2836,0.68550348944892,0,0.00579506578242056,0.0514319986575162,0,0,0,3880,non-mge
4132,2386688,2386752,65,non-cds,non-cds,contig_1,.,2835,2831,2833.55384615385,1.57153159002978,2835,2832,2835,0.164337463933017,0,0.00527043658129987,0.0231946915165257,0,0,0,195,non-mge
4133,2386753,2388357,1605,Alpha-glucoside-specific PTS transporter subunit IIBC,PANCAC_02404,contig_1,-,2836,2830,2835.75763239875,0.853596981852952,2836,2836,2836,0.931480614079571,0,0.0105290383213291,0.0727164652411037,0,0,0,23367,non-mge
4134,2388358,2388686,329,non-cds,non-cds,contig_1,.,2836,2825,2829.51367781155,3.44919063051525,2828,2827,2832,0.660185928750919,0,0.00722138189864215,0.0569656574036431,0,0,0,2696,non-mge
4135,2388687,2389451,765,RpiR family transcriptional regulator,PANCAC_02405,contig_1,+,2836,2831,2835.44052287582,1.2855132161362,2836,2836,2836,0.621230814492527,0,0.00823209981999592,0.056791289881148,0,0,0,7528,non-mge
4136,2389452,2389508,57,non-cds,non-cds,contig_1,.,2836,2821,2824.33333333333,5.44561859707067,2821,2821,2832,0.0107198485151722,0,0.000389638738430562,0.00182006443281868,0,0,0,8,non-mge
4137,2389509,2390015,507,Activator of Hsp90 ATPase-like ue 1/2-like C-terminal domain-containing protein,PANCAC_02406,contig_1,-,2836,2835,2835.90532544379,0.293054047079096,2836,2836,2836,0.686335826362985,0,0.00883707893771758,0.0638029113583456,0,0,0,6911,non-mge
4138,2390016,2390181,166,non-cds,non-cds,contig_1,.,2836,2836,2836,0,2836,2836,2836,0.117070021777753,0,0.00130043197230211,0.00957985405178997,0,0,0,108,non-mge
4139,2390182,2391495,1314,Na+/H+ antiporter NhaC-like C-terminal domain-containing protein,PANCAC_02407,contig_1,-,2836,2832,2835.72831050228,0.757801189152596,2836,2836,2836,0.648299718896531,0,0.00720718175825556,0.0537614455149202,0,0,0,13838,non-mge
4140,2391496,2391719,224,non-cds,non-cds,contig_1,.,2836,2836,2836,0,2836,2836,2836,0.622080584590305,0,0.00401905522680153,0.0433509233403849,0,0,0,1055,non-mge
4141,2391720,2392289,570,DUF3796 domain-containing protein,PANCAC_02408,contig_1,-,2836,2828,2833.72456140351,1.91458932091245,2834,2834,2835,0.620129926633852,0,0.00871858025890332,0.0537311695387917,0,0,0,4450,non-mge
4142,2392290,2392775,486,non-cds,non-cds,contig_1,.,2836,2832,2834.53086419753,1.21250957019247,2835,2833,2836,0.686107381635066,0,0.0162796641727756,0.0824097189774881,0,0,0,9001,non-mge
4143,2392776,2393657,882,SDR family oxidoreductase,PANCAC_02409,contig_1,-,2836,2834,2835.59410430839,0.804844400472042,2836,2836,2836,0.708631457931122,0,0.0125780476988522,0.075583269575976,0,0,0,15036,non-mge
4144,2393658,2393767,110,non-cds,non-cds,contig_1,.,2836,2836,2836,0,2836,2836,2836,0.55343724314997,0,0.0171584812391659,0.091387943523211,0,0,0,2175,non-mge
4145,2393768,2394889,1122,Amidohydrolase,PANCAC_02410,contig_1,-,2836,2835,2835.98573975045,0.118614646818603,2836,2836,2836,0.693109385633601,0,0.013522964860897,0.0780728899627055,0,0,0,21722,non-mge
4146,2394890,2395165,276,non-cds,non-cds,contig_1,.,2836,2834,2835.50724637681,0.657780032993558,2836,2835,2836,0.693147180559945,0,0.00842846035409965,0.0671769799387577,0,0,0,3398,non-mge
4147,2395166,2396404,1239,imidazolonepropionase,PANCAC_02411,contig_1,-,2836,2835,2835.99596448749,0.063422974523868,2836,2836,2836,0.684061938739213,0,0.00791865778163924,0.0561440054803249,0,0,0,10435,non-mge
4148,2396404,2398065,1662,urocanate hydratase,PANCAC_02412,contig_1,-,2836,2835,2835.95186522262,0.214115401274956,2836,2836,2836,0.686079657738187,0,0.0099811350896985,0.0610410468708064,0,0,0,16189,non-mge
4149,2398066,2398224,159,non-cds,non-cds,contig_1,.,2836,2831,2834.15094339623,2.12337407415675,2835,2832,2836,0.829322745566302,0,0.0143274313949645,0.0947783443787021,0,0,0,3177,non-mge
4150,2398225,2399109,885,HTH lysR-type domain-containing protein,PANCAC_02413,contig_1,+,2836,2810,2835.4395480226,2.01970379397446,2836,2835,2836,0.688921564056943,0,0.00650746824697878,0.0568575631558217,0,0,0,8480,non-mge
4151,2399110,2399530,421,non-cds,non-cds,contig_1,.,2804,639,1560.04750593824,525.723046429711,1641,1121,1822,0.537873463550814,0,0.00672325397793428,0.0423109881538843,0,0,0,1554,121
4152,2399531,2399950,420,FosB/FosD family fosfomycin resistance bacillithiol transferase,PANCAC_02414,contig_1,+,1652,1640,1646.15476190476,3.83332345077465,1645,1643,1650,0.677941390697301,0,0.0109254254931191,0.0709177119791979,0,0,0,3079,121
4153,2399951,2400205,255,non-cds,non-cds,contig_1,.,2829,1643,2346.2862745098,579.025614130103,2828,1648,2829,0.706124642404457,0,0.0182578122793871,0.104313690986288,0,0,0,6047,121
4154,2400206,2401141,936,formimidoylglutamase,PANCAC_02415,contig_1,-,2829,2829,2829,0,2829,2829,2829,0.752925256953304,0,0.00802455573364291,0.0594153516204425,0,0,0,8611,non-mge
4155,2401142,2401430,289,non-cds,non-cds,contig_1,.,2829,2823,2826.34602076125,1.66186592322898,2827,2825,2828,0.662462904048173,0,0.00457399831214136,0.0417024373332944,0,0,0,1438,non-mge
4156,2401431,2402690,1260,CPBP family intramembrane metalloprotease SdpC,PANCAC_02416,contig_1,+,2829,2826,2828.76349206349,0.687757827989468,2829,2829,2829,0.757500988533707,0,0.00883885669570018,0.062813564731616,0,0,0,12727,non-mge
4157,2402691,2402755,65,non-cds,non-cds,contig_1,.,2829,2826,2827.29230769231,1.38882905854038,2827,2826,2829,0.235115868477286,0,0.00374537072476142,0.0291647012638945,0,0,0,181,non-mge
4158,2402756,2403442,687,ribose 5-phosphate isomerase A,PANCAC_02417,contig_1,-,2829,2826,2828.8864628821,0.487667299249477,2829,2829,2829,0.693092547361146,0,0.00664483992584435,0.0552396195510494,0,0,0,5650,non-mge
4159,2403443,2403615,173,non-cds,non-cds,contig_1,.,2829,2827,2828.58959537572,0.722806512098487,2829,2828,2829,0.366855573537149,0,0.00245818925191333,0.0279429778750689,0,0,0,299,non-mge
4160,2403616,2404269,654,MOSC domain-containing protein,PANCAC_02418,contig_1,+,2829,2828,2828.92201834862,0.268347948396482,2829,2829,2829,0.68617299158514,0,0.0106354459596283,0.0653522696707982,0,0,0,9740,non-mge
4161,2404270,2404504,235,non-cds,non-cds,contig_1,.,2829,2825,2827.71063829787,1.5529450987474,2829,2826,2829,0.546221196998261,0,0.0121473631136817,0.0691600815195913,0,0,0,2863,non-mge
4162,2404505,2405524,1020,Aldose 1-epimerase,PANCAC_02419,contig_1,-,2829,2824,2828.58725490196,1.04709248069409,2829,2829,2829,1.04978753306431,0,0.00847466699057727,0.0636848570619651,0,0,0,9676,non-mge
4163,2405525,2405553,29,non-cds,non-cds,contig_1,.,2829,2829,2829,0,2829,2829,2829,0,0,0,0,0,0,0,0,non-mge
4164,2405554,2405880,327,YnfA family protein,PANCAC_02420,contig_1,-,2829,2828,2828.86850152905,0.338462627406674,2829,2829,2829,0.530129335067876,0,0.00710591869765301,0.0532716051006558,0,0,0,2305,non-mge
4165,2405881,2406097,217,non-cds,non-cds,contig_1,.,2829,2826,2828.54838709677,0.849133369437331,2829,2829,2829,0.542148990613834,0,0.00661740334403099,0.0439332893319108,0,0,0,1223,non-mge
4166,2406098,2407330,1233,ABC-2 type transporter transmembrane domain-containing protein,PANCAC_02421,contig_1,-,2829,2826,2828.66180048662,0.650905215659308,2829,2829,2829,0.689707856052394,0,0.00998907515097235,0.0621085392576596,0,0,0,15164,non-mge
4167,2407323,2408222,900,ABC transporter domain-containing protein,PANCAC_02422,contig_1,-,2829,2829,2829,0,2829,2829,2829,0.545092034410699,0,0.00962620729095296,0.0594840718845912,0,0,0,8241,non-mge
4168,2408223,2408452,230,non-cds,non-cds,contig_1,.,2829,2825,2827.05217391304,1.18832367534906,2827,2826,2828,0.692349576575298,0,0.0138368303475257,0.0901016744683595,0,0,0,4999,non-mge
4169,2408453,2409100,648,DUF805 domain-containing protein,PANCAC_02423,contig_1,-,2828,2467,2737.61728395062,151.18087003941,2823,2795,2828,0.687644184219123,0,0.00692198776674233,0.0585613928490416,0,0,0,6861,non-mge
4170,2409101,2409498,398,non-cds,non-cds,contig_1,.,2829,2827,2828.03015075377,0.588808708410623,2828,2828,2828,0.678845489864393,0,0.0164811996810702,0.0865164808999797,0,0,0,7593,non-mge
4171,2409499,2410107,609,Putative 3-methyladenine DNA glycosylase,PANCAC_02424,contig_1,+,2829,2828,2828.89490968801,0.306921846389038,2829,2829,2829,0.689949728310284,0,0.00843243811698604,0.0648960902843651,0,0,0,7397,non-mge
4172,2410108,2410443,336,non-cds,non-cds,contig_1,.,2829,2804,2825.7619047619,6.64784835148452,2828,2827,2829,0.661515869040643,0,0.0165944837439788,0.0857431431688894,0,0,0,7436,non-mge
4173,2410444,2411652,1209,sodium/glutamate symporter,PANCAC_02425,contig_1,+,2829,2824,2827.88254755997,1.83718979755706,2829,2828,2829,0.681356690950068,0,0.0087210232694228,0.0613659362910912,0,0,0,12380,non-mge
4174,2411653,2411699,47,non-cds,non-cds,contig_1,.,2828,2816,2819.53191489362,5.2205741139798,2816,2816,2827,0.378953873335414,0,0.0220699333716948,0.0736359307126863,0,0,0,816,non-mge
4175,2411700,2412749,1050,type 2 isopentenyl-diphosphate Delta-isomerase,PANCAC_02426,contig_1,-,2829,2820,2828.99142857143,0.277746029931765,2829,2829,2829,0.690626652300047,0,0.00589416499577625,0.051657838063956,0,0,0,7561,non-mge
4176,2412750,2412779,30,non-cds,non-cds,contig_1,.,2829,2829,2829,0,2829,2829,2829,0.00832551510149242,0,0.000277517170049747,0.00152002414131244,0,0,0,3,non-mge
4177,2412780,2413727,948,magnesium/cobalt transporter CorA,PANCAC_02427,contig_1,-,2829,2827,2828.52742616034,0.72828429517964,2829,2828,2829,0.690353482739779,0,0.00612132787835971,0.0530287447651142,0,0,0,6984,non-mge
4178,2413728,2413823,96,non-cds,non-cds,contig_1,.,2829,2828,2828.8125,0.392361272835448,2829,2829,2829,0.240687879108099,0,0.00508364910185133,0.0343439051214409,0,0,0,368,non-mge
4179,2413824,2414315,492,Thioesterase,PANCAC_02428,contig_1,+,2829,2827,2828.85162601626,0.409083967964032,2829,2829,2829,0.623239237578916,0,0.0114871067184882,0.070361281286423,0,0,0,7325,non-mge
4180,2414312,2414731,420,Phage protein,PANCAC_02429,contig_1,+,2829,2828,2828.87619047619,0.32975692487551,2829,2829,2829,0.691634860575242,0,0.0125497120142356,0.0785316992913766,0,0,0,6169,non-mge
4181,2414732,2414838,107,non-cds,non-cds,contig_1,.,2829,2828,2828.66355140187,0.474717895049356,2829,2828,2829,0.686296166390119,0,0.0113979355670012,0.073238906081965,0,0,0,1628,non-mge
4182,2414839,2415759,921,Alpha/beta hydrolase fold-3 domain-containing protein,PANCAC_02430,contig_1,-,2829,2828,2828.96416938111,0.185968643852255,2829,2829,2829,0.68617299158514,0,0.00761265822163115,0.0592633889811397,0,0,0,8761,non-mge
4183,2415760,2415966,207,non-cds,non-cds,contig_1,.,2829,2828,2828.64734299517,0.478955369383086,2829,2828,2829,0.549648041866922,0,0.00389579273355322,0.0391741493555256,0,0,0,806,non-mge
4184,2415967,2416605,639,ABC transporter permease,PANCAC_02431,contig_1,+,2829,2826,2828.71048513302,0.7400751355662,2829,2829,2829,0.681021969760766,0,0.00834254259987009,0.0589232776941467,0,0,0,8466,non-mge
4185,2416606,2416850,245,non-cds,non-cds,contig_1,.,2829,2827,2828.44489795918,0.628901339863975,2829,2828,2829,0.620829117175552,0,0.00945840825697855,0.0641768168047516,0,0,0,2505,non-mge
4186,2416851,2418782,1932,Quinolone resistance protein NorB,PANCAC_02432,contig_1,-,2829,2825,2828.67287784679,0.742041775416942,2829,2829,2829,0.692650283346295,0,0.00614427742992753,0.0505665408078532,0,0,0,14276,non-mge
4187,2418783,2418794,12,non-cds,non-cds,contig_1,.,2829,2829,2829,0,2829,2829,2829,0,0,0,0,0,0,0,0,non-mge
4188,2418795,2419442,648,Membrane fusion protein biotin-lipoyl like domain-containing protein,PANCAC_02433,contig_1,-,2829,2829,2829,0,2829,2829,2829,0.68982980590758,0,0.00820474671757945,0.0674859490148829,0,0,0,7359,non-mge
4189,2419443,2419562,120,non-cds,non-cds,contig_1,.,2829,2829,2829,0,2829,2829,2829,0.234039500907783,0,0.0029407608778661,0.0228209657173521,0,0,0,238,non-mge
4190,2419563,2420114,552,HTH tetR-type domain-containing protein,PANCAC_02434,contig_1,+,2829,2817,2826.76268115942,3.4430579916301,2828,2826,2829,0.669039880171707,0,0.00617224176033606,0.0531464981046428,0,0,0,5866,non-mge
4191,2420115,2420343,229,non-cds,non-cds,contig_1,.,2828,1815,2711.47598253275,314.60072939867,2822,2821,2825,0.640458399627684,0,0.0100360521018308,0.0602517805946578,0,0,0,2263,non-mge
4192,2420344,2420622,279,hypothetical protein,PANCAC_02435,contig_1,-,2829,2816,2825.13620071685,4.82231935180478,2827,2821,2829,0.685014449045167,0,0.0127418427771138,0.0714829206999962,0,0,0,3893,non-mge
4193,2420613,2421551,939,Bcr/CflA family efflux transporter,PANCAC_02436,contig_1,-,2829,2824,2828.58785942492,1.057767289656,2829,2829,2829,0.691481203520734,0,0.00750020357312219,0.052986054649603,0,0,0,7525,non-mge
4194,2421552,2421819,268,non-cds,non-cds,contig_1,.,2829,2822,2827.65671641791,2.10796412996346,2829,2827,2829,0.669730302790003,0,0.0152739961042327,0.0838116012524112,0,0,0,5577,non-mge
4195,2421820,2423202,1383,Membrane-associated protein TcaA,PANCAC_02437,contig_1,-,2829,2826,2828.68546637744,0.698446629872625,2829,2829,2829,0.756657339853867,0,0.00787445079390394,0.0630811762145484,0,0,0,19576,non-mge
4196,2423203,2423441,239,non-cds,non-cds,contig_1,.,2829,2824,2826.38493723849,1.22059665472401,2826,2825,2828,0.341512413380761,0,0.00296801224603918,0.0256125575375395,0,0,0,515,non-mge
4197,2423442,2423579,138,hypothetical protein,PANCAC_02438,contig_1,-,2829,2825,2828.49275362319,0.594946808781043,2829,2828,2829,0.237911857515266,0,0.00246972212578903,0.021287606311745,0,0,0,232,non-mge
4198,2423580,2423660,81,non-cds,non-cds,contig_1,.,2829,2829,2829,0,2829,2829,2829,0.0129720808520547,0,0.00030199220126517,0.00173281345055398,0,0,0,9,non-mge
4199,2423661,2423897,237,HTH-type transcriptional regulator TcaR,PANCAC_02439,contig_1,-,2829,2826,2827.35021097046,1.33393214044151,2827,2826,2829,0.399229619301313,0,0.004295149163169,0.0327925861182665,0,0,0,3611,non-mge
4200,2423898,2424091,194,non-cds,non-cds,contig_1,.,2829,2824,2826.81958762887,1.21451832071351,2827,2826,2827,0.671054028613055,0,0.00502244498862755,0.0509232206787006,0,0,0,1318,non-mge
4201,2424092,2425060,969,DUF218 domain-containing protein,PANCAC_02440,contig_1,+,2829,2819,2826.82972136223,2.33392692722365,2827,2827,2828,0.692232528193038,0,0.00851621276161843,0.0628120775897232,0,0,0,12773,non-mge
4202,2425061,2425634,574,non-cds,non-cds,contig_1,.,2828,2578,2704.08013937282,70.3331428529655,2690,2682,2711,0.597974508234599,0,0.00176337649979931,0.0265847709707312,0,0,0,1050,non-mge
4203,2425635,2425991,357,Truncated transposase,PANCAC_02442,contig_1,+,2717,2211,2653.45098039216,34.0824509258765,2656,2653,2663,0,0,0,0,0,0,0,0,non-mge
4204,2425992,2426130,139,non-cds,non-cds,contig_1,.,2836,2212,2764.64748201439,99.5377623563949,2830,2681,2833,0.314465462987314,0,0.00616700038943535,0.0376268215173988,0,0,0,631,non-mge
4205,2426131,2426796,666,Putative hemin import ATP-binding protein HrtA,PANCAC_02443,contig_1,-,2836,2835,2835.94894894895,0.220267316283996,2836,2836,2836,0.683668728992884,0,0.0105513388488644,0.0666247414076774,0,0,0,8242,non-mge
4206,2426796,2427851,1056,Putative hemin transport system permease protein HrtB,PANCAC_02444,contig_1,-,2836,2833,2835.76041666667,0.688693671485197,2836,2836,2836,0.691217054645529,0,0.0100310330654546,0.0655694453836631,0,0,0,12370,non-mge
4207,2427852,2427986,135,non-cds,non-cds,contig_1,.,2836,2835,2835.47407407407,0.501187092745584,2835,2835,2836,0.300048252371622,0,0.00402579535192325,0.0302166213638826,0,0,0,403,non-mge
4208,2427987,2428661,675,DNA-binding heme response regulator HssR,PANCAC_02445,contig_1,+,2836,2833,2835.75555555556,0.725404488276896,2836,2836,2836,0.692403731470338,0,0.0105705635500604,0.0713507669643497,0,0,0,11977,non-mge
4209,2428654,2430027,1374,heme sensor histidine kinase HssS,PANCAC_02446,contig_1,+,2836,2835,2835.92430858806,0.264600033689709,2836,2836,2836,0.689756189880478,0,0.00986195662795912,0.0674172765961686,0,0,0,18533,non-mge
4210,2430028,2430189,162,non-cds,non-cds,contig_1,.,2836,2836,2836,0,2836,2836,2836,0.550191357964427,0,0.0118381271999447,0.0672825102338061,0,0,0,1901,non-mge
4211,2430190,2430633,444,Uncharacterized HTH-type transcriptional regulator MW2284,PANCAC_02447,contig_1,+,2836,2832,2833.98423423423,0.840414870729185,2834,2834,2834,0.686410441778304,0,0.00845618790546018,0.0651154079137261,0,0,0,6640,non-mge
4212,2430630,2431085,456,DUF3021 domain-containing protein,PANCAC_02448,contig_1,+,2836,2833,2835.23464912281,1.0872816631748,2836,2834,2836,0.687112646143856,0,0.0102288927574282,0.069803944008139,0,0,0,6419,non-mge
4213,2431086,2431150,65,non-cds,non-cds,contig_1,.,2836,2836,2836,0,2836,2836,2836,0.323937968337785,0,0.0139248003870788,0.0595874046741288,0,0,0,720,non-mge
4214,2431151,2432629,1479,malate dehydrogenase (quinone),PANCAC_02449,contig_1,-,2836,2835,2835.92765382015,0.259147868140012,2836,2836,2836,0.703937356046028,0,0.00966383882787011,0.0680013849655085,0,0,0,20464,non-mge
4215,2432630,2433009,380,non-cds,non-cds,contig_1,.,2836,2825,2833.75526315789,3.35822523240593,2836,2832,2836,0.684916993871299,0,0.0154552640756464,0.0804408822701164,0,0,0,7535,non-mge
4216,2433010,2434608,1599,L-lactate permease,PANCAC_02450,contig_1,-,2836,2833,2835.82676672921,0.512066162411758,2836,2836,2836,0.692496396346243,0,0.00819765727043586,0.0616336240225115,0,0,0,16850,non-mge
4217,2434609,2434924,316,non-cds,non-cds,contig_1,.,2836,2835,2835.7246835443,0.447382043882706,2836,2835,2836,0.673095107582434,0,0.00301687496851423,0.0383026898522451,0,0,0,1831,non-mge
4218,2434925,2436598,1674,CDP-glycerol glycerophosphotransferase family protein,PANCAC_02451,contig_1,+,2836,2834,2835.3853046595,0.815450947532977,2836,2835,2836,0.688988790400717,0,0.00901094945652178,0.0595552183837941,0,0,0,18532,non-mge
4219,2436599,2436750,152,non-cds,non-cds,contig_1,.,2836,2749,2822.17105263158,18.5657151496267,2821,2820,2835,0.227906538801679,0,0.00265057655271014,0.0203967491831945,0,0,0,262,non-mge
4220,2436751,2437380,630,Uncharacterized lipoprotein SAV2368,PANCAC_02452,contig_1,-,2821,1900,2662.28253968254,268.461931671244,2813,2724.5,2815,0.689290035711619,0,0.00553556335364218,0.0540183758277493,0,0,0,4855,non-mge
4221,2437381,2437693,313,non-cds,non-cds,contig_1,.,2783,2534,2699.81469648562,98.9469109855252,2775,2574,2782,0.683855722684801,0,0.0087148738982524,0.0651931211872535,0,0,0,3562,non-mge
4222,2437694,2438209,516,Protease synthase and sporulation negative regulatory protein PAI 1,PANCAC_02453,contig_1,-,2836,2576,2835.31589147287,11.4443787609092,2836,2836,2836,0.693147180559945,0,0.00844634119127743,0.0528790347546808,0,0,0,4384,non-mge
4223,2438210,2438399,190,non-cds,non-cds,contig_1,.,2836,2836,2836,0,2836,2836,2836,0.427462227311755,0,0.00560535247107724,0.0388042845314598,0,0,0,848,non-mge
4224,2438400,2439404,1005,Acryloyl-CoA reductase,PANCAC_02454,contig_1,+,2836,2833,2835.83084577114,0.569164290111366,2836,2836,2836,0.690284084655304,0,0.0107533458996679,0.0739376050516746,0,0,0,14895,non-mge
4225,2439405,2439449,45,non-cds,non-cds,contig_1,.,2835,2649,2808.44444444444,50.583214766972,2820,2820,2826,0.523741118463659,0,0.0188923496970707,0.0854720695203314,0,0,0,842,non-mge
4226,2439450,2439785,336,N-acetyltransferase domain-containing protein,PANCAC_02455,contig_1,-,2836,1854,2821.52380952381,99.956226382394,2836,2836,2836,0.692022859001637,0,0.0129907258773074,0.0754137610058559,0,0,0,5264,non-mge
4227,2439786,2439886,101,non-cds,non-cds,contig_1,.,2836,2835,2835.69306930693,0.46352074942608,2836,2835,2836,0.567511542277582,0,0.0139892830108334,0.0791160689575811,0,0,0,1547,non-mge
4228,2439887,2440921,1035,Ferredoxin--NADP reductase,PANCAC_02456,contig_1,-,2836,2835,2835.92753623188,0.259379592693238,2836,2836,2836,0.86686140625335,0,0.0073288646537377,0.0620023640212606,0,0,0,10758,non-mge
4229,2440922,2441152,231,non-cds,non-cds,contig_1,.,2836,2833,2834.99567099567,1.02786327756783,2835,2834,2836,0.701149087326687,0,0.0114910446034739,0.0801972831698098,0,0,0,4562,non-mge
4230,2441153,2441584,432,DUF2871 domain-containing protein,PANCAC_02457,contig_1,-,2836,2814,2831.43287037037,5.82817646693997,2834,2829,2836,0.530667280718606,0,0.00409990373489219,0.034567248532304,0,0,0,1493,non-mge
4231,2441585,2441790,206,non-cds,non-cds,contig_1,.,2836,2834,2834.84951456311,0.69259128642424,2835,2834,2835,0.667901561912501,0,0.0133641196962463,0.0766606800353215,0,0,0,3119,non-mge
4232,2441791,2443068,1278,Membrane protein%2C putative,PANCAC_02458,contig_1,-,2836,2817,2832.36463223787,6.06878358511308,2836,2832,2836,0.68969501268573,0,0.0103820347617216,0.0670076842680404,0,0,0,16518,non-mge
4233,2443069,2443228,160,non-cds,non-cds,contig_1,.,2836,2835,2835.75625,0.430691633328148,2836,2836,2836,0.615564314521076,0,0.00710311957954398,0.0549545075057413,0,0,0,2332,non-mge
4234,2443229,2443852,624,HTH tetR-type domain-containing protein,PANCAC_02459,contig_1,+,2836,2834,2835.54967948718,0.653991247649619,2836,2835,2836,0.692371761574694,0,0.0104532935228876,0.072894781320015,0,0,0,9390,non-mge
4235,2443853,2443897,45,non-cds,non-cds,contig_1,.,2834,2830,2832.88888888889,1.00503781525921,2833,2832,2834,0.0830100236094597,0,0.0024667090075773,0.0126406744308568,0,0,0,57,non-mge
4236,2443898,2444842,945,Magnesium transporter CorA family protein,PANCAC_02460,contig_1,+,2836,2830,2835.62962962963,1.07374797526021,2836,2836,2836,0.689317361718706,0,0.00273071901664988,0.0354806985264503,0,0,0,3897,non-mge
4237,2444843,2444927,85,non-cds,non-cds,contig_1,.,2836,2836,2836,0,2836,2836,2836,0.529342022418137,0,0.0127227849887218,0.0659224727737959,0,0,0,1004,non-mge
4238,2444928,2446178,1251,protein-N(pi)-phosphohistidine--sucrose phosphotransferase,PANCAC_02461,contig_1,-,2836,2833,2835.86171063149,0.54777801288376,2836,2836,2836,0.690170307083977,0,0.00823748634683459,0.060669422745802,0,0,0,12361,non-mge
4239,2446156,2446371,216,PTS system sucrose-specific IIBC component,PANCAC_02462,contig_1,-,2836,2836,2836,0,2836,2836,2836,0.679880986150905,0,0.00820172341494069,0.068239573698208,0,0,0,5949,non-mge
4240,2446372,2446554,183,non-cds,non-cds,contig_1,.,2836,2825,2833.37704918033,3.95231439121669,2836,2831,2836,0.482982588379538,0,0.00634441422231322,0.0448526317719272,0,0,0,3508,non-mge
4241,2446555,2446938,384,DUF1722 domain-containing protein,PANCAC_02463,contig_1,+,2836,2835,2835.12239583333,0.328170002405273,2835,2835,2835,0.630639162334595,0,0.00963873082731571,0.066649796037765,0,0,0,5714,non-mge
4242,2446939,2448425,1487,non-cds,non-cds,contig_1,.,2836,2670,2822.99125756557,32.6027817384503,2832,2826,2834,0.634694208333678,0,0.00356285277503396,0.0313384390239276,0,0,0,5395,non-mge
4243,2448426,2450531,2106,AraC family transcriptional regulator Rsp,PANCAC_02464,contig_1,+,2836,2826,2834.349002849,2.84053480177358,2836,2833,2836,0.804989395461993,0,0.00820369393656013,0.0602065661266064,0,0,0,19700,non-mge
4244,2450532,2450601,70,non-cds,non-cds,contig_1,.,2835,2834,2834.71428571429,0.45501575519329,2835,2834,2835,0.679148821145594,0,0.0177554110440079,0.093320044446279,0,0,0,1641,non-mge
4245,2450602,2451024,423,Pyridoxamine 5'-phosphate oxidase N-terminal domain-containing protein,PANCAC_02465,contig_1,+,2835,2819,2832.20567375887,4.79610485296278,2835,2832,2835,0.666821072730973,0,0.0112596710306859,0.0743839571435754,0,0,0,7472,non-mge
4246,2451025,2451288,264,non-cds,non-cds,contig_1,.,2644,1533,2130.56060606061,552.723512693319,2636,1536,2643,0.67101045405948,0,0.00712436207922411,0.0595221729855599,0,0,0,2346,122
4247,2451289,2451645,357,DUF4889 domain-containing protein,PANCAC_02466,contig_1,+,2643,2489,2591.84593837535,48.8524643902044,2616,2553,2630,0.637560421046934,0,0.00236920292757544,0.0347943372861048,0,0,0,995,non-mge
4248,2451646,2452048,403,non-cds,non-cds,contig_1,.,2834,837,1334.03473945409,614.581064109778,996,858,1657.5,0.541685804524718,0,0.00498734429027411,0.0416987547009388,0,0,0,1225,123
4249,2452049,2453326,1278,Cation:dicarboxylase symporter family transporter,PANCAC_02467,contig_1,-,2835,2832,2834.68701095462,0.724773818765929,2835,2835,2835,0.690253669638944,0,0.00735697384206449,0.0591814750129294,0,0,0,12280,non-mge
4250,2453327,2453507,181,non-cds,non-cds,contig_1,.,2835,2835,2835,0,2835,2835,2835,0.368999797108295,0,0.0024496976524664,0.0274659873401384,0,0,0,370,non-mge
4251,2453508,2453873,366,DUF3139 domain-containing protein,PANCAC_02468,contig_1,-,2835,2834,2834.93989071038,0.238014593937358,2835,2835,2835,0.670480953952933,0,0.0124806224467116,0.0787495674792616,0,0,0,6595,non-mge
4252,2453874,2454270,397,non-cds,non-cds,contig_1,.,2835,2811,2828.11586901763,6.51390703895083,2831,2825,2833,0.692726777242545,0,0.0110787394313448,0.0766444135614191,0,0,0,6701,non-mge
4253,2454271,2454717,447,HTH-type transcriptional regulator SarZ,PANCAC_02469,contig_1,+,2836,2832,2835.37360178971,1.45531999248787,2836,2836,2836,0.670267092003455,0,0.00848147409424444,0.0584186890700575,0,0,0,5697,non-mge
4254,2454718,2454938,221,non-cds,non-cds,contig_1,.,2836,2833,2835.09954751131,1.08252641108056,2836,2834,2836,0.636676468683606,0,0.0119127331125646,0.0748351976563113,0,0,0,3980,non-mge
4255,2454939,2455361,423,SHSP domain-containing protein,PANCAC_02470,contig_1,+,2836,2834,2835.1536643026,0.489248917376376,2835,2835,2835,0.831169447469847,0,0.0109057232511481,0.0741293861879079,0,0,0,5358,non-mge
4256,2455362,2455467,106,non-cds,non-cds,contig_1,.,2835,2831,2833.14150943396,1.10788240088733,2833,2832,2834,0.661334348932659,0,0.0178722071180535,0.0929740381566347,0,0,0,2320,non-mge
4257,2455468,2456637,1170,putative nitrate transporter NarT,PANCAC_02471,contig_1,-,2836,2834,2835.92136752137,0.302210011963355,2836,2836,2836,0.693118833118035,0,0.00779448199680904,0.0625778905368473,0,0,0,14160,non-mge
4258,2456638,2457006,369,non-cds,non-cds,contig_1,.,2836,1943,2720.08943089431,231.539554612051,2830,2616,2833,0.693147180559945,0,0.00694901963368937,0.05711259970372,0,0,0,3288,non-mge
4259,2457007,2457645,639,DUF2268 domain-containing protein,PANCAC_02472,contig_1,+,2624,2613,2620.42410015649,2.85766550314833,2621,2619,2622,0.675866924245075,0,0.011339554226814,0.0706349213028045,0,0,0,10744,non-mge
4260,2457646,2457714,69,non-cds,non-cds,contig_1,.,2619,2618,2618.69565217391,0.463501628466171,2619,2618,2619,0.195302039951595,0,0.00440344544170346,0.025496679208129,0,0,0,180,non-mge
4261,2457715,2457921,207,DUF2268 domain-containing protein,PANCAC_02473,contig_1,+,2622,2619,2621.08212560386,0.81133913256454,2621,2620,2622,0.688518238196954,0,0.0173363588688188,0.0961048349760788,0,0,0,4921,non-mge
4262,2457900,2458640,741,HTH merR-type domain-containing protein,PANCAC_02474,contig_1,+,2622,2613,2619.98380566802,1.89087626905801,2621,2620,2621,0.693147180559945,0,0.0113732197400742,0.0755076069678358,0,0,0,10921,non-mge
4263,2458641,2458897,257,non-cds,non-cds,contig_1,.,2836,2615,2679.25291828794,97.9876937488374,2618,2618,2836,0.442420298599488,0,0.00759959838225465,0.0434914316456985,0,0,0,1426,non-mge
4264,2458898,2459551,654,nitrate respiration regulation response regulator NreC,PANCAC_02475,contig_1,-,2836,2833,2835.72782874618,0.760383473839863,2836,2836,2836,0.692666846225057,0,0.00484928047035678,0.0469215590865986,0,0,0,4003,non-mge
4265,2459552,2459573,22,non-cds,non-cds,contig_1,.,2836,2836,2836,0,2836,2836,2836,0.0129444149479594,0,0.000731874895078457,0.00280933285040839,0,0,0,6,non-mge
4266,2459574,2460608,1035,nitrate respiration regulation sensor histidine kinase NreB,PANCAC_02476,contig_1,-,2836,2833,2835.8270531401,0.529627539719287,2836,2836,2836,0.651836860230473,0,0.00361757191250146,0.0388489124085403,0,0,0,4081,non-mge
4267,2460609,2460631,23,non-cds,non-cds,contig_1,.,2836,2836,2836,0,2836,2836,2836,0.669803387848812,0,0.0298736481541552,0.139546267791897,0,0,0,1118,non-mge
4268,2460632,2461084,453,nitrate respiration regulation accessory nitrate sensor NreA,PANCAC_02477,contig_1,-,2836,2836,2836,0,2836,2836,2836,0.670267092003455,0,0.00753917779039656,0.0636638873389673,0,0,0,4718,non-mge
4269,2461085,2461103,19,non-cds,non-cds,contig_1,.,2836,2836,2836,0,2836,2836,2836,0.670267092003455,0,0.0352772153686029,0.15376981680126,0,0,0,1114,non-mge
4270,2461104,2461781,678,respiratory nitrate reductase subunit gamma,PANCAC_02478,contig_1,-,2836,2835,2835.69469026549,0.460878496046195,2836,2835,2836,0.576516519291119,0,0.00516216255963825,0.0467143484921336,0,0,0,3671,non-mge
4271,2461774,2462349,576,nitrate reductase molybdenum cofactor assembly chaperone,PANCAC_02479,contig_1,-,2836,2830,2835.47569444444,1.37281666797309,2836,2836,2836,0.669647776377257,0,0.00701698591290731,0.0539323666329258,0,0,0,4404,non-mge
4272,2462342,2463901,1560,nitrate reductase subunit beta,PANCAC_02480,contig_1,-,2836,2835,2835.97692307692,0.150196003584554,2836,2836,2836,0.693147180559945,0,0.00770270219367324,0.0588339458999134,0,0,0,14568,non-mge
4273,2463891,2467580,3690,nitrate reductase subunit alpha,PANCAC_02481,contig_1,-,2836,2834,2835.39241192412,0.500416615229619,2835,2835,2836,0.916073138666307,0,0.00835384789506584,0.0590035820317079,0,0,0,32285,non-mge
4274,2467581,2467888,308,non-cds,non-cds,contig_1,.,2836,2835,2835.87012987013,0.336707543796533,2836,2836,2836,0.624818160980236,0,0.00678677338479179,0.0548515525404951,0,0,0,2357,non-mge
4275,2467889,2468866,978,uroporphyrinogen-III C-methyltransferase,PANCAC_02482,contig_1,-,2836,2829,2834.96012269939,1.69454685182674,2836,2835,2836,1.01841173672029,0,0.00941285480659753,0.0665904740334681,0,0,0,10525,non-mge
4276,2468857,2469171,315,Nitrite reductase (NAD(P)H) small subunit,PANCAC_02483,contig_1,-,2836,2833,2835.60317460317,0.936514790856543,2836,2836,2836,0.660717622095282,0,0.00542899409418865,0.0437046283779797,0,0,0,1746,non-mge
4277,2469172,2469174,3,non-cds,non-cds,contig_1,.,2836,2836,2836,0,2836,2836,2836,0,0,0,0,0,0,0,0,non-mge
4278,2469175,2471580,2406,NAD(P)/FAD-dependent oxidoreductase,PANCAC_02484,contig_1,-,2836,2835,2835.85037406484,0.356778531176382,2836,2836,2836,0.676845456973654,0,0.0086636213711144,0.0609162007963348,0,0,0,27946,non-mge
4279,2471581,2471645,65,non-cds,non-cds,contig_1,.,2836,2836,2836,0,2836,2836,2836,0.629078977136431,0,0.0117568530336977,0.07854835285529,0,0,0,984,non-mge
4280,2471646,2472377,732,Sirohydrochlorin chelatase,PANCAC_02485,contig_1,-,2836,2835,2835.82923497268,0.376560813074729,2836,2836,2836,0.624904112808479,0,0.00846382488181432,0.0567842991007273,0,0,0,6214,non-mge
4281,2472378,2472606,229,non-cds,non-cds,contig_1,.,2836,2833,2834.79912663755,1.11363130006707,2835,2834,2836,0.684824014863611,0,0.0118079429939377,0.0790916375732143,0,0,0,4330,non-mge
4282,2472607,2473143,537,N-acetyltransferase domain-containing protein,PANCAC_02486,contig_1,-,2836,2836,2836,0,2836,2836,2836,0.656671886907252,0,0.00702968890620515,0.0510901330941525,0,0,0,3847,non-mge
4283,2473144,2473375,232,non-cds,non-cds,contig_1,.,2836,1770,1849.38362068966,261.271589615252,1777,1777,1778,0.329300854194303,0,0.00298060010831545,0.024201683076456,0,0,0,303,124
4284,2473376,2474200,825,Formate/nitrite transporter%2C putative,PANCAC_02487,contig_1,-,1779,1776,1777.21818181818,0.805568659370685,1777,1777,1778,0.490021439930091,0,0.00267759825052144,0.0283833407394512,0,0,0,1171,124
4285,2474201,2474416,216,non-cds,non-cds,contig_1,.,2836,1771,1871.66666666667,308.398896025533,1773,1772,1776,0.688120750795356,0,0.0074916188723417,0.0636151613587447,0,0,0,1606,124
4286,2474417,2474599,183,hypothetical protein,PANCAC_02488,contig_1,-,2836,2834,2835.1693989071,0.790564667718557,2835,2835,2836,0.364864196227553,0,0.00257458332184981,0.0275247968517242,0,0,0,389,non-mge
4287,2474600,2474682,83,non-cds,non-cds,contig_1,.,2836,2835,2835.39759036145,0.492375006700217,2835,2835,2836,0.0031578221490543,0,3.80460499886061e-05,0.000346616011369999,0,0,0,1,non-mge
4288,2474683,2475150,468,Activator of Hsp90 ATPase-like ue 1/2-like C-terminal domain-containing protein,PANCAC_02489,contig_1,-,2836,2836,2836,0,2836,2836,2836,0.635445415671545,0,0.00799315836350796,0.0536343586189961,0,0,0,3602,non-mge
4289,2475151,2475335,185,non-cds,non-cds,contig_1,.,2836,2835,2835.78378378378,0.412780545912027,2836,2836,2836,0.661198016256736,0,0.00659099537585543,0.0563152364947661,0,0,0,1500,non-mge
4290,2475336,2476886,1551,zinc ABC transporter substrate-binding lipoprotein AdcA,PANCAC_02490,contig_1,-,2836,2826,2834.39329464861,2.30008278453338,2835,2834,2836,0.685464234169813,0,0.00745981214645921,0.0549650922212847,0,0,0,15155,non-mge
4291,2476887,2477180,294,non-cds,non-cds,contig_1,.,2836,1944,2720.60544217687,294.170751135329,2831,2826,2836,0.529932303275715,0,0.00484557232844811,0.0432534777404771,0,0,0,1166,125
4292,2477181,2477447,267,Txe/YoeB family addiction module toxin,PANCAC_02491,contig_1,-,1951,1947,1949,1.57756832007723,1949,1947,1950,0.44661440573416,0,0.00791534812520796,0.046134531038522,0,0,0,1173,125
4293,2477447,2477698,252,Antitoxin,PANCAC_02492,contig_1,-,1952,1949,1950.94047619048,0.762954894306072,1951,1950.75,1951,0.469912240347072,0,0.00831411341964372,0.0498564871539073,0,0,0,1224,125
4294,2477699,2477970,272,non-cds,non-cds,contig_1,.,2836,1942,2240.66911764706,407.170953428439,1952,1950,2791,0.681360726662318,0,0.00755536481798673,0.0600944990291982,0,0,0,2325,125
4295,2477971,2478570,600,Thioredoxin-like fold domain-containing protein,PANCAC_02493,contig_1,-,2836,2831,2834.88666666667,1.46197966120321,2836,2834,2836,0.624818160980236,0,0.00951915017689526,0.0607906604721453,0,0,0,7282,non-mge
4296,2478571,2478588,18,non-cds,non-cds,contig_1,.,2836,2835,2835.77777777778,0.427792631946499,2836,2836,2836,0.692612267936502,0,0.0384784593298056,0.163250277130298,0,0,0,1477,non-mge
4297,2478589,2478951,363,DUF4467 domain-containing protein,PANCAC_02494,contig_1,-,2836,2834,2835.76584022039,0.467438118139133,2836,2836,2836,0.529342022418137,0,0.0053857158831171,0.0425385793438411,0,0,0,1779,non-mge
4298,2478952,2479205,254,non-cds,non-cds,contig_1,.,2836,2831,2833.94881889764,1.54297418982675,2834,2833,2835,0.692219001648114,0,0.0109364258817747,0.0718851667508291,0,0,0,3717,non-mge
4299,2479206,2480456,1251,FemA/FemB family glycyltransferase FmhA,PANCAC_02495,contig_1,+,2836,2833,2835.79136690647,0.597693408088079,2836,2836,2836,0.688921564056943,0,0.00881292073388597,0.064311072530065,0,0,0,13382,non-mge
4300,2480457,2480552,96,non-cds,non-cds,contig_1,.,2836,2834,2835.14583333333,0.522729006307367,2835,2835,2835,0.479319211607039,0,0.00747060106463829,0.0539801647179648,0,0,0,700,non-mge
4301,2480553,2481284,732,Amino acid ABC transporter%2C ATP-binding protein,PANCAC_02496,contig_1,-,2836,2835,2835.88114754098,0.323836095547069,2836,2836,2836,0.632941190558323,0,0.00818375555245972,0.0563675851418959,0,0,0,6261,non-mge
4302,2481281,2482009,729,Amino acid ABC transproter%2C permease protein%2C putative,PANCAC_02497,contig_1,-,2836,2834,2835.8463648834,0.368380900097086,2836,2836,2836,0.529440317757678,0,0.00294332985241356,0.0266408882702524,0,0,0,1645,non-mge
4303,2481981,2482760,780,Amino acid ABC transporter substrate-binding protein,PANCAC_02498,contig_1,-,2836,2836,2836,0,2836,2836,2836,0.693147180559945,0,0.00692924692961922,0.0557850722771134,0,0,0,6475,non-mge
4304,2482761,2482880,120,non-cds,non-cds,contig_1,.,2836,2836,2836,0,2836,2836,2836,0.661379945342483,0,0.00703707675626316,0.0607811436451061,0,0,0,1145,non-mge
4305,2482881,2484320,1440,multidrug efflux MFS transporter MdeA,PANCAC_02499,contig_1,-,2836,2796,2831.36875,12.3893628788341,2836,2835,2836,1.07544637854493,0,0.00936959350247525,0.0681669545982413,0,0,0,18903,non-mge
4306,2484321,2484493,173,non-cds,non-cds,contig_1,.,2836,2835,2835.81502890173,0.389401186494795,2836,2836,2836,0.586002488542292,0,0.00898689519824531,0.0563608994543501,0,0,0,1480,non-mge
4307,2484494,2484598,105,Metal homeostasis protein,PANCAC_02500,contig_1,+,2835,2835,2835,0,2835,2835,2835,0.68016293591154,0,0.0128021952694747,0.086070872998446,0,0,0,1952,non-mge
4308,2484599,2484751,153,non-cds,non-cds,contig_1,.,2836,2832,2833.98692810458,1.25124636865015,2834,2833,2835,0.237547933544819,0,0.00364593775424949,0.0272409589981343,0,0,0,398,non-mge
4309,2484752,2485438,687,2%2C3-diphosphoglycerate-dependent phosphoglycerate mutase,PANCAC_02501,contig_1,-,2836,2833,2835.19359534207,0.642575697467121,2835,2835,2836,0.661561343438554,0,0.00552889354114247,0.0461595654558757,0,0,0,3935,non-mge
4310,2485439,2485764,326,non-cds,non-cds,contig_1,.,2835,2817,2830.18711656442,5.0692393268147,2833,2826.25,2834,0.674676155142232,0,0.00619208835389022,0.0474929852270251,0,0,0,2115,non-mge
4311,2485765,2486631,867,Cation efflux protein cytoplasmic domain-containing protein,PANCAC_02502,contig_1,-,2836,2825,2834.72087658593,2.83952069065358,2836,2835,2836,0.689381563841732,0,0.00956013472809262,0.0649879525945965,0,0,0,12410,non-mge
4312,2486632,2487382,751,non-cds,non-cds,contig_1,.,2836,1420,2585.15046604527,432.742091007776,2821,2499,2828,0.680118654597531,0,0.00976928117413907,0.0621098407707928,0,0,0,7741,126
4313,2487383,2488693,1311,immunoglobulin-binding protein Sbi,PANCAC_02503,contig_1,+,2836,2824,2833.94508009153,3.07564252166297,2836,2832,2836,0.690284084655304,0,0.00566164454643295,0.0506951309342875,0,0,0,11652,non-mge
4314,2488694,2489192,499,non-cds,non-cds,contig_1,.,2834,2829,2833.28857715431,1.31903342499884,2834,2833,2834,0.688068116471765,0,0.0151923991266773,0.0857573571675483,0,0,0,11262,non-mge
4315,2489193,2490158,966,bi-component gamma-hemolysin HlgAB subunit A,PANCAC_02504,contig_1,+,2834,2830,2833.72360248447,0.712000657386054,2834,2834,2834,0.681009474160761,0,0.0080385893440078,0.0622470497695562,0,0,0,13653,non-mge
4316,2490159,2490725,567,non-cds,non-cds,contig_1,.,2834,2670,2818.94532627866,40.6264832317358,2833,2833,2833,0.625870249022304,0,0.01147194573138,0.0666038273696809,0,0,0,8955,non-mge
4317,2490726,2491673,948,bi-component gamma-hemolysin HlgCB subunit C,PANCAC_02505,contig_1,+,2836,2824,2834.77215189873,1.42417830850295,2835,2835,2835,0.683711527289162,0,0.010356417708848,0.0720973314477494,0,0,0,13432,non-mge
4318,2491674,2491674,1,non-cds,non-cds,contig_1,.,2836,2836,2836,NA,2836,2836,2836,0,0,0,NA,0,0,0,0,non-mge
4319,2491675,2492652,978,bi-component gamma-hemolysin HlgAB/HlgCB subunit B,PANCAC_02506,contig_1,+,2836,2835,2835.88752556237,0.316110917950056,2836,2836,2836,0.678747821912649,0,0.00639558317847638,0.0505740683579545,0,0,0,6821,non-mge
4320,2492653,2492703,51,non-cds,non-cds,contig_1,.,2836,2836,2836,0,2836,2836,2836,0.234833870953944,0,0.0046045857049793,0.0328833192552012,0,0,0,145,non-mge
4321,2492704,2493171,468,QueT transporter family protein,PANCAC_02507,contig_1,-,2836,2828,2834.46367521368,2.0161991074184,2835,2834,2836,0.670878066420256,0,0.0106296535728163,0.0697270615217529,0,0,0,7850,non-mge
4322,2493172,2493181,10,non-cds,non-cds,contig_1,.,2835,2835,2835,0,2835,2835,2835,0.184032262259887,0,0.0193016440164703,0.0579139756662359,0,0,0.00236836661179073,131,non-mge
4323,2493182,2493874,693,6-carboxyhexanoate--CoA ligase,PANCAC_02508,contig_1,-,2836,2835,2835.8354978355,0.370998405428606,2836,2836,2836,0.687811206062644,0,0.010731769680254,0.0656236138861474,0,0,0,8483,non-mge
4324,2493875,2493884,10,non-cds,non-cds,contig_1,.,2835,2835,2835,0,2835,2835,2835,0,0,0,0,0,0,0,0,non-mge
4325,2493885,2495000,1116,8-amino-7-oxononanoate synthase,PANCAC_02509,contig_1,-,2836,2831,2835.4623655914,1.10336596908675,2836,2835,2836,0.690450963656843,0,0.00987112991248941,0.0620283146419136,0,0,0,13353,non-mge
4326,2494978,2495985,1008,biotin synthase BioB,PANCAC_02510,contig_1,-,2836,2835,2835.95238095238,0.213064568014681,2836,2836,2836,0.688293844936743,0,0.0108939043272515,0.070040088915034,0,0,0,17789,non-mge
4327,2495986,2495986,1,non-cds,non-cds,contig_1,.,2835,2835,2835,NA,2835,2835,2835,0,0,0,NA,0,0,0,0,non-mge
4328,2495987,2497345,1359,adenosylmethionine--8-amino-7-oxononanoate transaminase,PANCAC_02511,contig_1,-,2836,2835,2835.90139808683,0.298236524872558,2836,2836,2836,0.691747554188111,0,0.0107877660629394,0.0616570268721945,0,0,0,16215,non-mge
4329,2497323,2498009,687,dethiobiotin synthase,PANCAC_02512,contig_1,-,2836,2835,2835.8500727802,0.357260177385426,2836,2836,2836,0.693147180559945,0,0.0120969874528329,0.0712415091341982,0,0,0,9337,non-mge
4330,2498010,2498460,451,non-cds,non-cds,contig_1,.,2836,2796,2830.14190687361,10.9843239775892,2836,2829,2836,0.692612267936502,0,0.0123596048538886,0.0664203469946166,0,0,0,5632,non-mge
4331,2498461,2500194,1734,ABC transporter ATP-binding protein,PANCAC_02514,contig_1,-,2829,2810,2828.08592848904,2.83984881459342,2829,2829,2829,0.675849901280068,0,0.00398658798730675,0.0378340435926495,0,0,0,7228,non-mge
4332,2500195,2500218,24,non-cds,non-cds,contig_1,.,2829,2829,2829,0,2829,2829,2829,0.279438403889255,0,0.0123729190538636,0.0569186688565458,0,0,0,233,non-mge
4333,2500219,2501982,1764,ABC transporter ATP-binding protein,PANCAC_02515,contig_1,-,2829,2825,2828.68934240363,0.719929266861886,2829,2829,2829,0.644773367638348,0,0.00411204136564745,0.0345501873428596,0,0,0,8299,non-mge
4334,2501983,2502850,868,non-cds,non-cds,contig_1,.,2836,2546,2785.40552995392,84.2056940370068,2822,2808,2827,0.580287067440946,0,0.00727953660346973,0.0484586183960606,0,0,0,7136,non-mge
4335,2502851,2503237,387,flippase GtxA,PANCAC_02518,contig_1,-,2836,2830,2834.97674418605,1.53777200523653,2835,2835,2836,0.692077682585844,0,0.0147801039252733,0.089310037550326,0,0,0,10783,non-mge
4336,2503238,2503504,267,non-cds,non-cds,contig_1,.,2836,2826,2833.25842696629,3.85311539771939,2836,2830,2836,0.528898829951468,0,0.00819618607799766,0.0566023916447584,0,0,0,2167,non-mge
4337,2503505,2504647,1143,Glycerate kinase,PANCAC_02519,contig_1,+,2836,2834,2835.82939632546,0.387786709326717,2836,2836,2836,0.664391659875641,0,0.00697261522098954,0.0519714835299789,0,0,0,9018,non-mge
4338,2504648,2504706,59,non-cds,non-cds,contig_1,.,2836,2835,2835.69491525424,0.464395687709626,2836,2835,2836,0.237426899863485,0,0.0110502860527874,0.047541711666123,0,0,0,475,non-mge
4339,2504707,2505366,660,hypothetical protein,PANCAC_02520,contig_1,+,2836,2832,2835.61212121212,0.821471190608682,2836,2836,2836,0.87220859153037,0,0.00619582902569497,0.0508304270940114,0,0,0,3902,non-mge
4340,2505367,2505547,181,non-cds,non-cds,contig_1,.,2836,2831,2833.33701657459,1.59241603467861,2834,2832,2835,0.338859122499847,0,0.00532554145389325,0.0335509886964018,0,0,0,700,non-mge
4341,2505548,2506759,1212,Bcr/CflA family efflux transporter,PANCAC_02521,contig_1,+,2836,2833,2835.42161716172,0.869500473716239,2836,2835,2836,0.692999010078929,0,0.00729011504095594,0.055443115398187,0,0,0,9880,non-mge
4342,2506760,2506881,122,non-cds,non-cds,contig_1,.,2836,2835,2835.99180327869,0.0905357460425185,2836,2836,2836,0.68731503771216,0,0.0175174814696031,0.0890655707684135,0,0,0,2902,non-mge
4343,2506882,2507355,474,Bacterial transcription activator effector binding domain-containing protein,PANCAC_02522,contig_1,-,2836,2833,2835.61603375527,0.837945417775567,2836,2836,2836,0.842898818188106,0,0.0100242459913862,0.0628006112138172,0,0,0,4270,non-mge
4344,2507356,2507467,112,non-cds,non-cds,contig_1,.,2836,2836,2836,0,2836,2836,2836,0.530667280718606,0,0.00635024798836598,0.0511037013070332,0,0,0,727,non-mge
4345,2507468,2508124,657,Peptidase C39-like domain-containing protein,PANCAC_02523,contig_1,+,2836,2834,2835.77473363775,0.553068737164163,2836,2836,2836,0.663829285551182,0,0.00746529081552085,0.0543777233454774,0,0,0,9243,non-mge
4346,2508125,2508186,62,non-cds,non-cds,contig_1,.,2835,2832,2833.77419354839,1.41906636172312,2835,2832,2835,0.166419810825005,0,0.0034676044377856,0.0213345673436212,0,0,0,130,non-mge
4347,2508187,2508993,807,Calcineurin-like phosphoesterase domain-containing protein,PANCAC_02524,contig_1,-,2836,2831,2835.21809169765,1.07741065689506,2836,2835,2836,0.833861858158951,0,0.0112382769304947,0.0723284522936829,0,0,0,11395,non-mge
4348,2508994,2509279,286,non-cds,non-cds,contig_1,.,2835,2804,2829.10839160839,8.28645901564924,2833,2828,2834,0.807235764201796,0,0.00902349217913748,0.0639218706149236,0,0,0,3453,non-mge
4349,2509280,2510689,1410,D-serine/D-alanine/glycine transporter,PANCAC_02525,contig_1,+,2836,2835,2835.91773049645,0.274872365488407,2836,2836,2836,0.681138688697039,0,0.00651267732597107,0.0500485913597471,0,0,0,12892,non-mge
4350,2510690,2510826,137,non-cds,non-cds,contig_1,.,2836,2833,2835.21167883212,1.0249150390492,2836,2835,2836,0.588766036322047,0,0.0102256784311496,0.0701579573999402,0,0,0,1488,non-mge
4351,2510827,2512905,2079,Cation/H+ exchanger transmembrane domain-containing protein,PANCAC_02526,contig_1,+,2836,2833,2835.85040885041,0.409509878930709,2836,2836,2836,0.637164970695511,0,0.00737125689609309,0.0483544023093358,0,0,0,16090,non-mge
4352,2512906,2513044,139,non-cds,non-cds,contig_1,.,2836,2834,2835.11510791367,0.649181610670367,2835,2835,2836,0.65149442334201,0,0.01166617554817,0.072557167094603,0,0,0,1879,non-mge
4353,2513045,2514874,1830,Putative cyclic di-AMP transporter,PANCAC_02527,contig_1,-,2836,2830,2835.07486338798,1.64057753567002,2836,2835,2836,0.686752668327883,0,0.00769113663419286,0.057321142246288,0,0,0,18134,non-mge
4354,2514875,2515105,231,non-cds,non-cds,contig_1,.,2832,2782,2805.12121212121,23.0932519845089,2784,2784,2831,0.689097930548748,0,0.00830528844523012,0.0555976913679319,0,0,0,2148,non-mge
4355,2515106,2516602,1497,Protein flp,PANCAC_02528,contig_1,+,2833,2760,2827.52705410822,15.7845867229326,2833,2831,2833,0.690361844659123,0,0.00920237070918554,0.0653465109075094,0,0,0,21701,non-mge
4356,2516603,2516693,91,non-cds,non-cds,contig_1,.,2832,1863,2043.81318681319,377.887958471171,1864,1863.5,1864,0.0665223162963036,0,0.000873839678303243,0.00702973871330482,0,0,0,26,non-mge
4357,2516694,2517545,852,MW2366 protein,PANCAC_02529,contig_1,-,2833,2828,2832.47535211268,0.999695837624056,2833,2832,2833,0.922422575825655,0,0.0115188873918856,0.0742606693861231,0,0,0,13868,non-mge
4358,2517546,2517866,321,non-cds,non-cds,contig_1,.,2833,2832,2832.95015576324,0.217962813713702,2833,2833,2833,0.658805163126941,0,0.0102909254045119,0.0652154479112178,0,0,0,3574,non-mge
4359,2517867,2518802,936,2-dehydropantoate 2-reductase,PANCAC_02530,contig_1,-,2836,2833,2835.5844017094,0.936104263673477,2836,2836,2836,0.696544712711799,0,0.00859114919717579,0.058429878984906,0,0,0,9684,non-mge
4360,2518803,2519027,225,non-cds,non-cds,contig_1,.,2836,2786,2805.48888888889,23.6135386240438,2788,2788,2836,0.642853248821317,0,0.0185552433497737,0.0874919052622466,0,0,0,4379,non-mge
4361,2519028,2520428,1401,Quinolone resistance protein NorB,PANCAC_02531,contig_1,-,2790,2785,2788.44753747323,1.39345254783184,2788,2788,2790,0.693147180559945,0,0.00776870976536765,0.0573909881637721,0,0,0,14529,non-mge
4362,2520429,2520721,293,non-cds,non-cds,contig_1,.,2790,2785,2788.05802047782,1.65315560832386,2788,2787,2790,0.679147971130361,0,0.0138715835060187,0.0685406363014848,0,0,0,4381,non-mge
4363,2520722,2521417,696,Glycine betaine/carnitine/choline/choline sulfate ABC transporter (Permease),PANCAC_02532,contig_1,-,2790,2786,2788.60488505747,0.64856608944711,2789,2788,2789,0.688698545466306,0,0.00934608536987459,0.0705324312763578,0,0,0,8635,non-mge
4364,2521417,2522358,942,Glycine betaine/carnitine/choline/choline sulfate ABC transporter (Osmoprotectant-binding lipoprotein),PANCAC_02533,contig_1,-,2790,2788,2788.90976645435,0.664357614526018,2789,2788,2789,0.841550578883966,0,0.00873761954380493,0.0672725155762556,0,0,0,13434,non-mge
4365,2522359,2522374,16,non-cds,non-cds,contig_1,.,2791,2790,2790.9375,0.25,2791,2791,2791,0,0,0,0,0,0,0,0,non-mge
4366,2522375,2523010,636,Glycine betaine/carnitine/choline/choline sulfate ABC transporter (Permease),PANCAC_02534,contig_1,-,2791,2784,2789.3820754717,1.89410842067071,2790,2789,2791,0.690092901833893,0,0.00635543925159752,0.051770547462638,0,0,0,4720,non-mge
4367,2523007,2524233,1227,Quaternary amine transport ATP-binding protein,PANCAC_02535,contig_1,-,2836,2790,2832.1760391198,12.704765761025,2836,2836,2836,1.00262989301927,0,0.0143265414133527,0.0791601129967113,0,0,0,21450,non-mge
4368,2524234,2524902,669,non-cds,non-cds,contig_1,.,2836,2783,2816.21375186846,24.4394777783009,2836,2787,2836,0.680801805977895,0,0.00814117534511711,0.0578815227927339,0,0,0,6483,non-mge
4369,2524903,2525502,600,YdhG-like domain-containing protein,PANCAC_02536,contig_1,-,2783,2774,2777.17,2.34027665559178,2776,2775,2779,0.622330093135501,0,0.00598231268041518,0.0486619441179839,0,0,0,3610,non-mge
4370,2525503,2525681,179,non-cds,non-cds,contig_1,.,2780,2773,2776.53631284916,1.63273047391538,2777,2776,2777,0.678599377433258,0,0.0108658592631606,0.073618991349763,0,0,0,2498,non-mge
4371,2525682,2527319,1638,APC family permease,PANCAC_02537,contig_1,+,2785,2776,2781.45299145299,2.75754978996829,2782,2779,2784,0.693147180559945,0,0.00742058540997088,0.0560013820513217,0,0,0,15179,non-mge
4372,2527320,2527926,607,non-cds,non-cds,contig_1,.,2825,2142,2707.93080724876,98.951825912044,2745,2590,2786,0.688106986017077,0,0.00629051090703338,0.0546440971118986,0,0,0,4571,non-mge
4373,2527927,2529279,1353,Carboxylic ester hydrolase,PANCAC_02539,contig_1,+,2790,2787,2788.58980044346,0.844990129016841,2788,2788,2789,0.693147180559945,0,0.0105573426159466,0.0665112303533519,0,0,0,15927,non-mge
4374,2529280,2529340,61,non-cds,non-cds,contig_1,.,2789,2788,2788.59016393443,0.495884703680465,2789,2788,2789,0.534098572566617,0,0.0110476442603368,0.0691273226930191,0,0,0,698,non-mge
4375,2529341,2530528,1188,Major facilitator superfamily (MFS) profile domain-containing protein,PANCAC_02540,contig_1,-,2789,2785,2787.41245791246,1.21069915220454,2788,2786,2788,0.876169766527075,0,0.0100271260306848,0.0687108812988522,0,0,0,15568,non-mge
4376,2530529,2530923,395,non-cds,non-cds,contig_1,.,2788,2773,2785.23544303797,3.91570565224147,2787,2785,2787,0.685415353421212,0,0.00789760181742118,0.0505713477363916,0,0,0,2979,non-mge
4377,2530924,2531700,777,ABC superfamily ATP binding cassette transporter%2C membrane protein,PANCAC_02541,contig_1,-,2836,2788,2835.69111969112,3.84055085011318,2836,2836,2836,0.610548892261804,0,0.00507374006886396,0.0415072524875664,0,0,0,4752,non-mge
4378,2531693,2532355,663,ATP-binding cassette domain-containing protein,PANCAC_02542,contig_1,-,2836,2834,2835.83408748115,0.425312437006783,2836,2836,2836,0.625897093050008,0,0.00475213602601088,0.0422558303062204,0,0,0,3089,non-mge
4379,2532356,2532602,247,non-cds,non-cds,contig_1,.,2836,1542,1731.07287449393,444.25812228992,1546,1545,1547,0.670753432517213,0,0.00522384877995487,0.0464142206162019,0,0,0,1137,127
4380,2532603,2533679,1077,Endoglucanase M,PANCAC_02543,contig_1,-,2836,2833,2835.79294336119,0.626866261642856,2836,2836,2836,0.693933728652638,0,0.011353206216248,0.0741069926541978,0,0,0,16613,non-mge
4381,2533680,2534033,354,non-cds,non-cds,contig_1,.,2835,1636,2103.46327683616,576.933738229656,1641,1637,2823,0.590359917246329,0,0.00846005844972315,0.0557192217649211,0,0,0,1782,128
4382,2534034,2534300,267,Txe/YoeB family addiction module toxin,PANCAC_02544,contig_1,-,1644,1641,1643.22471910112,0.644574971964782,1643,1643,1644,0.612687715577009,0,0.00869718325204557,0.0547904450094567,0,0,0,1290,128
4383,2534300,2534557,258,Antitoxin,PANCAC_02545,contig_1,-,1643,1641,1641.84108527132,0.552618443821307,1642,1642,1642,0.658912243891863,0,0.0074421854097862,0.0537216818580072,0,0,0,1181,128
4384,2534558,2534915,358,non-cds,non-cds,contig_1,.,2836,1628,2232.29329608939,590.059694563363,2797,1640,2829,0.693147180559945,0,0.00548056259386988,0.0505102432425118,0,0,0,1516,128
4385,2534916,2535371,456,DUF1307 domain-containing protein,PANCAC_02546,contig_1,+,2836,2835,2835.98026315789,0.139247336439912,2836,2836,2836,0.692769095635605,0,0.00748817301963782,0.0622288812950404,0,0,0,5195,non-mge
4386,2535372,2535538,167,non-cds,non-cds,contig_1,.,2836,2836,2836,0,2836,2836,2836,0.675736001234944,0,0.0191495146958885,0.0941489659105667,0,0,0,5575,non-mge
4387,2535539,2537116,1578,FMN-binding glutamate synthase family protein,PANCAC_02547,contig_1,-,2836,2833,2835.69581749049,0.594837436661535,2836,2835,2836,0.688436866626464,0,0.00863974586093143,0.0592190909101098,0,0,0,16653,non-mge
4388,2537117,2537310,194,non-cds,non-cds,contig_1,.,2835,2736,2796.20103092783,34.1748900179645,2803,2759.75,2832,0.687795604345095,0,0.00672193555760938,0.0549919790768994,0,0,0,1685,non-mge
4389,2537311,2538060,750,CPBP family lipoprotein N-acylation protein LnsB,PANCAC_02548,contig_1,+,2836,2818,2835.288,2.28707169306932,2836,2835,2836,0.691747554188111,0,0.0101413595700042,0.0681833985188755,0,0,0,11391,non-mge
4390,2538061,2538283,223,non-cds,non-cds,contig_1,.,2836,2005,2742.2869955157,262.573778840588,2835,2835,2836,0.64331286193097,0,0.0144231542763607,0.0841411764405881,0,0,0,4851,non-mge
4391,2538284,2539477,1194,staphylopine family metallophore export MFS transporter CntE,PANCAC_02549,contig_1,-,2835,2833,2834.85175879397,0.380542369517563,2835,2835,2835,0.692337903558539,0,0.00632872249669054,0.0525135898335438,0,0,0,9044,non-mge
4392,2539478,2539488,11,non-cds,non-cds,contig_1,.,2834,2834,2834,0,2834,2834,2834,0,0,0,0,0,0,0,0,non-mge
4393,2539489,2540238,750,Metal-staphylopine import system ATP-binding protein CntF,PANCAC_02550,contig_1,-,2836,2834,2835.896,0.413213012046369,2836,2836,2836,0.689508455814998,0,0.0099311030793136,0.0651447010651154,0,0,0,8371,non-mge
4394,2540231,2541046,816,staphylopine uptake ABC transporter ATP-binding protein CntD,PANCAC_02551,contig_1,-,2836,2835,2835.72671568627,0.445918914799232,2836,2835,2836,0.727272073674632,0,0.00698092281146581,0.05238407421951,0,0,0,6225,non-mge
4395,2541043,2541912,870,staphylopine uptake ABC transporter permease subunit CntC,PANCAC_02552,contig_1,-,2836,2835,2835.96896551724,0.173510657242314,2836,2836,2836,0.690924298826588,0,0.00988505871234177,0.0674844016315836,0,0,0,12892,non-mge
4396,2541909,2542844,936,nickel/cobalt ABC transporter permease,PANCAC_02553,contig_1,-,2836,2830,2835.71474358974,1.03357359326085,2836,2836,2836,0.688221577876082,0,0.00828665926521792,0.0589321420971789,0,0,0,9025,non-mge
4397,2542845,2542856,12,non-cds,non-cds,contig_1,.,2836,2836,2836,0,2836,2836,2836,0,0,0,0,0,0,0,0,non-mge
4398,2542857,2544455,1599,staphylopine-dependent metal ABC transporter substrate-binding protein CntA,PANCAC_02554,contig_1,-,2836,2835,2835.92808005003,0.258436143265953,2836,2836,2836,1.0762762426226,0,0.00838458493322889,0.0619261106838764,0,0,0,21827,non-mge
4399,2544456,2544597,142,non-cds,non-cds,contig_1,.,2835,2831,2833.83098591549,1.43893100089342,2835,2832,2835,0.157347524411341,0,0.00297484782743972,0.0160783735877406,0,0,0,228,non-mge
4400,2544598,2545899,1302,staphylopine dehydrogenase CntM,PANCAC_02555,contig_1,-,2836,2835,2835.96159754224,0.192239676163824,2836,2836,2836,0.693061272680278,0,0.0102648965761677,0.0661193311363358,0,0,0,17059,non-mge
4401,2545892,2546710,819,D-histidine (S)-2-aminobutanoyltransferase CntL,PANCAC_02556,contig_1,-,2836,2830,2835.64346764347,0.800284600883606,2836,2835,2836,0.681906901136513,0,0.00678736689730319,0.0491370277936835,0,0,0,6285,non-mge
4402,2546711,2546720,10,non-cds,non-cds,contig_1,.,2831,2830,2830.2,0.421637021355784,2830,2830,2830,0.00316277900656607,0,0.000316277900656607,0.00100015853965134,0,0,0,1,non-mge
4403,2546721,2547542,822,histidine racemase CntK,PANCAC_02557,contig_1,-,2836,2831,2835.73236009732,0.693733233690315,2836,2836,2836,0.873315456293254,0,0.0105080188531292,0.0700651919598583,0,0,0,12412,non-mge
4404,2547543,2548408,866,non-cds,non-cds,contig_1,.,2836,1393,2397.73210161663,393.867945135535,2448,2018,2833,0.693147180559945,0,0.00834264394958828,0.0601282890667119,0,0,0,9234,non-mge
4405,2548409,2548774,366,Genomic island nu Sa alpha2,PANCAC_02558,contig_1,-,2020,2015,2018.01639344262,1.2318842226157,2018,2017,2019,0.693062121348248,0,0.00896337026375071,0.0616222698244394,0,0,0,3235,non-mge
4406,2548775,2549036,262,non-cds,non-cds,contig_1,.,2836,1967,2251.24427480916,384.618078797627,2017,2016,2834,0.680278631314946,0,0.00760500032554562,0.0548140400182582,0,0,0,1918,non-mge
4407,2549037,2549756,720,SDR family oxidoreductase,PANCAC_02559,contig_1,-,2836,2835,2835.23611111111,0.424986477918096,2835,2835,2835,0.693146454206542,0,0.007492012035888,0.0559022565052974,0,0,0,6069,non-mge
4408,2549757,2550087,331,non-cds,non-cds,contig_1,.,2835,2833,2834.76737160121,0.620575522942948,2835,2835,2835,0.673864965044296,0,0.0136183099402682,0.0886372388038078,0,0,0,8349,non-mge
4409,2550088,2551626,1539,Transporter%2C putative,PANCAC_02560,contig_1,+,2836,2834,2835.87199480182,0.365785557526808,2836,2836,2836,0.692272640317827,0,0.0110046060436032,0.0684653418383066,0,0,0,21074,non-mge
4410,2551627,2551737,111,non-cds,non-cds,contig_1,.,2836,2778,2786.10810810811,10.2179444217704,2786,2780,2787,0.553789959271669,0,0.0132086733638834,0.0750428217733124,0,0,0,1523,non-mge
4411,2551738,2552160,423,Carboxymuconolactone decarboxylase-like domain-containing protein,PANCAC_02561,contig_1,-,2789,2787,2788.11111111111,0.784593621648924,2788,2787,2789,0.573956628730065,0,0.00595752796546904,0.0474323060560864,0,0,0,3730,non-mge
4412,2552161,2552611,451,non-cds,non-cds,contig_1,.,2789,2738,2783.0487804878,14.6824859255485,2788,2787,2788,0.571420011154684,0,0.00841576951146837,0.0575938366333286,0,0,0,5338,non-mge
4413,2552612,2553031,420,DUF1433 domain-containing protein,PANCAC_02562,contig_1,-,2779,2689,2741.00714285714,29.9056981891415,2732,2723,2774,0.635321240445592,0,0.00188725460185985,0.0313597626845838,0,0,0,983,non-mge
4414,2553032,2553048,17,non-cds,non-cds,contig_1,.,2733,2378,2691,117.812881299118,2733,2733,2733,0.094255208520312,0,0.00554442403060659,0.0228602459114038,0,0,0,52,non-mge
4415,2553049,2553468,420,DUF1433 domain-containing protein,PANCAC_02563,contig_1,-,2415,1698,2291.05238095238,259.818482844717,2406,2395,2414,0.672904663809141,0,0.00639886746902169,0.0527559433798062,0,0,0,2563,129
4416,2553469,2553734,266,non-cds,non-cds,contig_1,.,1735,1439,1666.90601503759,102.532289444726,1734,1653.25,1734,0.632834356392491,0,0.00856844324549288,0.0577218123963484,0,0,0,1418,129
4417,2553735,2554157,423,DUF1433 domain-containing protein,PANCAC_02564,contig_1,-,2187,1735,2145.25768321513,68.5477470934429,2155,2118,2179,0.572687001956873,0,0.00868921801963625,0.0588302068154972,0,0,0,2787,129
4418,2554158,2554407,250,non-cds,non-cds,contig_1,.,2833,2187,2314.948,246.505279267661,2199,2198,2200,0.471711398423313,0,0.00635567299797458,0.0511477048266727,0,0,0,1250,non-mge
4419,2554408,2555103,696,Uncharacterized oxidoreductase SAOUHSC_02778,PANCAC_02565,contig_1,-,2834,2833,2833.47126436782,0.49953256907138,2833,2833,2834,0.758841243712031,0,0.0162612494891078,0.0893999991322737,0,0,0,14310,non-mge
4420,2555104,2555391,288,non-cds,non-cds,contig_1,.,2834,2823,2828.4375,3.53621138236483,2828,2825.75,2830,0.629655656738106,0,0.00900134206431223,0.0636929046563983,0,0,0,3874,non-mge
4421,2555392,2555673,282,DUF1413 domain-containing protein,PANCAC_02566,contig_1,+,2832,2828,2831.0780141844,1.32895978900587,2832,2830,2832,0.687761694613081,0,0.00926755867830706,0.0660887172678146,0,0,0,3903,non-mge
4422,2555674,2555932,259,non-cds,non-cds,contig_1,.,2833,2822,2830.9111969112,2.97467184624769,2833,2830,2833,0.681198513927289,0,0.00781036671369853,0.0588769112121109,0,0,0,2833,non-mge
4423,2555933,2556124,192,HTH cro/C1-type domain-containing protein,PANCAC_02567,contig_1,-,2833,2830,2832.85416666667,0.531306138600417,2833,2833,2833,0.239500137509751,0,0.00494509497369482,0.0292038504417678,0,0,0,642,non-mge
4424,2556125,2556684,560,non-cds,non-cds,contig_1,.,2833,2193,2739.67857142857,221.378281965602,2829,2825,2833,0.717535300593776,0,0.00955919485006456,0.0682118145686032,0,0,0,7055,non-mge
4425,2556685,2557479,795,Uncharacterized protein SACOL2493,PANCAC_02569,contig_1,-,2686,1945,2228.48301886792,202.610602070769,2180,2138,2422,0.469935896537936,0,0.00187729114080318,0.0235272243224031,0,0,0,944,130
4426,2557480,2558014,535,non-cds,non-cds,contig_1,.,2670,1669,1921.47289719626,325.996373446113,1673,1671,2124,0.580969445037368,0,0.00601718764486206,0.0492136742341518,0,0,0,1869,131
4427,2558015,2558302,288,hypothetical protein,PANCAC_02570,contig_1,-,1671,1669,1670.64236111111,0.487342199760142,1671,1670,1671,0.646058681957818,0,0.00543561486220532,0.042703566841378,0,0,0,907,131
4428,2558303,2558304,2,non-cds,non-cds,contig_1,.,1671,1671,1671,0,1671,1671,1671,0,0,0,0,0,0,0,0,131
4429,2558305,2558631,327,Cytosolic protein,PANCAC_02571,contig_1,-,1672,1666,1669.26911314985,1.68748373572117,1669,1668,1671,0.326826226536425,0,0.00369361098590123,0.0318251970004944,0,0,0,572,131
4430,2558632,2558842,211,non-cds,non-cds,contig_1,.,1672,1663,1666.54502369668,1.8775899888161,1667,1665,1667,0.37915160878599,0,0.00204425362816858,0.0261582288234494,0,0,0,222,131
4431,2558843,2559955,1113,Cytosolic protein,PANCAC_02572,contig_1,-,1830,1566,1657.34411500449,40.0100617285993,1674,1672,1675,0.690037963667443,0,0.00357011657574352,0.0351247879430374,0,0,0,2339,131
4432,2559952,2560737,786,Uncharacterized lipoprotein SACOL2497,PANCAC_02573,contig_1,-,2705,1830,2127.33969465649,389.378100106708,1845,1837,2703,0.509269995430078,0,0.00129462740622926,0.0197446783635674,0,0,0,774,131
4433,2560738,2560848,111,non-cds,non-cds,contig_1,.,2707,2546,2655.56756756757,67.2379251236873,2700,2561,2703,0.0604405532138608,0,0.000706875981619969,0.00597145765556433,0,0,0,35,non-mge
4434,2560849,2561625,777,Uncharacterized lipoprotein SAUSA300_2430,PANCAC_02574,contig_1,-,2816,2555,2673.3268983269,91.8630127029765,2643,2612,2806,0.477415767710368,0,0.00476740766659206,0.0372647218746578,0,0,0,2899,non-mge
4435,2561626,2561927,302,non-cds,non-cds,contig_1,.,2812,1872,1915.76158940397,147.470148276461,1878,1875,1879,0.679650854466404,0,0.00802463446553031,0.0640576838758743,0,0,0,2061,132
4436,2561928,2564789,2862,DUF3427 domain-containing protein,PANCAC_02575,contig_1,-,1886,1872,1879.34940600978,3.09336223149137,1880,1878,1881,0.870447496917731,0,0.0106234482440766,0.0722465388421531,0,0,0,26334,132
4437,2564790,2564790,1,non-cds,non-cds,contig_1,.,1883,1883,1883,NA,1883,1883,1883,0,0,0,NA,0,0,0,0,132
4438,2564791,2565183,393,8-oxo-dGTP diphosphatase,PANCAC_02576,contig_1,-,1883,1876,1879.91348600509,2.61815605590928,1880,1878,1882,0.691636258996722,0,0.00909494586528176,0.0716673200739299,0,0,0,3893,132
4439,2565184,2565470,287,non-cds,non-cds,contig_1,.,2834,1865,2337.51567944251,432.939673761752,2205,1874,2833,0.446889768678426,0,0.00499701597548052,0.0372990385239922,0,0,0,906,132
4440,2565471,2567108,1638,Phosphoglucomutase,PANCAC_02577,contig_1,+,2834,2832,2833.8956043956,0.355726648955692,2834,2834,2834,0.98935655335671,0,0.0136575192612976,0.0780195360282484,0,0,0,28669,non-mge
4441,2567109,2567391,283,non-cds,non-cds,contig_1,.,2834,2792,2827.97526501767,10.9646153724787,2833,2830,2834,0.520079044687942,0,0.00546884786337795,0.0446133086032829,0,0,0,3099,non-mge
4442,2567392,2567658,267,Secreted protein,PANCAC_02578,contig_1,+,2834,2834,2834,0,2834,2834,2834,0.640917442708312,0,0.0064483722753953,0.0544610080683905,0,0,0,1974,non-mge
4443,2567659,2567801,143,non-cds,non-cds,contig_1,.,2834,2824,2829.5034965035,3.02308984243112,2829,2827,2833,0.692932954976015,0,0.0174782396445737,0.10218464172507,0,0,0,3793,non-mge
4444,2567802,2568110,309,DUF3784 domain-containing protein,PANCAC_02579,contig_1,+,2833,2829,2831.4854368932,1.38777649172053,2831,2830,2833,0.629854350306965,0,0.0118324222384278,0.069051885658423,0,0,0,3801,non-mge
4445,2568111,2568217,107,non-cds,non-cds,contig_1,.,2833,2833,2833,0,2833,2833,2833,0.522004130752827,0,0.00830005599214157,0.055976095737539,0,0,0,866,non-mge
4446,2568218,2568388,171,hypothetical protein,PANCAC_02580,contig_1,-,2801,1677,1806.05847953216,342.592601609659,1687,1680,1689,0.658775829794147,0,0.0100733442789334,0.0611906293115516,0,0,0,1079,133
4447,2568389,2568431,43,non-cds,non-cds,contig_1,.,1694,1689,1691.46511627907,1.40320784207544,1692,1691.5,1692,0,0,0,0,0,0,0,0,133
4448,2568432,2569625,1194,MFS transporter,PANCAC_02581,contig_1,-,1698,1690,1694.45728643216,1.81507185553943,1695,1693,1696,0.690350113147125,0,0.00845320467732718,0.0622269017693919,0,0,0,7777,133
4449,2569626,2570008,383,non-cds,non-cds,contig_1,.,1697,1624,1636.93994778068,23.5494143944573,1627,1626,1634,0.606620112314144,0,0.00703576110182536,0.0565752278891436,0,0,0,1724,133
4450,2570009,2574892,4884,LPXTG-anchored surface protein SasG,PANCAC_02582,contig_1,-,1633,794,1031.84131859132,332.003359937842,828,817,1423,0.688544085096235,0,0.00167613777526411,0.0256505765368933,0,0,0,4610,133
4451,2574893,2575196,304,non-cds,non-cds,contig_1,.,1627,1607,1621.19736842105,5.13454549189823,1624,1617,1625,0.693147180559945,0,0.00845666968744991,0.0539087416444378,0,0,0,1601,133
4452,2575197,2575553,357,HTH-type transcriptional regulator SarT,PANCAC_02583,contig_1,-,1627,1583,1613.98319327731,15.1306945970045,1624,1598,1627,0.608513651237367,0,0.00386894856958346,0.038689797847731,0,0,0,1454,133
4453,2575554,2575878,325,non-cds,non-cds,contig_1,.,1621,1235,1553.54769230769,97.1956235165413,1598,1568,1599,0.68948819179394,0,0.00784412616359841,0.0514302325112922,0,0,0,1608,133
4454,2575879,2576622,744,HTH-type transcriptional regulator SarU,PANCAC_02584,contig_1,+,1628,1597,1618.92741935484,6.87888694918776,1620,1616,1624,0.632584112163203,0,0.00472173608104076,0.0384697133458843,0,0,0,1785,133
4455,2576623,2576832,210,non-cds,non-cds,contig_1,.,2820,1612,1719.35714285714,271.605894249077,1616,1615,1713,0.678216958276189,0,0.0132085637505935,0.0797408193942052,0,0,0,2781,133
4456,2576833,2577699,867,UTP--glucose-1-phosphate uridylyltransferase GalU,PANCAC_02585,contig_1,-,2833,2820,2832.42791234141,1.7729831990681,2833,2833,2833,0.753369447714986,0,0.00952452613010457,0.0694565680998958,0,0,0,11314,non-mge
4457,2577700,2577878,179,non-cds,non-cds,contig_1,.,2833,2782,2820.22905027933,15.939423413533,2830,2806,2831,0.193709952959982,0,0.00305304904630575,0.0209360046997526,0,0,0,345,non-mge
4458,2577879,2580701,2823,fibronectin-binding protein FnbB,PANCAC_02586,contig_1,-,2771,1696,2347.47679773291,305.985413180866,2426,2187,2580.5,0.692405575088078,0,0.00377637774801989,0.0362595479533436,0,0,0,8927,134
4459,2580702,2581382,681,non-cds,non-cds,contig_1,.,2761,2380,2456.70631424376,99.4923087690166,2437,2423,2440,0.657033890416258,0,0.00864109510246873,0.0524687232118361,0,0,0,4226,non-mge
4460,2581383,2584439,3057,Fibronectin-binding protein A,PANCAC_02587,contig_1,-,2830,831,2208.63918874714,756.915423145942,2689,1672,2793,0.929773267071937,0,0.0058436435865025,0.0537343474474776,0,0,0,15969,135;136
4461,2584440,2584906,467,non-cds,non-cds,contig_1,.,2833,2826,2831.19271948608,2.10897084834495,2832,2830,2833,0.900689820906963,0,0.0161933347289417,0.0800605659839763,0,0,0,7098,non-mge
4462,2584907,2586265,1359,Gluconate permease%2C putative,PANCAC_02588,contig_1,-,2833,2832,2832.97424576895,0.158459543842383,2833,2833,2833,0.683498344012137,0,0.0119801588120863,0.0806963120686227,0,0,0,27911,non-mge
4463,2586266,2586381,116,non-cds,non-cds,contig_1,.,2833,2825,2829.45689655172,3.23403702858345,2830,2825.75,2832,0.57456089304504,0,0.0107915475718779,0.0661540359338765,0,0,0,1239,non-mge
4464,2586382,2587935,1554,gluconokinase,PANCAC_02589,contig_1,-,2833,2832,2832.94272844273,0.232435565163521,2833,2833,2833,0.691924529380638,0,0.00789226413775585,0.0595338094610476,0,0,0,17046,non-mge
4465,2587936,2587958,23,non-cds,non-cds,contig_1,.,2833,2833,2833,0,2833,2833,2833,0.594746077648494,0,0.0258585251151519,0.124013129893619,0,0,0,798,non-mge
4466,2587959,2588639,681,FCD domain-containing protein,PANCAC_02590,contig_1,-,2834,2833,2833.34508076358,0.475744031148614,2833,2833,2834,0.669519034606749,0,0.010500896846968,0.0665147664652349,0,0,0,7679,non-mge
4467,2588640,2588792,153,non-cds,non-cds,contig_1,.,2834,2786,2819.74509803922,21.1736334958825,2833,2786,2833,0.647284388013383,0,0.00706984086953457,0.05816496381602,0,0,0,1308,non-mge
4468,2588793,2589557,765,HTH merR-type domain-containing protein,PANCAC_02591,contig_1,-,2787,2784,2786.06928104575,0.681974443886344,2786,2786,2786,0.803828007224807,0,0.012675510567387,0.072812291349917,0,0,0,10274,non-mge
4469,2589558,2589721,164,non-cds,non-cds,contig_1,.,2789,2786,2787.85975609756,0.625502939942493,2788,2788,2788,0.552870260695986,0,0.00868979905902955,0.055284573362358,0,0,0,1318,non-mge
4470,2589722,2590414,693,GTP pyrophosphokinase YwaC,PANCAC_02592,contig_1,-,2786,2782,2785.02741702742,0.948438842354385,2785,2785,2786,0.68776639148275,0,0.0109194250215061,0.0735643565949067,0,0,0,10640,non-mge
4471,2590415,2590644,230,non-cds,non-cds,contig_1,.,2832,2778,2792.37826086957,20.763178201196,2782,2782,2783,0.687079159182613,0,0.0183155553333544,0.091198561929494,0,0,0,4702,non-mge
4472,2590645,2591061,417,DUF2188 domain-containing protein,PANCAC_02593,contig_1,-,2832,2832,2832,0,2832,2832,2832,0.846935993530418,0,0.0105035318308579,0.0711881065729052,0,0,0,4558,non-mge
4473,2591062,2591199,138,non-cds,non-cds,contig_1,.,2832,2784,2826.08695652174,15.8328302825875,2832,2832,2832,0.640194588592209,0,0.0116178957525416,0.0662501657491616,0,0,0,5149,non-mge
4474,2591200,2591868,669,Integral membrane bound transporter domain-containing protein,PANCAC_02594,contig_1,-,2785,2782,2784.29895366218,0.846098184060898,2784,2784,2785,0.758217381037497,0,0.0168952841886234,0.0909132094904161,0,0,0,14393,non-mge
4475,2591843,2593024,1182,Integral membrane protein,PANCAC_02595,contig_1,-,2787,2782,2785.76395939086,0.916101461778822,2786,2785,2786,0.664747955583632,0,0.00652773085047818,0.0499982502862272,0,0,0,7775,non-mge
4476,2593025,2593501,477,non-cds,non-cds,contig_1,.,2835,2779,2790.16352201258,14.7930574565877,2786,2785,2787,0.656619482987977,0,0.00963879122670583,0.0618568256471431,0,0,0,4805,non-mge
4477,2593502,2594779,1278,Major facilitator superfamily (MFS) profile domain-containing protein,PANCAC_02596,contig_1,-,2835,2834,2834.96400625978,0.186347424262597,2835,2835,2835,0.688468882835905,0,0.0081209925856167,0.0589684035493016,0,0,0,16252,non-mge
4478,2594780,2595325,546,non-cds,non-cds,contig_1,.,2835,2834,2834.83516483516,0.371371954706891,2835,2835,2835,0.959549124624441,0,0.00880264581654003,0.0695780938319006,0,0,0,6198,non-mge
4479,2595326,2595937,612,Undecaprenyl phosphate transporter A,PANCAC_02597,contig_1,+,2835,2833,2834.71895424837,0.577341005127156,2835,2835,2835,0.693147180559945,0,0.00956904594662115,0.0674808096471309,0,0,0,12474,non-mge
4480,2595938,2596033,96,non-cds,non-cds,contig_1,.,2834,2583,2632.875,100.432564440026,2583,2583,2584,0.560776609878481,0,0.0125563217232322,0.0764890268990843,0,0,0,1331,non-mge
4481,2596034,2597197,1164,Major facilitator superfamily (MFS) profile domain-containing protein,PANCAC_02598,contig_1,-,2584,1308,1350.99914089347,202.776473895655,1316,1313,1321,0.693147180559945,0,0.00778437499534195,0.0580877968173279,0,0,0,5894,137
4482,2597190,2597654,465,HTH marR-type domain-containing protein,PANCAC_02599,contig_1,-,1322,1268,1304.2752688172,23.6587068243839,1321,1270,1321,0.692745027316601,0,0.00996353449578894,0.0738744715708388,0,0,0,4246,137
4483,2597655,2598081,427,non-cds,non-cds,contig_1,.,2828,1265,2361.76112412178,641.236477284061,2761,1357,2763,0.693147180559945,0,0.0143042134864178,0.0676794787686226,0,0,0,4865,137
4484,2598082,2598777,696,ABC transporter domain-containing protein,PANCAC_02600,contig_1,+,2835,2828,2834.45545977011,1.07329872263947,2835,2834,2835,0.688468882835905,0,0.0129408715663262,0.0779119771371515,0,0,0,11065,non-mge
4485,2598778,2598778,1,non-cds,non-cds,contig_1,.,2834,2834,2834,NA,2834,2834,2834,0,0,0,NA,0,0,0,0,non-mge
4486,2598779,2599549,771,Membrane spanning protein%2C putative,PANCAC_02601,contig_1,+,2835,2822,2832.97276264591,3.12975415315233,2834,2833,2835,0.692962842504613,0,0.00667802586677736,0.0517626072617316,0,0,0,6988,non-mge
4487,2599550,2599921,372,non-cds,non-cds,contig_1,.,2836,2170,2556.61827956989,326.483633267644,2832,2172,2835,0.660454109076701,0,0.00841212300459632,0.0647266832620054,0,0,0,3294,non-mge
4488,2599922,2601886,1965,Fructose-1%2C6-bisphosphatase class 3,PANCAC_02602,contig_1,+,2836,2834,2835.75623409669,0.453677063516616,2836,2836,2836,0.616006488981402,0,0.00680351756088401,0.0517006357233524,0,0,0,13140,non-mge
4489,2601887,2602033,147,non-cds,non-cds,contig_1,.,2836,2827,2831.65986394558,3.85614009337298,2829,2828,2836,0.592790931031728,0,0.0111876272628401,0.0656715795810715,0,0,0,1645,non-mge
4490,2602034,2602111,78,Secreted protein,PANCAC_02604,contig_1,+,2836,2827,2833.10256410256,3.90667009895528,2835,2827,2836,0.282455971039928,0,0.00610599501388518,0.0344346023786956,0,0,0,334,non-mge
4491,2602112,2602229,118,non-cds,non-cds,contig_1,.,2836,2834,2835.31355932203,0.930941555744238,2836,2834,2836,0.45559336509588,0,0.00481019011332978,0.0429050532351997,0,0,0,544,non-mge
4492,2602230,2603309,1080,Branched-chain amino acid transport system carrier protein,PANCAC_02605,contig_1,+,2836,2833,2835.75833333333,0.680677986167205,2836,2836,2836,0.693147180559945,0,0.0122675822166594,0.0791228000158606,0,0,0,18800,non-mge
4493,2603310,2603413,104,non-cds,non-cds,contig_1,.,2836,2835,2835.74038461538,0.44054671038706,2836,2835,2836,0.66404527389839,0,0.021366692031369,0.0900301809805645,0,0,0,2348,non-mge
4494,2603414,2604007,594,methylhydroquinone degradation carboxylesterase MhqD,PANCAC_02606,contig_1,-,2836,2836,2836,0,2836,2836,2836,0.689816862789871,0,0.0146202960892465,0.0817038413093467,0,0,0,10231,non-mge
4495,2604008,2604028,21,non-cds,non-cds,contig_1,.,2836,2836,2836,0,2836,2836,2836,0,0,0,0,0,0,0,0,non-mge
4496,2604029,2604997,969,Dioxygenase,PANCAC_02607,contig_1,-,2836,2834,2835.89886480908,0.321554770359419,2836,2836,2836,0.685731021845731,0,0.0126658621676494,0.0725803223214741,0,0,0,16488,non-mge
4497,2604998,2605074,77,non-cds,non-cds,contig_1,.,2836,2836,2836,0,2836,2836,2836,0.617580143335632,0,0.0150069482336316,0.0839952495258479,0,0,0,1340,non-mge
4498,2605075,2605509,435,HTH marR-type domain-containing protein,PANCAC_02608,contig_1,-,2836,2835,2835.83448275862,0.37207463766343,2836,2836,2836,0.614272963316296,0,0.0084672522093641,0.0532901548118809,0,0,0,3217,non-mge
4499,2605510,2605735,226,non-cds,non-cds,contig_1,.,2836,2834,2835.50442477876,0.654881075620228,2836,2835,2836,0.530667280718606,0,0.00985380346149188,0.0583538050082364,0,0,0,2049,non-mge
4500,2605736,2606020,285,Acetyltransferase,PANCAC_02609,contig_1,+,2836,2835,2835.96842105263,0.175183902100696,2836,2836,2836,0.693147180559945,0,0.0113880956723618,0.0810957366130984,0,0,0,6874,non-mge
4501,2606021,2606190,170,non-cds,non-cds,contig_1,.,2836,2799,2832.10588235294,11.3534120507087,2836,2836,2836,0.690974360042884,0,0.00833163821742495,0.0567430793533302,0,0,0,1941,non-mge
4502,2606191,2606997,807,Glyoxalase,PANCAC_02610,contig_1,+,2836,2835,2835.91201982652,0.283441732084947,2836,2836,2836,0.679763583960748,0,0.0103255539417018,0.0654100117622967,0,0,0,11462,non-mge
4503,2606998,2607116,119,non-cds,non-cds,contig_1,.,2836,2831,2834.51260504202,1.98667402074928,2835,2834,2836,0.66162925360266,0,0.0100987145183196,0.072581412242097,0,0,0,1561,non-mge
4504,2607117,2607788,672,Putative NAD(P)H nitroreductase SAB2397c,PANCAC_02611,contig_1,-,2836,2835,2835.97916666667,0.142932525707471,2836,2836,2836,0.787675846359757,0,0.00887389974391287,0.064940982279351,0,0,0,10874,non-mge
4505,2607789,2608057,269,non-cds,non-cds,contig_1,.,2836,2836,2836,0,2836,2836,2836,0.765515446067993,0,0.013313041198924,0.0855412951997446,0,0,0,5747,non-mge
4506,2608058,2609050,993,D-lactate dehydrogenase,PANCAC_02612,contig_1,+,2836,2833,2835.82578046324,0.490699817226372,2836,2836,2836,0.673837301584948,0,0.00878363007072815,0.0595768831643121,0,0,0,11022,non-mge
4507,2609051,2609298,248,non-cds,non-cds,contig_1,.,2836,2494,2788.71774193548,117.712513342081,2836,2835,2836,0.597744094861061,0,0.00884379454859732,0.0513775109419275,0,0,0,1927,non-mge
4508,2609299,2610099,801,HAD family hydrolase,PANCAC_02613,contig_1,-,2836,2835,2835.88888888889,0.31446603773522,2836,2836,2836,0.682379828465571,0,0.0141105461545196,0.0796447693330945,0,0,0,14606,non-mge
4509,2610100,2610419,320,non-cds,non-cds,contig_1,.,2836,1952,2339.775,438.075542790536,1955,1954,2836,0.697035434026642,0,0.0133240428733547,0.0686098648951085,0,0,0,3243,138
4510,2610420,2611055,636,ABC transporter domain-containing protein,PANCAC_02614,contig_1,+,1963,1955,1959.34433962264,2.01239842904697,1959,1958,1961,0.438376540438275,0,0.00415699062043359,0.0341815201368247,0,0,0,1489,138
4511,2611056,2611069,14,non-cds,non-cds,contig_1,.,1963,1963,1963,0,1963,1963,1963,0.0615046835531522,0,0.00439319168236802,0.0164378181098461,0,0,0,22,138
4512,2611070,2611792,723,Peptide ABC transporter permease,PANCAC_02615,contig_1,+,1963,1951,1957.63623789765,3.29469702495732,1957,1955,1960,0.660497216258247,0,0.00991614643329219,0.0615894600855667,0,0,0,5941,138
4513,2611793,2611951,159,non-cds,non-cds,contig_1,.,2836,1957,2384.64150943396,439.098851115409,1958,1958,2836,0.529342022418137,0,0.00853846923597681,0.0574198167526954,0,0,0,1220,138
4514,2611952,2612572,621,class A sortase SrtA,PANCAC_02616,contig_1,-,2836,2835,2835.94685990338,0.224493612279245,2836,2836,2836,0.688785599300162,0,0.00954953856454977,0.0653341086634196,0,0,0,6967,non-mge
4515,2612573,2612765,193,non-cds,non-cds,contig_1,.,2835,2817,2821.92227979275,4.79139538918204,2821,2818,2824,0.526509313694904,0,0.00780064821130664,0.0585497067612457,0,0,0,3165,non-mge
4516,2612766,2613257,492,N-acetyltransferase domain-containing protein,PANCAC_02617,contig_1,+,2819,2817,2817.51829268293,0.764320666453778,2817,2817,2818,0.680129491594548,0,0.00842094007386148,0.0602414883040772,0,0,0,6355,non-mge
4517,2613258,2613694,437,non-cds,non-cds,contig_1,.,2834,1497,2521.28375286041,461.499532374859,2670,2638,2817,0.57043695067448,0,0.00726415394819957,0.0566462015983477,0,0,0,2954,non-mge
4518,2613695,2613865,171,Mobilization protein,PANCAC_02618,contig_1,-,2834,2832,2833.70175438596,0.530202368047891,2834,2833,2834,0.532895210749836,0,0.00703009896012031,0.057517814434148,0,0,0,1323,non-mge
4519,2613866,2614043,178,non-cds,non-cds,contig_1,.,2835,2834,2834.88764044944,0.31669915672247,2835,2835,2835,0.675924214208324,0,0.0125196761257549,0.0736142840876532,0,0,0,3098,non-mge
4520,2614044,2614943,900,L-serine ammonia-lyase%2C iron-sulfur-dependent%2C subunit alpha,PANCAC_02619,contig_1,-,2835,2834,2834.99888888889,0.0333333333333333,2835,2835,2835,0.690530734448026,0,0.00922673638478368,0.065702415837801,0,0,0,13737,non-mge
4521,2614944,2614956,13,non-cds,non-cds,contig_1,.,2835,2835,2835,0,2835,2835,2835,0,0,0,0,0,0,0,0,non-mge
4522,2614957,2615637,681,L-serine ammonia-lyase%2C iron-sulfur-dependent subunit beta,PANCAC_02620,contig_1,-,2835,2835,2835,0,2835,2835,2835,0.679458020064077,0,0.00723080760972173,0.0568150933694026,0,0,0,9167,non-mge
4523,2615638,2615639,2,non-cds,non-cds,contig_1,.,2835,2835,2835,0,2835,2835,2835,0,0,0,0,0,0,0,0,non-mge
4524,2615640,2616683,1044,Phosphotransferase system EIIC domain-containing protein,PANCAC_02621,contig_1,-,2836,2833,2835.47222222222,0.691126086849371,2836,2835,2836,0.689844560321456,0,0.00570624376142404,0.0530898336112122,0,0,0,7865,non-mge
4525,2616684,2617233,550,non-cds,non-cds,contig_1,.,2836,2824,2832.96545454545,3.19617930960839,2834,2831,2836,0.688376900446961,0,0.00945779341840127,0.0592277202517863,0,0,0,5652,non-mge
4526,2617234,2617437,204,hypothetical protein,PANCAC_02622,contig_1,+,2836,2834,2835.4362745098,0.72319613752923,2836,2835,2836,0.530765563814524,0,0.00629767840984977,0.0486639777137261,0,0,0,1237,non-mge
4527,2617438,2617592,155,non-cds,non-cds,contig_1,.,2836,2836,2836,0,2836,2836,2836,0.598392273569859,0,0.0136841071382485,0.0764357672545502,0,0,0,2263,non-mge
4528,2617593,2618555,963,EamA domain-containing protein,PANCAC_02623,contig_1,+,2836,2829,2835.42471443406,1.55136979124196,2836,2836,2836,0.688785599300162,0,0.00914499814842214,0.0607118486326588,0,0,0,13025,non-mge
4529,2618556,2618636,81,non-cds,non-cds,contig_1,.,2836,2836,2836,0,2836,2836,2836,0,0,0,0,0,0,0,0,non-mge
4530,2618637,2619605,969,Alpha/beta hydrolase,PANCAC_02624,contig_1,-,2836,2833,2835.85448916409,0.626945708676859,2836,2836,2836,0.691356571659194,0,0.00982436975698662,0.0677112840380922,0,0,0,14430,non-mge
4531,2619606,2619737,132,non-cds,non-cds,contig_1,.,2836,2833,2834.46212121212,1.15517622349703,2835,2833,2835,0.655365915219896,0,0.0129243193957514,0.0785555458237209,0,0,0,2813,non-mge
4532,2619738,2620082,345,Thioredoxin domain-containing protein,PANCAC_02625,contig_1,-,2836,2833,2835.91594202899,0.412600653120149,2836,2836,2836,0.682754301369367,0,0.011393896145733,0.0756105419145667,0,0,0,5323,non-mge
4533,2620083,2620123,41,non-cds,non-cds,contig_1,.,2836,2836,2836,0,2836,2836,2836,0.00315683274376661,0,7.69959205796735e-05,0.000493014445247162,0,0,0,1,non-mge
4534,2620124,2620534,411,Acyl-CoA thioesterase,PANCAC_02626,contig_1,-,2836,2836,2836,0,2836,2836,2836,0.636920999335153,0,0.00957269674448216,0.0633878418565104,0,0,0,4161,non-mge
4535,2620535,2620913,379,non-cds,non-cds,contig_1,.,2836,2783,2831.5672823219,13.4953484344486,2836,2833,2836,0.530667280718606,0,0.00771272944335709,0.0498627313517302,0,0,0,2574,non-mge
4536,2620914,2623013,2100,PTS system glucoside-specific EIICBA component,PANCAC_02627,contig_1,-,2836,2834,2835.92142857143,0.33248434272041,2836,2836,2836,0.688365607845477,0,0.00719270765515574,0.0581504157868711,0,0,0,21755,non-mge
4537,2623014,2623280,267,non-cds,non-cds,contig_1,.,2836,2832,2835.265917603,1.47933109526766,2836,2836,2836,0.693147180559945,0,0.0107961147813487,0.0835985367202551,0,0,0,5990,non-mge
4538,2623281,2625020,1740,pyruvate oxidase,PANCAC_02628,contig_1,-,2836,2833,2835.85632183908,0.509868376936588,2836,2836,2836,0.692077682585844,0,0.00753873561671928,0.0608852597512226,0,0,0,16792,non-mge
4539,2625021,2625066,46,non-cds,non-cds,contig_1,.,2834,2832,2832.19565217391,0.453115889880101,2832,2832,2832,0,0,0,0,0,0,0,0,non-mge
4540,2625067,2625756,690,Holin-like protein CidB,PANCAC_02629,contig_1,-,2836,2834,2835.91449275362,0.336366378069724,2836,2836,2836,0.662102353791173,0,0.00851696419973631,0.0654144841942048,0,0,0,8998,non-mge
4541,2625749,2626144,396,holin-like murein hydrolase modulator CidA,PANCAC_02630,contig_1,-,2836,2835,2835.78282828283,0.412842055565595,2836,2836,2836,0.538153817848866,0,0.00560409049818253,0.0397848739945452,0,0,0,1845,non-mge
4542,2626145,2626356,212,non-cds,non-cds,contig_1,.,2836,2834,2835.10849056604,0.561416273488814,2835,2835,2835,0.528997128719454,0,0.0137578139831408,0.0717677914964272,0,0,0,2812,non-mge
4543,2626357,2627220,864,cidABC operon transcriptional activator CidR,PANCAC_02631,contig_1,-,2836,2834,2835.81134259259,0.464559551171533,2836,2836,2836,0.672806251659801,0,0.00628331270088504,0.0539671289556009,0,0,0,7734,non-mge
4544,2627221,2627401,181,non-cds,non-cds,contig_1,.,2836,2833,2835.61878453039,0.747945826160206,2836,2835,2836,0.37311201923154,0,0.00347823630786487,0.0308082732089133,0,0,0,498,non-mge
4545,2627402,2627620,219,YozE SAM-like domain-containing protein,PANCAC_02632,contig_1,+,2836,2836,2836,0,2836,2836,2836,0.264953559802389,0,0.00143924901381622,0.0179259525651233,0,0,0,228,non-mge
4546,2627621,2628009,389,non-cds,non-cds,contig_1,.,2836,2829,2833.8766066838,1.91311070757543,2834,2832,2836,0.603359260598318,0,0.00637871633886414,0.0504085066146425,0,0,0,2538,non-mge
4547,2628010,2628441,432,LysM domain protein,PANCAC_02634,contig_1,+,2836,2826,2835.41203703704,1.13850291185206,2836,2835,2836,0.619002507703617,0,0.00624937589662828,0.0504986021531847,0,0,0,2798,non-mge
4548,2628442,2629200,759,non-cds,non-cds,contig_1,.,2832,441,651.009222661397,656.390699640436,455,454,455,0.122365139685111,0,0.000380949147567349,0.00549936544297402,0,0,0,88,139
4549,2629201,2629458,258,hypothetical protein,PANCAC_02635,contig_1,-,455,433,452.403100775194,5.89996950443212,455,455,455,0.0703072333443829,0,0.00103294384173223,0.00798635118316612,0,0,0,22,139
4550,2629459,2630036,578,non-cds,non-cds,contig_1,.,2834,438,1042.06747404844,1019.92803325187,454,446,2751,0.624465897025453,0,0.00343582917337302,0.034714167872553,0,0,0,1141,139
4551,2630037,2631314,1278,hydroxymethylglutaryl-CoA reductase%2C degradative,PANCAC_02636,contig_1,-,2836,2834,2835.61345852895,0.608635657506298,2836,2835,2836,0.686834521420553,0,0.00670081704771901,0.0526329038209456,0,0,0,11083,non-mge
4552,2631315,2631567,253,non-cds,non-cds,contig_1,.,2836,2836,2836,0,2836,2836,2836,0.693147180559945,0,0.00398918240422395,0.0472743673775419,0,0,0,1696,non-mge
4553,2631568,2632734,1167,hydroxymethylglutaryl-CoA synthase,PANCAC_02637,contig_1,+,2836,2835,2835.92887746358,0.257139611879768,2836,2836,2836,0.69166425432045,0,0.00827209646010738,0.0639368613803154,0,0,0,17015,non-mge
4554,2632735,2632903,169,non-cds,non-cds,contig_1,.,2836,2653,2823.7100591716,45.1793247659369,2836,2835,2836,0.381322068544778,0,0.00315994210114035,0.030242516788331,0,0,0,440,non-mge
4555,2632904,2633425,522,Methylated-DNA--protein-cysteine methyltransferase,PANCAC_02638,contig_1,-,2836,2835,2835.95785440613,0.20111396552766,2836,2836,2836,0.688853833691408,0,0.01213960217537,0.0768772487488318,0,0,0,10372,non-mge
4556,2633426,2633833,408,non-cds,non-cds,contig_1,.,2836,2160,2346.08088235294,282.311172050586,2172,2169,2438,0.956738123926631,0,0.0163932636750855,0.0989814957657928,0,0,0,7911,non-mge
4557,2633834,2635939,2106,ATP-dependent Clp protease ATP-binding subunit ClpL,PANCAC_02639,contig_1,+,2836,2835,2835.83855650522,0.36802690943639,2836,2836,2836,0.702898997727013,0,0.00717039032490828,0.0588291002436527,0,0,0,20832,non-mge
4558,2635940,2636007,68,non-cds,non-cds,contig_1,.,2836,2836,2836,0,2836,2836,2836,0.00830757571750994,0,0.000168594242077596,0.00107237060604052,0,0,0,4,non-mge
4559,2636008,2636178,171,FeoB-associated Cys-rich membrane protein,PANCAC_02640,contig_1,-,2836,2834,2835.23976608187,0.917700420947653,2836,2834,2836,0.685731021845731,0,0.0140488471947252,0.0829742745945964,0,0,0,3215,non-mge
4560,2636179,2636190,12,non-cds,non-cds,contig_1,.,2835,2835,2835,0,2835,2835,2835,0.0031578221490543,0,0.000526303691509051,0.00122918060444432,0,0,0,2,non-mge
4561,2636191,2638185,1995,ferrous iron transport protein B,PANCAC_02641,contig_1,-,2836,2829,2835.59348370927,1.12715085559302,2836,2836,2836,0.72184438663058,0,0.0101432471716064,0.0691099354932847,0,0,0,30138,non-mge
4562,2638186,2638196,11,non-cds,non-cds,contig_1,.,2836,2836,2836,0,2836,2836,2836,0.0785833664171198,0,0.00743092719644422,0.0236175900579039,0,0,0,44,non-mge
4563,2638197,2638424,228,Ferrous iron transporter FeoA-like domain-containing protein,PANCAC_02642,contig_1,-,2836,2834,2835.53070175439,0.753216561282837,2836,2835,2836,0.446898151545362,0,0.00307824945955892,0.0302163983951619,0,0,0,579,non-mge
4564,2638425,2638639,215,non-cds,non-cds,contig_1,.,2836,2826,2832.72558139535,3.36474944028733,2834,2829.5,2835,0.538895208281382,0,0.0129085241913369,0.0652166197876899,0,0,0,2491,non-mge
4565,2638640,2641129,2490,fatty acid efflux MMPL transporter FarE,PANCAC_02643,contig_1,-,2836,2834,2835.43614457831,0.727231603219702,2836,2835,2836,0.879666658686791,0,0.00890633916197064,0.0653950036609527,0,0,0,28702,non-mge
4566,2641130,2641273,144,non-cds,non-cds,contig_1,.,2835,2834,2834.65972222222,0.475456268818346,2835,2834,2835,0.756576824236188,0,0.0111954022054048,0.084222995991363,0,0,0,2223,non-mge
4567,2641274,2641822,549,fatty acid efflux pump transcriptional regulator FarR,PANCAC_02644,contig_1,+,2836,2835,2835.8087431694,0.393649480940444,2836,2836,2836,0.693147180559945,0,0.00635166542014221,0.0590453593533508,0,0,0,4837,non-mge
4568,2641823,2642177,355,non-cds,non-cds,contig_1,.,2836,2832,2835.49577464789,1.15805172202319,2836,2836,2836,0.684636537014533,0,0.010690973645514,0.0660059053486075,0,0,0,4547,non-mge
4569,2642178,2643722,1545,L-glutamate gamma-semialdehyde dehydrogenase,PANCAC_02645,contig_1,-,2836,2835,2835.95987055016,0.196326321930258,2836,2836,2836,0.69820068492721,0,0.00801132682407964,0.0631788488545436,0,0,0,17780,non-mge
4570,2643723,2643911,189,non-cds,non-cds,contig_1,.,2836,2836,2836,0,2836,2836,2836,0.531986077449738,0,0.0132040120559546,0.0726165991866262,0,0,0,2510,non-mge
4571,2643912,2644511,600,Putative acetyltransferase SAS2441,PANCAC_02646,contig_1,-,2836,2836,2836,0,2836,2836,2836,0.691447035646121,0,0.00925315282103726,0.0692583433415658,0,0,0,8891,non-mge
4572,2644512,2644749,238,non-cds,non-cds,contig_1,.,2836,2832,2834.22268907563,1.20686761793576,2834,2833,2835,0.693130736693395,0,0.00928203742387215,0.0649238526739295,0,0,0,2849,non-mge
4573,2644750,2644941,192,cell wall inhibition responsive protein CwrA,PANCAC_02647,contig_1,+,2835,2835,2835,0,2835,2835,2835,0.62354295330139,0,0.0144462314671497,0.0863595671011554,0,0,0,3463,non-mge
4574,2644942,2645180,239,non-cds,non-cds,contig_1,.,2836,2834,2835.35983263598,0.604793156200994,2835,2835,2836,0.559847937582383,0,0.0100793461225242,0.0624206409976062,0,0,0,3814,non-mge
4575,2645181,2647589,2409,copper chaperone CopZ,PANCAC_02648,contig_1,+,2836,2832,2835.78538812785,0.679568232482844,2836,2836,2836,0.685078135787399,0,0.0105960230768106,0.0671399511460917,0,0,0,30898,non-mge
4576,2647590,2647868,279,non-cds,non-cds,contig_1,.,2836,1615,2438.15053763441,402.492851169453,2540,2128,2835,0.665106156589398,0,0.0106264255969269,0.0620488756497879,0,0,0,2420,non-mge
4577,2647869,2648075,207,copper chaperone CopZ,PANCAC_02649,contig_1,+,2836,2836,2836,0,2836,2836,2836,0.686079657738187,0,0.0050919771067373,0.0494644837519537,0,0,0,1451,non-mge
4578,2648076,2648164,89,non-cds,non-cds,contig_1,.,2836,2836,2836,0,2836,2836,2836,0.0204479339578324,0,0.000424010022426317,0.00241920339952873,0,0,0,14,non-mge
4579,2648165,2649163,999,D-lactate dehydrogenase,PANCAC_02650,contig_1,-,2836,2835,2835.81781781782,0.386187940118576,2836,2836,2836,0.690081366853455,0,0.00713491534244739,0.0513537323304497,0,0,0,9329,non-mge
4580,2649164,2649185,22,non-cds,non-cds,contig_1,.,2836,2836,2836,0,2836,2836,2836,0.00315683274376661,0,0.000143492397443937,0.000673039002385889,0,0,0,1,non-mge
4581,2649186,2650340,1155,Aminotransferase,PANCAC_02651,contig_1,-,2836,2834,2835.77835497835,0.53415320702761,2836,2836,2836,0.690822656075486,0,0.0119589028664968,0.073762615251317,0,0,0,17604,non-mge
4582,2650341,2650766,426,non-cds,non-cds,contig_1,.,2836,2831,2835.279342723,1.54900971474753,2836,2836,2836,0.604885435954445,0,0.00895825622413159,0.0543460724801411,0,0,0,3486,non-mge
4583,2650767,2652275,1509,4%2C4'-diapophytoene desaturase (4%2C4'-diaponeurosporene-forming),PANCAC_02652,contig_1,-,2836,2827,2830.44731610338,3.00387257018618,2829,2829,2829,0.907644022185252,0,0.00859866354447769,0.0612093734711069,0,0,0,14668,non-mge
4584,2652276,2652286,11,non-cds,non-cds,contig_1,.,2829,2829,2829,0,2829,2829,2829,0.00832551510149242,0,0.000756865009226584,0.00251023725255346,0,0,0,3,non-mge
4585,2652287,2653150,864,4%2C4'-diapophytoene synthase,PANCAC_02653,contig_1,-,2829,2826,2828.54976851852,0.661698325559559,2829,2828,2829,0.690961108967867,0,0.0101991420709518,0.0705849083125031,0,0,0,11044,non-mge
4586,2653151,2653186,36,non-cds,non-cds,contig_1,.,2829,2829,2829,0,2829,2829,2829,0.00583721780115745,0,0.00016214493892104,0.000972869633526241,0,0,0,2,non-mge
4587,2653187,2654314,1128,4%2C4'-diaponeurosporenoate glycosyltransferase,PANCAC_02654,contig_1,-,2829,2828,2828.94680851064,0.224514680450121,2829,2829,2829,0.69083603957561,0,0.00940096258311274,0.0625930242424472,0,0,0,12526,non-mge
4588,2654315,2654319,5,non-cds,non-cds,contig_1,.,2829,2829,2829,0,2829,2829,2829,0,0,0,0,0,0,0,0,non-mge
4589,2654320,2655813,1494,4%2C4'-diaponeurosporene oxygenase,PANCAC_02655,contig_1,-,2829,2818,2828.15528781794,1.85184204852847,2829,2828,2829,0.691134845134193,0,0.0106575257359718,0.0662399950872893,0,0,0,18890,non-mge
4590,2655806,2656303,498,glycosyl-4%2C4'-diaponeurosporenoate acyltransferase,PANCAC_02656,contig_1,-,2829,2826,2828.46385542169,0.831775146627988,2829,2828,2829,0.626228106278357,0,0.00988445371396226,0.0625783637893937,0,0,0,4989,non-mge
4591,2656304,2656468,165,non-cds,non-cds,contig_1,.,2836,2828,2831.10303030303,3.37064849088067,2829,2828,2835,0.615022350890924,0,0.00948896298850314,0.0635190668281233,0,0,0,1678,non-mge
4592,2656469,2657236,768,Staphylococcal secretory antigen SsaA,PANCAC_02657,contig_1,-,2836,2753,2828.82942708333,16.8636163959676,2835,2831,2836,0.678360289859922,0,0.00714911923833473,0.0607781883289996,0,0,0,7749,non-mge
4593,2657237,2657596,360,non-cds,non-cds,contig_1,.,2836,2826,2834.43333333333,2.91112552298676,2836,2835,2836,0.672721776717071,0,0.00810360535047349,0.0629628664699334,0,0,0,4376,non-mge
4594,2657597,2659408,1812,O-acetyltransferase OatA,PANCAC_02658,contig_1,-,2836,2825,2835.3206401766,1.86790558194369,2836,2836,2836,0.814601743986578,0,0.00729944750188958,0.05669071838636,0,0,0,16462,non-mge
4595,2659409,2659919,511,non-cds,non-cds,contig_1,.,2836,1848,2526.0313111546,440.947592588786,2826,1855,2833,0.522077940215509,0,0.00417489293898501,0.0330431119556387,0,0,0,6065,140
4596,2659920,2660408,489,N-acetyltransferase domain-containing protein,PANCAC_02659,contig_1,-,1856,1848,1851.37218813906,2.35752273370608,1850,1850,1853,0.556914610909282,0,0.00452869423131266,0.0441959452350789,0,0,0,2943,140
4597,2660409,2660683,275,non-cds,non-cds,contig_1,.,2836,1628,2115.92727272727,474.548354413796,1850,1849,2834,0.681128386537344,0,0.00927419749079822,0.061521733893461,0,0,0,2062,140
4598,2660684,2661385,702,lytic transglycosylase IsaA,PANCAC_02660,contig_1,-,2836,2836,2836,0,2836,2836,2836,0.693147180559945,0,0.00604453187911836,0.0486992655834642,0,0,0,4714,non-mge
4599,2661386,2661992,607,non-cds,non-cds,contig_1,.,2836,2648,2796.23723228995,72.8244400837745,2834,2827,2836,0.621649757312545,0,0.00802287230621982,0.0528575826247706,0,0,0,4452,non-mge
4600,2661993,2663048,1056,Phosphotransferase system EIIC domain-containing protein,PANCAC_02661,contig_1,-,2836,2821,2833.72632575758,4.24642678269573,2835,2835,2835,0.649592301024014,0,0.00911610264207653,0.0599667557683249,0,0,0,11209,non-mge
4601,2663049,2663439,391,non-cds,non-cds,contig_1,.,2836,2828,2833.6189258312,2.3327215034019,2835,2833,2835,0.683005368311243,0,0.010606504749825,0.0651458883976715,0,0,0,6287,non-mge
4602,2663440,2664027,588,HTH tetR-type domain-containing protein,PANCAC_02662,contig_1,+,2836,2835,2835.9268707483,0.260570211371704,2836,2836,2836,1.08313666322512,0,0.0132506219166859,0.081430458477354,0,0,0,12975,non-mge
4603,2664028,2664404,377,non-cds,non-cds,contig_1,.,2836,2829,2834.62599469496,2.09879984194957,2836,2834,2836,0.529342022418137,0,0.00922907656925282,0.0510257366107284,0,0,0,2700,non-mge
4604,2664405,2664725,321,hypothetical protein,PANCAC_02663,contig_1,+,2836,2834,2835.02180685358,0.888902680318763,2835,2834,2836,0.659536726490226,0,0.00778295453757486,0.0545865540479498,0,0,0,2589,non-mge
4605,2664726,2664944,219,non-cds,non-cds,contig_1,.,2836,2836,2836,0,2836,2836,2836,0.693087274231022,0,0.0103939396010374,0.070507978540315,0,0,0,3092,non-mge
4606,2664945,2665175,231,UPF0291 protein SAR2654,PANCAC_02664,contig_1,+,2836,2836,2836,0,2836,2836,2836,0.620410329880405,0,0.0112945921562392,0.0668751706555634,0,0,0,2655,non-mge
4607,2665176,2665324,149,non-cds,non-cds,contig_1,.,2836,1584,2746.14765100671,317.620446952251,2836,2836,2836,0.598392273569859,0,0.00527601583466842,0.0500626577887815,0,0,0,914,non-mge
4608,2665325,2665702,378,VOC domain-containing protein,PANCAC_02665,contig_1,-,2836,2836,2836,0,2836,2836,2836,0.71518872586842,0,0.0139844275684551,0.088406388781965,0,0,0,8248,non-mge
4609,2665703,2665718,16,non-cds,non-cds,contig_1,.,2836,2836,2836,0,2836,2836,2836,0.0785833664171198,0,0.00491146040106999,0.0196458416042799,0,0,0,43,non-mge
4610,2665719,2666540,822,NAD dependent epimerase/dehydratase family protein,PANCAC_02666,contig_1,-,2836,2835,2835.96472019465,0.184598473451026,2836,2836,2836,0.873604152661688,0,0.00869939035619876,0.0641820882572245,0,0,0,8509,non-mge
4611,2666541,2666559,19,non-cds,non-cds,contig_1,.,2836,2836,2836,0,2836,2836,2836,0.0273557089127335,0,0.00160592324507895,0.00627738269582736,0,0,0,13,non-mge
4612,2666560,2666859,300,DUF2316 domain-containing protein,PANCAC_02667,contig_1,-,2836,2835,2835.86,0.347566792984146,2836,2836,2836,0.545806301815974,0,0.00390679919280665,0.0439024503021365,0,0,0,1307,non-mge
4613,2666860,2666989,130,non-cds,non-cds,contig_1,.,2836,2836,2836,0,2836,2836,2836,0.359719775732406,0,0.0106350180139127,0.0481136012111743,0,0,0,1021,non-mge
4614,2666990,2667547,558,HTH-type transcriptional regulator SACOL2593,PANCAC_02668,contig_1,+,2836,2835,2835.78673835125,0.409978463767004,2836,2836,2836,0.662102353791173,0,0.0111865288503171,0.0695084255812086,0,0,0,8752,non-mge
4615,2667540,2668244,705,KR domain-containing protein,PANCAC_02669,contig_1,+,2836,2835,2835.87234042553,0.333947290806125,2836,2836,2836,0.689445261881517,0,0.00989872968686701,0.0674544965692143,0,0,0,8868,non-mge
4616,2668245,2668341,97,non-cds,non-cds,contig_1,.,2836,2836,2836,0,2836,2836,2836,0.327035833704509,0,0.0084437301865076,0.0489509456754699,0,0,0,677,non-mge
4617,2668342,2669352,1011,Amidohydrolase-related domain-containing protein,PANCAC_02670,contig_1,+,2836,2835,2835.95746785361,0.20189968518172,2836,2836,2836,0.703764955702719,0,0.0124374493043523,0.0693828813700118,0,0,0,14019,non-mge
4618,2669353,2669371,19,non-cds,non-cds,contig_1,.,2836,2836,2836,0,2836,2836,2836,0,0,0,0,0,0,0,0,non-mge
4619,2669372,2670202,831,Uncharacterized hydrolase SA2367,PANCAC_02671,contig_1,+,2836,2835,2835.95186522262,0.214179884155886,2836,2836,2836,0.692612267936502,0,0.0124843154918373,0.0762668903934638,0,0,0,12951,non-mge
4620,2670203,2670348,146,non-cds,non-cds,contig_1,.,2836,2786,2795.10273972603,19.176756567317,2786,2786,2786,0.693147180559945,0,0.00689861357762888,0.0605235112844172,0,0,0,1625,non-mge
4621,2670349,2671239,891,GTP-binding protein,PANCAC_02672,contig_1,-,2836,2833,2835.79461279461,0.679899316252494,2836,2836,2836,0.692060113841815,0,0.011994030744255,0.0750396832649992,0,0,0,13082,non-mge
4622,2671240,2671336,97,non-cds,non-cds,contig_1,.,2836,2832,2834.14432989691,1.34621143338173,2834,2833,2835,0.0172905196967579,0,0.000437094378112729,0.00228753516720404,0,0,0,16,non-mge
4623,2671337,2671855,519,Nucleoside transporter/FeoB GTPase Gate domain-containing protein,PANCAC_02673,contig_1,-,2836,2834,2835.60115606936,0.727877469585689,2836,2835,2836,0.691907975201116,0,0.00893221951598781,0.0614833008921774,0,0,0,5584,non-mge
4624,2671852,2672676,825,Nucleoside transporter/FeoB GTPase Gate domain-containing protein,PANCAC_02674,contig_1,-,2836,2833,2835.85333333333,0.506335268898725,2836,2836,2836,0.886671681992791,0,0.0116600724830305,0.0718334505384788,0,0,0,14637,non-mge
4625,2672670,2673776,1107,Putative flavoprotein monooxygenase,PANCAC_02675,contig_1,-,2836,2833,2835.79855465221,0.677778046908569,2836,2836,2836,0.689816862789871,0,0.00990942644753076,0.0643224220063111,0,0,0,14744,non-mge
4626,2673777,2674109,333,non-cds,non-cds,contig_1,.,2836,2834,2835.27627627628,0.480281614748691,2835,2835,2836,0.532522506434667,0,0.0135874098804246,0.0653735105217079,0,0,0,3989,non-mge
4627,2674110,2674406,297,DUF4176 domain-containing protein,PANCAC_02676,contig_1,-,2836,2834,2834.92255892256,0.431914559317218,2835,2835,2835,0.690022922514785,0,0.011159758953521,0.0702264428266833,0,0,0,5566,non-mge
4628,2674394,2674765,372,hypothetical protein,PANCAC_02677,contig_1,-,2836,2836,2836,0,2836,2836,2836,0.685192892204506,0,0.00987754977393001,0.070398657500683,0,0,0,4817,non-mge
4629,2674766,2674776,11,non-cds,non-cds,contig_1,.,2836,2836,2836,0,2836,2836,2836,0.365402200876132,0,0.0332183818978302,0.110172908897837,0,0,0,338,non-mge
4630,2674777,2675055,279,TIGR04197 family type VII secretion effector,PANCAC_02678,contig_1,-,2836,2833,2835.3835125448,0.82663432562125,2836,2835,2836,0.685323479392006,0,0.00833961052822767,0.060226636750026,0,0,0,2721,non-mge
4631,2675056,2675396,341,non-cds,non-cds,contig_1,.,2836,2707,2813.82991202346,38.252878972675,2832,2817,2835,0.661015555979983,0,0.00651589951884349,0.0546183278942872,0,0,0,3299,non-mge
4632,2675397,2676263,867,putative ketoamine kinase SAOUHSC_02908,PANCAC_02679,contig_1,-,2836,2835,2835.93886966551,0.239707511032717,2836,2836,2836,0.752384521965651,0,0.0129668937557472,0.0716023235260076,0,0,0,11581,non-mge
4633,2676264,2676480,217,non-cds,non-cds,contig_1,.,2836,2829,2833.04608294931,2.18532476028218,2834,2832,2835,0.618371300933692,0,0.0068119905882453,0.0583790882748571,0,0,0,2975,non-mge
4634,2676481,2677545,1065,quinone-dependent dihydroorotate dehydrogenase,PANCAC_02680,contig_1,+,2836,2835,2835.95117370892,0.215605967317039,2836,2836,2836,0.687548482476905,0,0.00731902021969509,0.0590342467969515,0,0,0,9363,non-mge
4635,2677546,2677699,154,non-cds,non-cds,contig_1,.,2836,2834,2835.30519480519,0.916999384023585,2836,2834,2836,0.528651554070081,0,0.0120626653833503,0.0668869343784001,0,0,0,1807,non-mge
4636,2677700,2677975,276,Transmembrane protein,PANCAC_02681,contig_1,+,2836,2836,2836,0,2836,2836,2836,0.671778911039821,0,0.0159445375992822,0.088618751499115,0,0,0,5348,non-mge
4637,2677976,2678160,185,non-cds,non-cds,contig_1,.,2836,2834,2835.46486486486,0.866093244872145,2836,2835,2836,0.700373405252785,0,0.0100083745959135,0.0751893101075656,0,0,0,2764,non-mge
4638,2678161,2678883,723,Epoxyqueuosine reductase QueH,PANCAC_02682,contig_1,-,2836,2832,2835.84370677732,0.45479724537423,2836,2836,2836,0.685101432461432,0,0.00688253498566648,0.0527325299441219,0,0,0,8167,non-mge
4639,2678884,2679236,353,non-cds,non-cds,contig_1,.,2836,2819,2832.57223796034,4.37854010410023,2835,2831,2835,0.683282525119769,0,0.0131154941534554,0.0702140307274276,0,0,0,5173,non-mge
4640,2679237,2679686,450,PhnB-like domain-containing protein,PANCAC_02683,contig_1,+,2836,2833,2835.63555555556,0.767129713946926,2836,2836,2836,0.676661994093133,0,0.0110192242154366,0.0684337908031665,0,0,0,6704,non-mge
4641,2679687,2679766,80,non-cds,non-cds,contig_1,.,2836,2835,2835.7,0.461148813126632,2836,2835,2836,0.300048252371622,0,0.0128154189480371,0.0523714418752104,0,0,0,761,non-mge
4642,2679767,2680354,588,HTH tetR-type domain-containing protein,PANCAC_02684,contig_1,-,2836,2692,2700.80442176871,31.1610234774554,2694,2693,2694,0.690288544521839,0,0.00997213552314241,0.0721852416820482,0,0,0,8818,non-mge
4643,2680355,2680486,132,non-cds,non-cds,contig_1,.,2693,2692,2692.50757575758,0.501847154755373,2693,2692,2693,0.594299017526787,0,0.00981551708878036,0.0594794698876185,0,0,0,1139,non-mge
4644,2680487,2682169,1683,Xaa-Pro dipeptidyl-peptidase C-terminal domain-containing protein,PANCAC_02685,contig_1,+,2836,2690,2781.63458110517,69.4592681579917,2836,2693,2836,0.706423600490807,0,0.00961205482025456,0.0672451700159002,0,0,0,22839,non-mge
4645,2682170,2682297,128,non-cds,non-cds,contig_1,.,2836,2830,2835.6171875,0.688729216071793,2836,2835,2836,0.635031421016393,0,0.0140076468360098,0.0778310775620168,0,0,0,1988,non-mge
4646,2682298,2682681,384,aspartate 1-decarboxylase,PANCAC_02686,contig_1,-,2836,2835,2835.61979166667,0.48607121971511,2836,2835,2836,0.642853248821317,0,0.0091129672373939,0.0605822032749137,0,0,0,5463,non-mge
4647,2682682,2682682,1,non-cds,non-cds,contig_1,.,2836,2836,2836,NA,2836,2836,2836,0,0,0,NA,0,0,0,0,non-mge
4648,2682683,2683534,852,pantoate--beta-alanine ligase,PANCAC_02687,contig_1,-,2836,2835,2835.94366197183,0.23070874972746,2836,2836,2836,0.693147180559945,0,0.00786012114784349,0.0628536732750156,0,0,0,12804,non-mge
4649,2683527,2684345,819,3-methyl-2-oxobutanoate hydroxymethyltransferase,PANCAC_02688,contig_1,-,2836,2835,2835.99145299145,0.0921103498678417,2836,2836,2836,0.685374292981219,0,0.00645748818719079,0.0540596020302747,0,0,0,6040,non-mge
4650,2684346,2684417,72,non-cds,non-cds,contig_1,.,2836,2834,2834.59722222222,0.798938066704044,2834,2834,2835,0.003158812208863,0,4.38723917897638e-05,0.00037226958889698,0,0,0,1,non-mge
4651,2684418,2685278,861,oxidoreductase,PANCAC_02689,contig_1,+,2836,2828,2835.55516840883,1.27891191969958,2836,2836,2836,0.687236213568435,0,0.0101941812181766,0.0632066257146476,0,0,0,13259,non-mge
4652,2685279,2685363,85,non-cds,non-cds,contig_1,.,2834,2829,2831.17647058824,1.55208362707496,2832,2830,2832,0.252770246646057,0,0.00984451820512354,0.04277438798474,0,0,0,586,non-mge
4653,2685364,2686068,705,acetolactate decarboxylase,PANCAC_02690,contig_1,-,2836,2834,2835.90638297872,0.384022661122126,2836,2836,2836,0.692793183269758,0,0.00899146950128567,0.0626583307171269,0,0,0,8690,non-mge
4654,2686069,2686345,277,non-cds,non-cds,contig_1,.,2836,2802,2835.59566787004,2.32715133555284,2836,2836,2836,0.693147180559945,0,0.00988175894262838,0.063253747755155,0,0,0,3222,non-mge
4655,2686346,2687305,960,L-lactate dehydrogenase,PANCAC_02691,contig_1,-,2836,2834,2835.67708333333,0.631049106901765,2836,2836,2836,0.678066197612063,0,0.00603287615517302,0.0519226361737125,0,0,0,8879,non-mge
4656,2687306,2687991,686,non-cds,non-cds,contig_1,.,2836,2828,2835.36880466472,1.98229109495707,2836,2836,2836,0.693098843914986,0,0.0100396320182032,0.0637639909665302,0,0,0,7600,non-mge
4657,2687992,2689440,1449,Amino acid permease,PANCAC_02692,contig_1,+,2836,2834,2835.77777777778,0.474810549922794,2836,2836,2836,0.759964321843156,0,0.00872686988678459,0.0633247475988963,0,0,0,21516,non-mge
4658,2689441,2689520,80,non-cds,non-cds,contig_1,.,2836,2835,2835.9375,0.243588675923112,2836,2836,2836,0.366107141315461,0,0.00875405625597734,0.0492066142255018,0,0,0,571,non-mge
4659,2689521,2690858,1338,aspartate aminotransferase family protein,PANCAC_02693,contig_1,-,2836,2830,2835.30642750374,1.42379729809031,2836,2835,2836,0.687811206062644,0,0.0111826969409236,0.0658974175811825,0,0,0,17772,non-mge
4660,2690859,2691115,257,non-cds,non-cds,contig_1,.,2836,2835,2835.20233463035,0.402524257915118,2835,2835,2835,0.620410329880405,0,0.00937081500578328,0.0522506050216817,0,0,0,2097,non-mge
4661,2691116,2691532,417,hypothetical protein,PANCAC_02694,contig_1,+,2836,2830,2834.02398081535,1.79593571058491,2834,2833,2836,0.685430800800196,0,0.0112195378635368,0.0706811543229215,0,0,0,5467,non-mge
4662,2691533,2691654,122,non-cds,non-cds,contig_1,.,2836,2836,2836,0,2836,2836,2836,0.0129444149479594,0,0.000387029987928921,0.00180902999408082,0,0,0,17,non-mge
4663,2691655,2692545,891,fructose bisphosphate aldolase,PANCAC_02695,contig_1,+,2836,2835,2835.96408529742,0.186182010491836,2836,2836,2836,0.682334672440722,0,0.0076221676851903,0.0592854323427252,0,0,0,9414,non-mge
4664,2692546,2692737,192,non-cds,non-cds,contig_1,.,2836,2821,2829.76041666667,6.07327816577531,2832,2822,2835,1.04821253439381,0,0.0130716596936008,0.0940852347484656,0,0,0,3028,non-mge
4665,2692738,2694234,1497,L-lactate dehydrogenase (quinone),PANCAC_02696,contig_1,-,2836,2835,2835.90915163661,0.287489388990991,2836,2836,2836,0.693147180559945,0,0.00469263765872066,0.0449099918959146,0,0,0,10913,non-mge
4666,2694235,2694918,684,non-cds,non-cds,contig_1,.,2836,2826,2834.30555555556,2.38809237594164,2835,2833,2836,0.864135701256386,0,0.00787417284299578,0.0588235085779641,0,0,0,6836,non-mge
4667,2694919,2696538,1620,acyl-CoA synthetase MbcS,PANCAC_02697,contig_1,-,2836,2835,2835.98641975309,0.115776068087833,2836,2836,2836,0.69252619379326,0,0.00704243120698651,0.0528023292937405,0,0,0,12221,non-mge
4668,2696539,2696710,172,non-cds,non-cds,contig_1,.,2836,2834,2835.53488372093,0.566050736853603,2836,2835,2836,0.487677173922663,0,0.0099347654614416,0.0533283051083484,0,0,0,3177,non-mge
4669,2696711,2697154,444,Signal transduction protein TRAP,PANCAC_02698,contig_1,-,2836,2777,2832.68468468468,9.67669885876823,2836,2834,2836,0.861749193168406,0,0.0147666066618756,0.0858097589524876,0,0,0,8197,non-mge
4670,2697155,2697434,280,non-cds,non-cds,contig_1,.,2836,2773,2826.83928571429,18.4982579686592,2836,2831.25,2836,0.59935997251929,0,0.010553101711522,0.0567967261245472,0,0,0,2605,non-mge
4671,2697435,2697647,213,YozE SAM-like domain-containing protein,PANCAC_02699,contig_1,-,2836,2833,2835.59624413146,0.786912390250669,2836,2835,2836,0.271134124503078,0,0.00336928974103039,0.0249705857647342,0,0,0,485,non-mge
4672,2697648,2697924,277,non-cds,non-cds,contig_1,.,2836,2831,2834.90613718412,1.65016420657114,2836,2834,2836,1.0219030623234,0,0.0134929786908936,0.082842745292958,0,0,0,3785,non-mge
4673,2697925,2699634,1710,choline dehydrogenase,PANCAC_02700,contig_1,-,2836,2831,2835.84152046784,0.6317390557133,2836,2836,2836,0.913576386832833,0,0.00846135974119194,0.0566238632174842,0,0,0,14848,non-mge
4674,2699635,2699894,260,non-cds,non-cds,contig_1,.,2836,2835,2835.86538461538,0.341970564440665,2836,2836,2836,0.603261888462766,0,0.00860427107714954,0.053344419936633,0,0,0,2044,non-mge
4675,2699895,2701385,1491,betaine-aldehyde dehydrogenase,PANCAC_02701,contig_1,-,2836,2834,2835.94433266264,0.321885813885542,2836,2836,2836,0.692466051517692,0,0.00800870717370915,0.0563637743589558,0,0,0,13362,non-mge
4676,2701386,2701637,252,non-cds,non-cds,contig_1,.,2836,2833,2834.60714285714,1.08247014046972,2834.5,2834,2836,0.472889028621784,0,0.00553231404474882,0.0421666282807656,0,0,0,1201,non-mge
4677,2701638,2702201,564,choline uptake/conversion transcriptional regulator CudC,PANCAC_02702,contig_1,+,2836,2836,2836,0,2836,2836,2836,0.693147180559945,0,0.0100609705585511,0.067700327980947,0,0,0,7912,non-mge
4678,2702202,2702388,187,non-cds,non-cds,contig_1,.,2836,998,2290.01604278075,812.697522564272,2833,1000,2836,0.542198332432199,0,0.00666627079110886,0.0487286893544207,0,0,0,722,141
4679,2702389,2703075,687,Metallo-beta-lactamase domain-containing protein,PANCAC_02703,contig_1,-,1001,997,999.244541484716,0.990418404507852,999,999,1000,0.545491308542121,0,0.00618607620511571,0.0536616056202257,0,0,0,1651,141
4680,2703076,2703338,263,non-cds,non-cds,contig_1,.,2836,995,1027.38022813688,218.899799109843,996,995,996,0.596896781263902,0,0.00285413030809138,0.0371475775741565,0,0,0,309,141
4681,2703339,2704961,1623,BCCT family transporter,PANCAC_02704,contig_1,-,2836,2835,2835.97350585336,0.160649022155758,2836,2836,2836,0.692793183269758,0,0.00653206673611184,0.0533294965881211,0,0,0,14071,non-mge
4682,2704962,2705479,518,non-cds,non-cds,contig_1,.,2836,2826,2833.66795366795,2.40521999656824,2835,2833,2835,0.688060685823894,0,0.0149298378352914,0.0811757614871608,0,0,0,9746,non-mge
4683,2705480,2706016,537,anaerobic ribonucleoside-triphosphate reductase activating protein,PANCAC_02705,contig_1,-,2836,2833,2835.27560521415,1.03412883185234,2836,2834,2836,0.692509711106827,0,0.0122699209161025,0.0783267072115984,0,0,0,10687,non-mge
4684,2706013,2707863,1851,anaerobic ribonucleoside-triphosphate reductase,PANCAC_02706,contig_1,-,2836,2831,2835.72555375473,0.732482379605948,2836,2836,2836,0.686587447023785,0,0.00815327501559011,0.0619600344563937,0,0,0,21407,non-mge
4685,2707864,2708109,246,non-cds,non-cds,contig_1,.,2836,2804,2827.87804878049,10.7267244869074,2833,2826,2835,0.230862425674103,0,0.00257267753479664,0.0208324678456361,0,0,0,409,non-mge
4686,2708110,2709480,1371,Citrate transporter,PANCAC_02707,contig_1,-,2836,2834,2835.85120350109,0.38743543302266,2836,2836,2836,1.06535241095047,0,0.0105483856631156,0.0741444861627342,0,0,0,21297,non-mge
4687,2709481,2709972,492,non-cds,non-cds,contig_1,.,2836,2354,2453.47154471545,166.158174350573,2358,2357,2654,0.692735768174371,0,0.00905334295003925,0.0690237765133705,0,0,0,6634,non-mge
4688,2709973,2710578,606,NAD(P)-binding protein,PANCAC_02708,contig_1,-,2836,2835,2835.96369636964,0.187199103497947,2836,2836,2836,0.681906901136513,0,0.0110985499860853,0.0663519312639549,0,0,0,8581,non-mge
4689,2710579,2710640,62,non-cds,non-cds,contig_1,.,2836,2836,2836,0,2836,2836,2836,0.141966266478636,0,0.00242377164832493,0.0180433027191851,0,0,0,94,non-mge
4690,2710641,2712521,1881,assimilatory sulfite reductase (NADPH) flavoprotein subunit,PANCAC_02709,contig_1,-,2836,2834,2835.90005316321,0.353711321984227,2836,2836,2836,0.691402058653313,0,0.00640723985900719,0.0494745702710952,0,0,0,14834,non-mge
4691,2712522,2712915,394,non-cds,non-cds,contig_1,.,2836,2830,2834.74873096447,1.90894797072016,2836,2834,2836,0.690873730763785,0,0.013681386574558,0.0843490364540197,0,0,0,9340,non-mge
4692,2712916,2713413,498,Glutathione peroxidase,PANCAC_02710,contig_1,-,2836,2833,2835.36144578313,0.948301201668969,2836,2835,2836,0.683908779563912,0,0.00657708181427697,0.0534549225474119,0,0,0,6100,non-mge
4693,2713414,2714836,1423,non-cds,non-cds,contig_1,.,2836,2647,2824.69430780042,30.0354926460393,2834,2829,2836,0.84689683290806,0,0.0112895030492792,0.0709272862738929,0,0,0,19896,non-mge
4694,2714837,2716837,2001,Similar to ABC transporter (ATP-binding protein),PANCAC_02711,contig_1,-,2836,2827,2834.80659670165,2.32380645961946,2836,2835,2836,0.692839536008972,0,0.0101110082629067,0.0664921329205499,0,0,0,23851,non-mge
4695,2716834,2717589,756,ABC transporter ATP-binding protein,PANCAC_02712,contig_1,-,2836,2835,2835.96560846561,0.182353343435248,2836,2836,2836,0.686335826362985,0,0.00878829008391557,0.0624627765368432,0,0,0,8210,non-mge
4696,2717590,2717696,107,non-cds,non-cds,contig_1,.,2836,2836,2836,0,2836,2836,2836,0.101181131554767,0,0.00129830844572009,0.0100306847161262,0,0,0,74,non-mge
4697,2717697,2718584,888,nisin susceptibility-associated two-component system sensor histidine kinase NsaS,PANCAC_02713,contig_1,-,2836,2830,2835.28490990991,1.58164421205296,2836,2836,2836,0.994406266860627,0,0.00855699630202524,0.0680291265446319,0,0,0,12228,non-mge
4698,2718585,2718594,10,non-cds,non-cds,contig_1,.,2834,2834,2834,0,2834,2834,2834,0.256098760070632,0,0.0256098760070632,0.0809855387768181,0,0,0,201,non-mge
4699,2718595,2719260,666,nisin susceptibility-associated two-component system response regulator NsaR,PANCAC_02714,contig_1,-,2836,2833,2835.37237237237,0.88568536959366,2836,2835,2836,0.682121804996019,0,0.00625110788553718,0.0530453317844222,0,0,0,6851,non-mge
4700,2719261,2719285,25,non-cds,non-cds,contig_1,.,2836,2836,2836,0,2836,2836,2836,0,0,0,0,0,0,0,0,non-mge
4701,2719286,2719486,201,hypothetical protein,PANCAC_02715,contig_1,-,2836,2831,2834.85572139303,1.8177127391285,2836,2835,2836,0.559110557090515,0,0.0159752771097403,0.0764415866890459,0,0,0,3129,non-mge
4702,2719487,2719683,197,non-cds,non-cds,contig_1,.,2836,2819,2829.62436548223,4.8214037278118,2831,2827,2834,0.366191395611554,0,0.00367758529304097,0.0309827522374101,0,0,0,563,non-mge
4703,2719684,2721108,1425,Alkaline phosphatase 3,PANCAC_02716,contig_1,+,2836,2835,2835.94736842105,0.223375269312142,2836,2836,2836,0.693147180559945,0,0.00859132733540344,0.0589309741862837,0,0,0,15051,non-mge
4704,2721109,2721167,59,non-cds,non-cds,contig_1,.,2836,2836,2836,0,2836,2836,2836,0.645353845231042,0,0.0171149300144266,0.0915971614333238,0,0,0,1255,non-mge
4705,2721168,2721272,105,SE2200 family small protein,PANCAC_02718,contig_1,-,2836,2835,2835.79047619048,0.408920673500518,2836,2836,2836,0.444018141928078,0,0.00451381998802892,0.0433361422701816,0,0,0,472,non-mge
4706,2721273,2721390,118,non-cds,non-cds,contig_1,.,2836,2836,2836,0,2836,2836,2836,0.295850841631067,0,0.00476039352116176,0.0347688323334067,0,0,0,438,non-mge
4707,2721391,2721846,456,HTH marR-type domain-containing protein,PANCAC_02719,contig_1,-,2836,2835,2835.75438596491,0.430923434901884,2836,2836,2836,0.64873276172178,0,0.00515228994022685,0.0449421261432019,0,0,0,4538,non-mge
4708,2721847,2722090,244,non-cds,non-cds,contig_1,.,2836,2835,2835.8237704918,0.38179849007941,2836,2836,2836,0.651210607822297,0,0.00743815654448889,0.058710216188936,0,0,0,2109,non-mge
4709,2722091,2722852,762,S-formylglutathione hydrolase,PANCAC_02720,contig_1,-,2836,2831,2834.94750656168,1.31597895412877,2835,2835,2836,0.689282223527896,0,0.00889181282643939,0.0606915798640327,0,0,0,10367,non-mge
4710,2722853,2722967,115,non-cds,non-cds,contig_1,.,2836,2834,2834.81739130435,0.987488473800396,2834,2834,2836,0.693147180559945,0,0.0102324949492085,0.0703172812831125,0,0,0,1777,non-mge
4711,2722968,2725601,2634,Clumping factor B%2C adhesin,PANCAC_02721,contig_1,-,2836,83,2241.85573272589,1057.21243998094,2835,2359.5,2836,0.690108135752215,0,0.00723165743169783,0.0583651352122872,0,0,0,26235,142
4712,2725602,2725950,349,non-cds,non-cds,contig_1,.,2836,2788,2825.66475644699,12.4307017612329,2830,2822,2835,0.530080659902946,0,0.00575838971203808,0.0389924630388031,0,0,0,1597,non-mge
4713,2725951,2726655,705,HTH-type transcriptional regulator ArcR,PANCAC_02722,contig_1,-,2836,2829,2834.90780141844,1.80553406391679,2836,2834,2836,0.68969501268573,0,0.00766423058573845,0.0582600761554117,0,0,0,7985,non-mge
4714,2726656,2726753,98,non-cds,non-cds,contig_1,.,2836,2836,2836,0,2836,2836,2836,0.0161014269921993,0,0.000378296305174104,0.00228980304126284,0,0,0,14,non-mge
4715,2726754,2727695,942,carbamate kinase,PANCAC_02723,contig_1,-,2836,2832,2835.84607218684,0.727974835701596,2836,2836,2836,0.662102353791173,0,0.00524639122350329,0.0453327036101132,0,0,0,10166,non-mge
4716,2727696,2727711,16,non-cds,non-cds,contig_1,.,2836,2836,2836,0,2836,2836,2836,0.00315683274376661,0,0.000197302046485413,0.000789208185941653,0,0,0,1,non-mge
4717,2727712,2729142,1431,arginine-ornithine antiporter,PANCAC_02724,contig_1,-,2836,2832,2835.78127183788,0.672402063607335,2836,2836,2836,0.719632525086805,0,0.00803785523049237,0.0616736241306235,0,0,0,20406,non-mge
4718,2729143,2729232,90,non-cds,non-cds,contig_1,.,2836,2836,2836,0,2836,2836,2836,0.534169771976028,0,0.00894691281232378,0.0575940833929948,0,0,0,778,non-mge
4719,2729233,2730243,1011,ornithine carbamoyltransferase,PANCAC_02725,contig_1,-,2836,2830,2835.65084075173,1.23470715867536,2836,2836,2836,0.607824435836408,0,0.00730225385487974,0.0514745974511543,0,0,0,9372,non-mge
4720,2730244,2730275,32,non-cds,non-cds,contig_1,.,2836,2836,2836,0,2836,2836,2836,0.669177809370336,0,0.0214521352833467,0.118235916594636,0,0,0,1737,non-mge
4721,2730276,2731511,1236,arginine deiminase,PANCAC_02726,contig_1,-,2836,2834,2835.8001618123,0.541133887985916,2836,2836,2836,0.697155037994045,0,0.0088779999001797,0.0669613350378473,0,0,0,13828,non-mge
4722,2731512,2731857,346,non-cds,non-cds,contig_1,.,2836,2814,2828.6936416185,6.79631741962453,2830,2824,2835,0.664695177291282,0,0.0095970981541281,0.060352930279165,0,0,0,4099,non-mge
4723,2731858,2732307,450,Arginine repressor,PANCAC_02727,contig_1,-,2836,2833,2834.89333333333,0.627648065034222,2835,2835,2835,0.595313065960075,0,0.00603829785153214,0.0443642645243443,0,0,0,2454,non-mge
4724,2732308,2732673,366,non-cds,non-cds,contig_1,.,2836,2835,2835.71857923497,0.450307843567699,2836,2835,2836,0.530667280718606,0,0.00466317496532095,0.0369494858208356,0,0,0,1426,non-mge
4725,2732674,2734203,1530,zinc metalloproteinase aureolysin,PANCAC_02728,contig_1,-,2836,2833,2835.95751633987,0.329732795175418,2836,2836,2836,0.66949164291861,0,0.00578129602776277,0.0497961117996144,0,0,0,9662,non-mge
4726,2734204,2734626,423,non-cds,non-cds,contig_1,.,2833,1709,2236.2293144208,422.856694144929,2282,1725,2546,0.669580310444436,0,0.0122517661468919,0.0723281827545141,0,0,0,5119,143
4727,2734627,2735154,528,immunodominant staphylococcal antigen IsaB,PANCAC_02729,contig_1,-,1731,1723,1726.17803030303,2.67437951501864,1726,1723,1729,0.474546485432243,0,0.00436656851749375,0.0344005786245554,0,0,0,1123,143
4728,2735155,2735411,257,non-cds,non-cds,contig_1,.,1755,1679,1710.40856031128,18.8551324626698,1718,1707,1720,0.344464743243083,0,0.00282118857571102,0.0232777709240139,0,0,0,292,143
4729,2735412,2735870,459,Low-complexity protein,PANCAC_02730,contig_1,+,2825,1754,2002.9825708061,392.283055112947,1755,1754,2578,0.676666387516436,0,0.011241971826227,0.0714816944745488,0,0,0,3988,143
4730,2735871,2736109,239,non-cds,non-cds,contig_1,.,2835,2817,2827.89539748954,6.00083500395566,2825,2824,2834,0.692495273375693,0,0.012931847412023,0.0818435015573313,0,0,0,4372,non-mge
4731,2736110,2737984,1875,Activator of the mannose operon (Transcriptional antiterminator)%2C BglG family,PANCAC_02731,contig_1,+,2836,2832,2835.1344,0.868680472368085,2835,2835,2836,0.693067999783701,0,0.00981403066406687,0.0633628994067212,0,0,0,22809,non-mge
4732,2737985,2738060,76,non-cds,non-cds,contig_1,.,2835,2831,2833,1.28582010146573,2832,2832,2834,0.53086009761756,0,0.013862147734916,0.0728139077465186,0,0,0,1015,non-mge
4733,2738061,2740013,1953,Phosphotransferase system (PTS) mannose-specific enzyme IIBCA component,PANCAC_02732,contig_1,+,2836,2831,2835.39068100358,1.0169945260003,2836,2835,2836,1.06733256871806,0,0.00966167821800842,0.0679740986859544,0,0,0,24886,non-mge
4734,2740014,2740026,13,non-cds,non-cds,contig_1,.,2836,2836,2836,0,2836,2836,2836,0,0,0,0,0,0,0,0,non-mge
4735,2740027,2740965,939,mannose-6-phosphate isomerase%2C class I,PANCAC_02733,contig_1,+,2836,2835,2835.93290734824,0.250315713101003,2836,2836,2836,1.0399208893981,0,0.00928130754442034,0.0635967534242181,0,0,0,10000,non-mge
4736,2740966,2741076,111,non-cds,non-cds,contig_1,.,2836,2836,2836,0,2836,2836,2836,0.603803740026401,0,0.00697243876258279,0.0579090727301953,0,0,0,911,non-mge
4737,2741077,2744058,2982,Phage infection protein%2C putative,PANCAC_02734,contig_1,-,2836,2835,2835.96579476861,0.181786455667272,2836,2836,2836,0.692963257939902,0,0.0078666989880393,0.0594627018486381,0,0,0,31956,non-mge
4738,2744059,2744268,210,non-cds,non-cds,contig_1,.,2836,2835,2835.64761904762,0.478853342932224,2836,2835,2836,0.239317331774778,0,0.00182639485621388,0.0174614522261083,0,0,0,250,non-mge
4739,2744269,2746128,1860,amidase domain-containing protein,PANCAC_02735,contig_1,+,2836,2796,2833.85268817204,5.24830650004536,2835,2834,2836,0.69220390317577,0,0.00852864636686453,0.0592250470260131,0,0,0,18189,non-mge
4740,2746129,2746394,266,non-cds,non-cds,contig_1,.,2836,2827,2834.34210526316,1.59701185715596,2835,2835,2835,0.645207130731697,0,0.0126954319446997,0.0713227201489888,0,0,0,4451,non-mge
4741,2746395,2746955,561,Isochorismatase-like domain-containing protein,PANCAC_02736,contig_1,-,2836,2758,2813.16221033868,35.488384388899,2836,2758,2836,0.692272640317827,0,0.00450974781228841,0.0453321123579395,0,0,0,3096,non-mge
4742,2746956,2747122,167,non-cds,non-cds,contig_1,.,2836,2763,2831.11377245509,10.9254975137892,2834,2830,2835,0.522716341474178,0,0.0108167936087353,0.0634131084136436,0,0,0,1731,non-mge
4743,2747123,2749030,1908,cell-wall-anchored protein SasF,PANCAC_02737,contig_1,-,2836,2835,2835.97693920335,0.150135972190422,2836,2836,2836,0.692612267936502,0,0.0117219261970932,0.0698463772108899,0,0,0,30509,non-mge
4744,2749031,2749271,241,non-cds,non-cds,contig_1,.,2836,2819,2830.1867219917,5.80323096443318,2832,2825,2836,0.834476366907914,0,0.0152324004773764,0.08282988526147,0,0,0,3747,non-mge
4745,2749272,2750630,1359,accessory Sec system glycosylation chaperone GtfB,PANCAC_02738,contig_1,-,2836,2821,2835.13097866078,2.40958533186978,2836,2835,2836,0.693147180559945,0,0.0108167104878128,0.0713341239790946,0,0,0,22889,non-mge
4746,2750623,2752131,1509,accessory Sec system glycosyltransferase GtfA,PANCAC_02739,contig_1,-,2836,2826,2834.95162359178,1.89957913148954,2836,2835,2836,1.07271856766265,0,0.011676870268473,0.0828593724415767,0,0,0,29146,non-mge
4747,2752132,2752148,17,non-cds,non-cds,contig_1,.,2833,2832,2832.94117647059,0.242535625036333,2833,2833,2833,0.618129868351722,0,0.0373605824357364,0.14968503418511,0,0,0,880,non-mge
4748,2752149,2754539,2391,accessory Sec system translocase SecA2,PANCAC_02740,contig_1,-,2836,2823,2835.42158092848,1.78077206048909,2836,2836,2836,0.945807196954556,0,0.00772531322529682,0.0606170701100144,0,0,0,24286,non-mge
4749,2754529,2755488,960,accessory Sec system protein Asp3,PANCAC_02741,contig_1,-,2836,2834,2835.61875,0.488088032026293,2836,2835,2836,0.706017894062204,0,0.0125317506183864,0.0796039150586735,0,0,0,16071,non-mge
4750,2755466,2757037,1572,accessory Sec system protein Asp2,PANCAC_02742,contig_1,-,2835,2834,2834.86513994911,0.34168272440577,2835,2835,2835,0.693147180559945,0,0.00977859547637989,0.0688870590834766,0,0,0,21323,non-mge
4751,2757024,2758577,1554,accessory Sec system protein Asp1,PANCAC_02743,contig_1,-,2835,2834,2834.95431145431,0.208875986856929,2835,2835,2835,0.687735607727657,0,0.00754369616196933,0.0561192328206409,0,0,0,15296,non-mge
4752,2758578,2758587,10,non-cds,non-cds,contig_1,.,2835,2835,2835,0,2835,2835,2835,0,0,0,0,0,0,0,0,non-mge
4753,2758588,2759799,1212,accessory Sec system protein translocase subunit SecY2,PANCAC_02744,contig_1,-,2835,2826,2834.56353135314,1.38831625942202,2835,2835,2835,0.69314704402106,0,0.0090929119062127,0.0634340909905366,0,0,0,15669,non-mge
4754,2759800,2759928,129,non-cds,non-cds,contig_1,.,2835,2833,2834.3488372093,0.510072954198369,2834,2834,2835,0.660717622095282,0,0.00748988148111781,0.0619127396336531,0,0,0,1271,non-mge
4755,2759929,2766744,6816,Serine-rich adhesin for platelets,PANCAC_02745,contig_1,-,2835,2119,2627.46200117371,233.560912090167,2804,2369,2835,0.693147180559945,0,0.0098080044108911,0.0673509617528696,0,0,0,76033,non-mge
4756,2766745,2767288,544,non-cds,non-cds,contig_1,.,2836,1280,1767.97426470588,571.470710375552,1536,1405,1546,0.693147180559945,0,0.00567308000852169,0.0459393436886585,0,0,0,1881,144
4757,2767289,2767981,693,Flavin reductase like domain-containing protein,PANCAC_02746,contig_1,-,2836,2836,2836,0,2836,2836,2836,0.690284084655304,0,0.00605799724865028,0.0525654639007274,0,0,0,4953,non-mge
4758,2767982,2768246,265,non-cds,non-cds,contig_1,.,2836,1553,2705.62641509434,319.797023783543,2830,2789,2831,0.659321987093917,0,0.00381039411160545,0.0416954738734192,0,0,0,1236,non-mge
4759,2768247,2768675,429,Lipoprotein,PANCAC_02747,contig_1,+,2160,1838,2019.96037296037,152.099699274807,2158,1840,2159,0.643157956203584,0,0.0044800999983181,0.0422729463077028,0,0,0,1325,145
4760,2768662,2768964,303,Phage protein,PANCAC_02748,contig_1,+,2836,1893,2577.75577557756,421.112276511209,2836,1894,2836,0.692435431472365,0,0.0130373577515499,0.0804327186153363,0,0,0,4297,145
4761,2768965,2769117,153,non-cds,non-cds,contig_1,.,2836,2835,2835.67320261438,0.470582860306421,2836,2835,2836,0.278954711671772,0,0.00199118737230468,0.0225955217614245,0,0,0,237,non-mge
4762,2769118,2769477,360,DoxX family protein,PANCAC_02749,contig_1,+,2836,2835,2835.38333333333,0.486875090511361,2835,2835,2836,0.657902809281076,0,0.0100795112359294,0.0652612498979831,0,0,0,4653,non-mge
4763,2769478,2769561,84,non-cds,non-cds,contig_1,.,2835,2835,2835,0,2835,2835,2835,0.471383237004432,0,0.0057799967406829,0.0514253299399799,0,0,0,515,non-mge
4764,2769562,2770173,612,Flavin reductase like domain-containing protein,PANCAC_02750,contig_1,-,2835,2833,2834.81535947712,0.461506146153938,2835,2835,2835,0.658805163126941,0,0.0115059185261807,0.0715407986550909,0,0,0,8893,non-mge
4765,2770174,2770251,78,non-cds,non-cds,contig_1,.,2834,2833,2833.65384615385,0.478822231387317,2834,2833,2834,0.626153909938623,0,0.0271801170450736,0.115428713786465,0,0,0,3520,non-mge
4766,2770252,2770728,477,peptide-methionine (S)-S-oxide reductase,PANCAC_02751,contig_1,-,2835,2834,2834.87002096436,0.336633418399157,2835,2835,2835,0.687960888615404,0,0.0185705216527406,0.0967816923866702,0,0,0,12599,non-mge
4767,2770729,2770730,2,non-cds,non-cds,contig_1,.,2835,2835,2835,0,2835,2835,2835,0,0,0,0,0,0,0,0,non-mge
4768,2770731,2771231,501,N-acetyltransferase domain-containing protein,PANCAC_02752,contig_1,-,2835,2830,2834.61477045908,0.642885213086745,2835,2834,2835,0.68853943543491,0,0.00725367397307685,0.0520095068655309,0,0,0,4095,non-mge
4769,2771232,2771465,234,non-cds,non-cds,contig_1,.,2835,2825,2831.87179487179,3.41679382263715,2834,2828,2835,0.603673219157146,0,0.00778033324322083,0.0588351705302438,0,0,0,2032,non-mge
4770,2771466,2772233,768,Tyrosine-protein phosphatase,PANCAC_02753,contig_1,-,2835,2833,2834.69791666667,0.645833771431627,2835,2835,2835,0.687271416325767,0,0.00871298223176961,0.0696310650886345,0,0,0,10557,non-mge
4771,2772230,2772922,693,non-specific protein-tyrosine kinase,PANCAC_02754,contig_1,-,2835,2835,2835,0,2835,2835,2835,0.646323960061496,0,0.00681604924635907,0.0549566554013278,0,0,0,6005,non-mge
4772,2772923,2772938,16,non-cds,non-cds,contig_1,.,2835,2835,2835,0,2835,2835,2835,0.00582635575576123,0,0.000364147234735077,0.00145658893894031,0,0,0,2,non-mge
4773,2772939,2773601,663,Capsular polysaccharide biosynthesis protein CapA,PANCAC_02755,contig_1,-,2835,2834,2834.84917043741,0.358152872347346,2835,2835,2835,0.692652968719407,0,0.0119067302130408,0.0815207080073844,0,0,0,14562,non-mge
4774,2773602,2774449,848,non-cds,non-cds,contig_1,.,2835,2799,2829.32783018868,8.62198825520547,2833,2830,2834,0.689311708240587,0,0.0111081909801025,0.0662976759371758,0,0,0,10088,non-mge
4775,2774450,2775010,561,ica operon transcriptional regulator IcaR,PANCAC_02756,contig_1,-,2835,2821,2832.12834224599,5.21514952502541,2835,2833,2835,0.693147180559945,0,0.00730153045462239,0.05890354521923,0,0,0,5282,non-mge
4776,2775011,2775173,163,non-cds,non-cds,contig_1,.,2835,2835,2835,0,2835,2835,2835,0.683908779563912,0,0.0101968881555689,0.0715917923046355,0,0,0,2219,non-mge
4777,2775174,2776412,1239,N-acetylglucosaminyltransferase%2C involved in polysaccharide intercellular adhesin(PIA) synthesis,PANCAC_02757,contig_1,+,2835,2818,2833.73607748184,3.5254323325388,2835,2835,2835,0.670633806925513,0,0.00601104841623933,0.0514527920774598,0,0,0,9698,non-mge
4778,2776376,2776681,306,intercellular adhesion protein D%2C involved in polysaccharide intercellular adhesin(PIA) synthesis,PANCAC_02758,contig_1,+,2835,2834,2834.84967320261,0.357976862153021,2835,2835,2835,0.530324534488786,0,0.00655410876381953,0.0499798222634345,0,0,0,3569,non-mge
4779,2776678,2777550,873,N-deacetylase%2C involved in polysaccharide intercellular adhesin(PIA) synthesis,PANCAC_02759,contig_1,+,2835,2834,2834.95074455899,0.216524931390349,2835,2835,2835,0.685323479392006,0,0.00699329903506732,0.0518949124138864,0,0,0,7992,non-mge
4780,2777537,2778589,1053,polysaccharide intercellular adhesin biosynthesis/export protein IcaC,PANCAC_02760,contig_1,+,2835,2827,2832.19658119658,1.69552858955876,2832,2831,2834,0.832689806329575,0,0.00601650718582511,0.050649280019868,0,0,0,9904,non-mge
4781,2778590,2779035,446,non-cds,non-cds,contig_1,.,2834,2023,2684.47533632287,223.889374913873,2819.5,2660.25,2832,0.572205190556819,0,0.00530961432758619,0.0427315522049193,0,0,0,2130,non-mge
4782,2779036,2781081,2046,YSIRK domain-containing triacylglycerol lipase Lip1,PANCAC_02762,contig_1,-,2836,2834,2835.77859237537,0.496787895608387,2836,2836,2836,0.692816666289909,0,0.00837996596803453,0.0605048360475493,0,0,0,21313,non-mge
4783,2781082,2782170,1089,non-cds,non-cds,contig_1,.,2836,2820,2831.68411386593,4.18761909069907,2834,2827,2835,0.695245792614037,0,0.010048502179248,0.0663230038764447,0,0,0,13941,non-mge
4784,2782171,2783559,1389,bifunctional phosphoribosyl-AMP cyclohydrolase/phosphoribosyl-ATP diphosphatase HisIE,PANCAC_02763,contig_1,-,2836,2829,2834.72570194384,2.28175517036693,2836,2835,2836,0.806415411644201,0,0.0108562865805513,0.073761141472447,0,0,0,19599,non-mge
4785,2783556,2784260,705,1-(5-phosphoribosyl)-5-((5-phosphoribosylamino)methylideneamino)imidazole-4-carboxamide isomerase,PANCAC_02764,contig_1,-,2836,2832,2835.35602836879,0.85582635458022,2835,2835,2836,0.682379828465571,0,0.0118135874987563,0.073334245477899,0,0,0,9765,non-mge
4786,2784253,2784831,579,imidazole glycerol phosphate synthase subunit HisH,PANCAC_02765,contig_1,-,2836,2836,2836,0,2836,2836,2836,0.666425703170285,0,0.00698612859283955,0.0547089062222464,0,0,0,6590,non-mge
4787,2784828,2785406,579,imidazoleglycerol-phosphate dehydratase HisB,PANCAC_02766,contig_1,-,2836,2836,2836,0,2836,2836,2836,0.658023782463449,0,0.0101716904213005,0.0709171317823243,0,0,0,8611,non-mge
4788,2785375,2786388,1014,Putative pyridoxal phosphate-dependent acyltransferase,PANCAC_02767,contig_1,-,2836,2835,2835.80769230769,0.394307970897279,2836,2836,2836,0.671240007426252,0,0.0108813242350278,0.0683665716393055,0,0,0,12123,non-mge
4789,2786389,2786403,15,non-cds,non-cds,contig_1,.,2835,2835,2835,0,2835,2835,2835,0.621335113396134,0,0.0431969818267923,0.159994695774998,0,0,0.00157891107452715,896,non-mge
4790,2786404,2787654,1251,histidinol dehydrogenase,PANCAC_02768,contig_1,-,2836,2831,2835.63149480416,0.900275115602437,2836,2836,2836,0.685192892204506,0,0.00505609384145782,0.0484813560831736,0,0,0,9381,non-mge
4791,2787647,2788261,615,ATP phosphoribosyltransferase,PANCAC_02769,contig_1,-,2836,2835,2835.93008130081,0.255217528521759,2836,2836,2836,0.692060113841815,0,0.0105297203101479,0.0670622482034852,0,0,0,7522,non-mge
4792,2788262,2788278,17,non-cds,non-cds,contig_1,.,2836,2836,2836,0,2836,2836,2836,0,0,0,0,0,0,0,0,non-mge
4793,2788279,2789097,819,ATP phosphoribosyltransferase regulatory subunit,PANCAC_02770,contig_1,-,2836,2833,2835.50549450549,1.1137753121139,2836,2836,2836,0.64331286193097,0,0.0076084831057038,0.0513713434065537,0,0,0,7000,non-mge
4794,2789098,2789401,304,non-cds,non-cds,contig_1,.,2836,2834,2835.28947368421,0.661347548693786,2835,2835,2836,0.528898829951468,0,0.00968189015135954,0.0579451158063781,0,0,0,2677,non-mge
4795,2789402,2790526,1125,NodB-like y domain-containing protein,PANCAC_02771,contig_1,-,2836,2820,2834.568,2.78788175816495,2835,2835,2836,0.633277177916145,0,0.00663527063477682,0.0477527600016928,0,0,0,6985,non-mge
4796,2790527,2790643,117,non-cds,non-cds,contig_1,.,2835,2820,2829.25641025641,5.26234811584218,2831,2825,2834,0.510293526911404,0,0.0115165225837458,0.0540986129991391,0,0,0,1047,non-mge
4797,2790644,2791141,498,N-acetyltransferase domain-containing protein,PANCAC_02772,contig_1,-,2835,1915,2117.83333333333,379.715808075921,1918,1916,1919,0.679597671523374,0,0.00752901392050785,0.0578151749742652,0,0,0,3086,146
4798,2791142,2791187,46,non-cds,non-cds,contig_1,.,1918,1914,1915.76086956522,1.33640949493943,1915,1915,1917,0.0149835332907686,0,0.000504187943848925,0.00249533938716961,0,0,0,6,146
4799,2791188,2792021,834,Energy-coupling factor transporter transmembrane protein EcfT,PANCAC_02773,contig_1,-,1923,1916,1919.76618705036,1.87848323108937,1920,1918,1922,0.687874252045972,0,0.00714940540172222,0.0569226198242502,0,0,0,4797,146
4800,2792018,2793730,1713,energy-coupling factor transporter ATPase,PANCAC_02774,contig_1,-,1924,1905,1918.5960303561,2.96833493226523,1918,1917,1920,0.693116757817684,0,0.00770682176330971,0.0585643465974606,0,0,0,11898,146
4801,2793731,2793782,52,non-cds,non-cds,contig_1,.,1920,1917,1918.42307692308,0.848208119257686,1918,1918,1919,0.574071022439447,0,0.0110398273546048,0.0796093271985948,0,0,0,1419,146
4802,2793783,2794337,555,ECF-type riboflavin transporter substrate-binding protein,PANCAC_02775,contig_1,-,1922,1916,1919.81981981982,1.78034900139115,1921,1919,1921,0.693147180559945,0,0.0128267605226512,0.0857963530216483,0,0,0,9787,146
4803,2794338,2794365,28,non-cds,non-cds,contig_1,.,1917,1916,1916.92857142857,0.262265264156481,1917,1917,1917,0,0,0,0,0,0,0,0,146
4804,2794366,2795214,849,DNA-directed RNA polymerase subunit delta,PANCAC_02776,contig_1,-,1925,1916,1920.47114252061,2.70471788011834,1920,1918,1923,0.693147180559945,0,0.00708869378049442,0.0578010893659739,0,0,0,5505,146
4805,2795215,2795593,379,non-cds,non-cds,contig_1,.,2836,1915,2386.43007915567,459.692008973416,2827,1916,2836,0.586863276331692,0,0.00511739750607166,0.0380567288786639,0,0,0,1315,146
4806,2795594,2796109,516,UPF0312 protein SAOUHSC_03022,PANCAC_02777,contig_1,+,2836,2835,2835.8507751938,0.356655690271268,2836,2836,2836,0.687156884732273,0,0.00839317001267883,0.0668847673612599,0,0,0,6237,non-mge
4807,2796110,2796257,148,non-cds,non-cds,contig_1,.,2836,2420,2706.48648648649,181.779618626829,2803,2421,2835,0.538458175498471,0,0.00917012849941569,0.0655697673592324,0,0,0,1463,non-mge
4808,2796258,2797232,975,Lactonase drp35,PANCAC_02778,contig_1,-,2836,2835,2835.93948717949,0.238556885604129,2836,2836,2836,0.69102391417742,0,0.0105962996469548,0.069391224089737,0,0,0,12112,non-mge
4809,2797233,2797472,240,non-cds,non-cds,contig_1,.,2836,2836,2836,0,2836,2836,2836,0.693147180559945,0,0.00761443405613063,0.0611201016787635,0,0,0,2551,non-mge
4810,2797473,2798429,957,rhodanese-related sulfurtransferase,PANCAC_02779,contig_1,+,2836,2834,2835.92163009404,0.373161121848313,2836,2836,2836,0.688293844936743,0,0.00645498573440653,0.0526868516512863,0,0,0,8466,non-mge
4811,2798430,2798580,151,non-cds,non-cds,contig_1,.,2836,2836,2836,0,2836,2836,2836,0.660464985979504,0,0.0120892475630572,0.0729704596730394,0,0,0,2110,non-mge
4812,2798581,2799219,639,pyroglutamyl-peptidase I,PANCAC_02780,contig_1,+,2836,2832,2835.55868544601,0.805106445360809,2836,2835,2836,0.693147180559945,0,0.0119832259677811,0.074888466750096,0,0,0,9379,non-mge
4813,2799220,2799337,118,non-cds,non-cds,contig_1,.,2835,1675,1836.98305084746,362.394458153011,1677,1676,1677,0.388812057426179,0,0.0045223093639113,0.0372364983597012,0,0,0,420,147
4814,2799338,2800105,768,DUF1129 domain-containing protein,PANCAC_02781,contig_1,-,1686,1674,1680.18880208333,3.58717542184128,1679,1678,1684,0.693147180559945,0,0.00836144134354032,0.0671805852317331,0,0,0,6374,147
4815,2800095,2800433,339,Transcription regulator PadR N-terminal domain-containing protein,PANCAC_02782,contig_1,-,1687,1675,1680.96755162242,4.00836516861799,1681,1677,1685,0.765344883419879,0,0.0158892480141148,0.0948641414807746,0,0,0,4361,147
4816,2800434,2800599,166,non-cds,non-cds,contig_1,.,2653,1674,2151.72891566265,490.586345541276,1675,1674,2653,0.692972162866578,0,0.00692264998444156,0.0601324686583813,0,0,0,1609,147
4817,2800600,2801064,465,bacillithiol transferase BstA,PANCAC_02783,contig_1,+,2654,2652,2653.41720430108,0.668023276733171,2654,2653,2654,0.692789854495627,0,0.0160999561059952,0.092858269305285,0,0,0,11675,non-mge
4818,2801065,2801301,237,non-cds,non-cds,contig_1,.,2836,1598,2777.60759493671,112.959166657262,2834,2654,2835,0.68123284976042,0,0.00884294127171574,0.0594865801950471,0,0,0,2307,non-mge
4819,2801302,2802720,1419,2-oxoglutarate/malate translocator-like proteinue,PANCAC_02784,contig_1,+,2836,2835,2835.92107117689,0.269722695986074,2836,2836,2836,0.870438109265323,0,0.0110611843293979,0.0714367966528677,0,0,0,19429,non-mge
4820,2802721,2803132,412,non-cds,non-cds,contig_1,.,2836,1966,2775.22572815534,210.387511813809,2830,2829,2831,0.644319703769367,0,0.00945662800199864,0.0645497647270164,0,0,0,4113,non-mge
4821,2803133,2804041,909,EamA family transporter RarD,PANCAC_02785,contig_1,-,2836,2831,2835.15511551155,1.43628586453394,2836,2835,2836,0.671630070483828,0,0.00930690410152789,0.0604481156694095,0,0,0,8869,non-mge
4822,2804042,2804265,224,non-cds,non-cds,contig_1,.,2836,2835,2835.54464285714,0.499118377129327,2836,2835,2836,0.617095373624389,0,0.00702095513045911,0.0567044011500454,0,0,0,1774,non-mge
4823,2804266,2804841,576,DNA-binding protein,PANCAC_02786,contig_1,+,2836,2832,2835.21180555556,1.08920371570222,2836,2835,2836,0.527761570357158,0,0.00559609336814407,0.03867262130099,0,0,0,4458,non-mge
4824,2804842,2805005,164,non-cds,non-cds,contig_1,.,2836,2815,2829.09146341463,7.52404246553627,2833,2819,2835,0.52053682755132,0,0.00844435615814963,0.0564034736880321,0,0,0,1328,non-mge
4825,2805006,2806022,1017,Nickel transporter NixA,PANCAC_02787,contig_1,+,2836,2830,2835.45427728614,1.06857579337468,2836,2835,2836,0.689571145615094,0,0.00815010807512456,0.060618290303904,0,0,0,11344,non-mge
4826,2806023,2806264,242,non-cds,non-cds,contig_1,.,2834,2830,2831.02479338843,1.54577625515255,2830,2830,2832,0.403958586970703,0,0.0068579648037144,0.0406939718883726,0,0,0,1276,non-mge
4827,2806265,2807059,795,Arylamine N-acetyltransferase,PANCAC_02788,contig_1,+,2833,2831,2832.90691823899,0.315653633320817,2833,2833,2833,0.626689408274102,0,0.0048715991263786,0.0408951726943676,0,0,0,3674,non-mge
4828,2807060,2807192,133,non-cds,non-cds,contig_1,.,2836,1605,2748.0977443609,306.130316493959,2835,2832,2836,0.144518276332682,0,0.00123437043693455,0.0125651765609532,0,0,0,100,non-mge
4829,2807193,2807705,513,HdeD family acid-resistance protein,PANCAC_02789,contig_1,-,2836,2832,2834.51461988304,1.88235035867583,2836,2832,2836,0.659440104753026,0,0.00338920320229097,0.0409579439373622,0,0,0,2182,non-mge
4830,2807706,2807987,282,non-cds,non-cds,contig_1,.,2836,1544,2213.17021276596,646.156376933015,2835,1545,2836,0.689252655531651,0,0.0105945351989717,0.0700508835900014,0,0,0,3016,148
4831,2807988,2808746,759,peptide resistance ABC transporter ATP-binding subunit VraD,PANCAC_02790,contig_1,+,2836,2835,2835.94334650856,0.231331752626858,2836,2836,2836,0.770332963739986,0,0.00775298787317315,0.0648359538081297,0,0,0,9494,non-mge
4832,2808736,2810616,1881,peptide resistance ABC transporter permease subunit VraE,PANCAC_02791,contig_1,+,2836,2829,2835.40563530037,1.48923446452454,2836,2836,2836,0.686678739972627,0,0.00779788983249563,0.0593779805067495,0,0,0,18502,non-mge
4833,2810617,2810708,92,non-cds,non-cds,contig_1,.,2829,2747,2808.95652173913,31.4121531193411,2827,2801,2828,0.12497122526073,0,0.00135838288326881,0.0130291509046179,0,0,0,77,non-mge
4834,2810709,2810900,192,peptide resistance ABC transporter activity modulator VraH,PANCAC_02792,contig_1,+,2805,2738,2761.21354166667,13.2262322225393,2761,2759,2769,0.401614050767922,0,0.00239562189086212,0.0290820616098212,0,0,0,405,non-mge
4835,2810901,2810911,11,non-cds,non-cds,contig_1,.,1975,1224,1292.90909090909,226.224425978034,1225,1224.5,1225,0.390907716216401,0,0.0379519936918038,0.117333118942118,0,0,0,167,149
4836,2810912,2811448,537,IS30 family transposase,PANCAC_02793,contig_1,+,1508,1222,1476.60148975791,69.0640887580907,1496,1489,1503,0.467288310194374,0,0.007332592661951,0.0472244614397158,0,0,0,1745,149
4837,2811449,2811507,59,non-cds,non-cds,contig_1,.,1491,1143,1204.83050847458,62.5881867619664,1173,1173,1198.5,0.334039470226717,0,0.00693934038647168,0.0442330775955571,0,0,0,138,149
4838,2811508,2812005,498,Phage tail protein,PANCAC_02794,contig_1,-,1180,1173,1177.50602409639,1.73174986676132,1178,1177,1179,0.678297226310361,0,0.00585392996546644,0.052890362081132,0,0,0,1467,149
4839,2812006,2812462,457,non-cds,non-cds,contig_1,.,2570,1177,1479.22975929978,265.18349686053,1485,1475,1494,0.503147538137366,0,0.00513325435295032,0.0447504254565871,0,0,0,1154,149
4840,2812463,2812654,192,peptide resistance ABC transporter activity modulator VraH,PANCAC_02795,contig_1,+,2371,2285,2311,25.0281516889152,2298,2293,2321,0.205468668446787,0,0.00167081769462233,0.0163059757285231,0,0,0,171,non-mge
4841,2812655,2813046,392,non-cds,non-cds,contig_1,.,2836,2369,2643.09948979592,215.851381095805,2835,2402,2836,0.66246037606976,0,0.00852309770093795,0.0659473273235783,0,0,0,3867,non-mge
4842,2813047,2813247,201,Cold shock protein CspA,PANCAC_02796,contig_1,+,2836,2835,2835.8855721393,0.319125047622246,2836,2836,2836,0.0129444149479594,0,0.000301883258498718,0.00161871660153861,0,0,0,22,non-mge
4843,2813248,2813373,126,non-cds,non-cds,contig_1,.,2836,2793,2825.61111111111,17.217652440317,2836,2831,2836,0.498504391326433,0,0.00667046234178806,0.0516659946622781,0,0,0,2538,non-mge
4844,2813374,2813943,570,Transcriptional regulator,PANCAC_02797,contig_1,-,2836,2835,2835.96666666667,0.179663162019264,2836,2836,2836,0.864623945627325,0,0.011771582447699,0.077138609017827,0,0,0,8694,non-mge
4845,2813944,2814202,259,non-cds,non-cds,contig_1,.,2836,2564,2714.30888030888,135.36000361905,2836,2564,2836,0.911733823387573,0,0.016516647452391,0.0928687745966996,0,0,0,4996,non-mge
4846,2814203,2814598,396,DUF3147 domain-containing protein,PANCAC_02798,contig_1,-,2836,2835,2835.66414141414,0.472887194729097,2836,2835,2836,0.691447035646121,0,0.00831669698760466,0.061013314198594,0,0,0,4119,non-mge
4847,2814599,2814665,67,non-cds,non-cds,contig_1,.,2836,2835,2835.20895522388,0.409630781012122,2835,2835,2835,0.529882786074831,0,0.018570742334151,0.0877059865604816,0,0,0,1279,non-mge
4848,2814666,2815019,354,Permease,PANCAC_02799,contig_1,-,2836,2835,2835.75423728814,0.431147898182367,2836,2836,2836,0.685731021845731,0,0.00814995837657431,0.0623435952015309,0,0,0,4159,non-mge
4849,2815020,2815472,453,non-cds,non-cds,contig_1,.,2836,2676,2799.02428256071,44.8132489913298,2823,2749,2836,0.384703400229221,0,0.00181478762029951,0.0212547444854955,0,0,0,622,non-mge
4850,2815473,2816312,840,nucleoid occlusion protein,PANCAC_02800,contig_1,-,2836,2834,2835.89166666667,0.37365837345846,2836,2836,2836,0.692339254982791,0,0.00603278610783432,0.0547572086347658,0,0,0,7944,non-mge
4851,2816313,2816354,42,non-cds,non-cds,contig_1,.,2836,2836,2836,0,2836,2836,2836,0.0348467064766135,0,0.00133780825200155,0.00577388679657464,0,0,0,24,non-mge
4852,2816355,2817074,720,16S rRNA (guanine(527)-N(7))-methyltransferase RsmG,PANCAC_02801,contig_1,-,2836,2835,2835.99861111111,0.0372677996249965,2836,2836,2836,0.68857787189062,0,0.00671123648423077,0.0554829501830459,0,0,0,7176,non-mge
4853,2817074,2818951,1878,tRNA uridine-5-carboxymethylaminomethyl(34) synthesis enzyme MnmG,PANCAC_02802,contig_1,-,2836,2835,2835.94462193823,0.228777624981419,2836,2836,2836,0.813748559773165,0,0.00631546074759212,0.0513495376605558,0,0,0,15855,non-mge
4854,2818952,2819017,66,non-cds,non-cds,contig_1,.,2836,2836,2836,0,2836,2836,2836,0.528898829951468,0,0.0142063999916142,0.078593168830022,0,0,0,985,non-mge
4855,2819018,2820397,1380,tRNA uridine-5-carboxymethylaminomethyl(34) synthesis GTPase MnmE,PANCAC_02803,contig_1,-,2836,2835,2835.96884057971,0.173811398973159,2836,2836,2836,0.685681474080454,0,0.00777371971029509,0.0580179017115989,0,0,0,12301,non-mge
4856,2820398,2820535,138,non-cds,non-cds,contig_1,.,2836,2836,2836,0,2836,2836,2836,0.534604373044455,0,0.0204320560693732,0.0847412072904232,0,0,0,2638,non-mge
4857,2820536,2820883,348,ribonuclease P protein component,PANCAC_02804,contig_1,-,2836,2835,2835.65229885057,0.47692628046854,2836,2835,2836,0.339960156520634,0,0.00344289268649578,0.0269162193719619,0,0,0,856,non-mge
4858,2820884,2821009,126,non-cds,non-cds,contig_1,.,2836,2835,2835.52380952381,0.501426536422407,2836,2835,2836,0.0172957483258034,0,0.000349694820034739,0.00184740774524849,0,0,0,16,non-mge
4859,2821010,2821147,138,50S ribosomal protein L34,PANCAC_02805,contig_1,-,2836,2836,2836,0,2836,2836,2836,0.0649712197700272,0,0.000679163668618939,0.0056345475384098,0,0,0,44,non-mge
4860,2821148,2821361,214,non-cds,non-cds,contig_1,.,2836,2832,2834.13551401869,0.966747835651483,2834,2834,2835,0.563109808513938,0,0.00354419285258749,0.0397390377632572,0,0,0,2238,non-mge
